プレハブ名,形状,セル数,検証数,画像ずれ,画像エラー,最小一致率,詳細
DailyStage001,Square,63,0,なし,なし,100.0 %,"Texture取得失敗/読取不可: 63セル "
DailyStage002,Hex,63,0,なし,なし,100.0 %,"Texture取得失敗/読取不可: 63セル "
DailyStage003,Square,63,0,なし,なし,100.0 %,"Texture取得失敗/読取不可: 63セル "
DailyStage004,Hex,63,0,なし,なし,100.0 %,"Texture取得失敗/読取不可: 63セル "
DailyStage005,Square,63,0,なし,なし,100.0 %,"Texture取得失敗/読取不可: 63セル "
DailyStage006,Hex,63,0,なし,なし,100.0 %,"Texture取得失敗/読取不可: 63セル "
DailyStage007,Square,63,0,なし,なし,100.0 %,"Texture取得失敗/読取不可: 63セル "
DailyStage008,Hex,63,0,なし,なし,100.0 %,"Texture取得失敗/読取不可: 63セル "
DailyStage009,Square,63,0,なし,なし,100.0 %,"Texture取得失敗/読取不可: 63セル "
DailyStage010,Hex,63,0,なし,なし,100.0 %,"Texture取得失敗/読取不可: 63セル "
DailyStage011,Square,63,0,なし,なし,100.0 %,"Texture取得失敗/読取不可: 63セル "
DailyStage012,Hex,63,0,なし,なし,100.0 %,"Texture取得失敗/読取不可: 63セル "
DailyStage013,Square,63,0,なし,なし,100.0 %,"Texture取得失敗/読取不可: 63セル "
DailyStage014,Hex,63,0,なし,なし,100.0 %,"Texture取得失敗/読取不可: 63セル "
DailyStage015,Square,63,0,なし,なし,100.0 %,"Texture取得失敗/読取不可: 63セル "
DailyStage016,Hex,63,0,なし,なし,100.0 %,"Texture取得失敗/読取不可: 63セル "
DailyStage017,Square,63,0,なし,なし,100.0 %,"Texture取得失敗/読取不可: 63セル "
DailyStage018,Hex,63,0,なし,なし,100.0 %,"Texture取得失敗/読取不可: 63セル "
DailyStage019,Square,63,0,なし,なし,100.0 %,"Texture取得失敗/読取不可: 63セル "
DailyStage020,Hex,63,0,なし,なし,100.0 %,"Texture取得失敗/読取不可: 63セル "
DailyStage021,Square,63,0,なし,なし,100.0 %,"Texture取得失敗/読取不可: 63セル "
DailyStage022,Hex,63,0,なし,なし,100.0 %,"Texture取得失敗/読取不可: 63セル "
DailyStage023,Square,63,0,なし,なし,100.0 %,"Texture取得失敗/読取不可: 63セル "
DailyStage024,Hex,63,0,なし,なし,100.0 %,"Texture取得失敗/読取不可: 63セル "
DailyStage025,Square,63,0,なし,なし,100.0 %,"Texture取得失敗/読取不可: 63セル "
DailyStage026,Hex,63,0,なし,なし,100.0 %,"Texture取得失敗/読取不可: 63セル "
DailyStage027,Square,63,0,なし,なし,100.0 %,"Texture取得失敗/読取不可: 63セル "
DailyStage028,Hex,63,0,なし,なし,100.0 %,"Texture取得失敗/読取不可: 63セル "
DailyStage029,Square,63,0,なし,なし,100.0 %,"Texture取得失敗/読取不可: 63セル "
DailyStage030,Hex,63,0,なし,なし,100.0 %,"Texture取得失敗/読取不可: 63セル "
DailyStage031,Hex,63,0,なし,なし,100.0 %,"Texture取得失敗/読取不可: 63セル "
Stage001,Square,12,0,なし,なし,100.0 %,"Texture取得失敗/読取不可: 12セル "
Stage002,Square,12,0,なし,なし,100.0 %,"Texture取得失敗/読取不可: 12セル "
Stage003,Square,20,0,なし,なし,100.0 %,"Texture取得失敗/読取不可: 20セル "
Stage004,Triangle,12,0,なし,なし,100.0 %,"AddressableImageLoaderなし: 12セル "
Stage005,Triangle,12,0,なし,なし,100.0 %,"Texture取得失敗/読取不可: 12セル "
Stage006,Triangle,20,0,なし,なし,100.0 %,"Texture取得失敗/読取不可: 20セル "
Stage007,Hex,12,0,なし,なし,100.0 %,"AddressableImageLoaderなし: 12セル "
Stage008,Hex,12,0,なし,なし,100.0 %,"Texture取得失敗/読取不可: 12セル "
Stage009,Hex,20,0,なし,なし,100.0 %,"Texture取得失敗/読取不可: 20セル "
Stage010,Square,20,0,なし,なし,100.0 %,"Texture取得失敗/読取不可: 20セル "
Stage011,Square,20,0,なし,なし,100.0 %,"Texture取得失敗/読取不可: 20セル "
Stage012,Square,35,0,なし,なし,100.0 %,"Texture取得失敗/読取不可: 35セル "
Stage013,Triangle,20,0,なし,なし,100.0 %,"Texture取得失敗/読取不可: 20セル "
Stage014,Triangle,20,0,なし,なし,100.0 %,"Texture取得失敗/読取不可: 20セル "
Stage015,Triangle,36,0,なし,なし,100.0 %,"Texture取得失敗/読取不可: 36セル "
Stage016,Hex,20,0,なし,なし,100.0 %,"Texture取得失敗/読取不可: 20セル "
Stage017,Hex,20,0,なし,なし,100.0 %,"Texture取得失敗/読取不可: 20セル "
Stage018,Hex,35,0,なし,なし,100.0 %,"Texture取得失敗/読取不可: 35セル "
Stage019,Square,20,0,なし,なし,100.0 %,"Texture取得失敗/読取不可: 20セル "
Stage020,Square,35,0,なし,なし,100.0 %,"Texture取得失敗/読取不可: 35セル "
Stage021,Square,48,0,なし,なし,100.0 %,"Texture取得失敗/読取不可: 48セル "
Stage022,Triangle,20,0,なし,なし,100.0 %,"Texture取得失敗/読取不可: 20セル "
Stage023,Triangle,36,0,なし,なし,100.0 %,"Texture取得失敗/読取不可: 36セル "
Stage024,Triangle,49,0,なし,なし,100.0 %,"Texture取得失敗/読取不可: 49セル "
Stage025,Hex,20,0,なし,なし,100.0 %,"Texture取得失敗/読取不可: 20セル "
Stage026,Hex,35,0,なし,なし,100.0 %,"Texture取得失敗/読取不可: 35セル "
Stage027,Hex,48,0,なし,なし,100.0 %,"Texture取得失敗/読取不可: 48セル "
Stage028,Square,20,0,なし,なし,100.0 %,"Texture取得失敗/読取不可: 20セル "
Stage029,Square,35,0,なし,なし,100.0 %,"Texture取得失敗/読取不可: 35セル "
Stage030,Square,56,0,なし,なし,100.0 %,"Texture取得失敗/読取不可: 56セル "
Stage031,Triangle,36,0,なし,なし,100.0 %,"Texture取得失敗/読取不可: 36セル "
Stage032,Triangle,36,0,なし,なし,100.0 %,"Texture取得失敗/読取不可: 36セル "
Stage033,Triangle,56,0,なし,なし,100.0 %,"Texture取得失敗/読取不可: 56セル "
Stage034,Hex,20,20,あり,なし,0.0 %,"Cell(0,0): 一致率0.0 % Cell(1,0): 一致率0.0 % Cell(2,0): 一致率0.0 % Cell(3,0): 一致率0.0 % Cell(0,1): 一致率0.0 % Cell(1,1): 一致率0.0 % Cell(2,1): 一致率0.0 % Cell(3,1): 一致率0.0 % Cell(0,2): 一致率0.0 % Cell(1,2): 一致率0.0 % Cell(2,2): 一致率0.0 % Cell(3,2): 一致率0.0 % Cell(0,3): 一致率0.0 % Cell(1,3): 一致率0.0 % Cell(2,3): 一致率0.0 % Cell(3,3): 一致率0.0 % Cell(0,4): 一致率0.0 % Cell(1,4): 一致率0.0 % Cell(2,4): 一致率0.0 % Cell(3,4): 一致率0.0 % "
Stage035,Hex,35,35,あり,なし,0.0 %,"Cell(0,0): 一致率0.0 % Cell(1,0): 一致率0.0 % Cell(2,0): 一致率0.0 % Cell(3,0): 一致率0.0 % Cell(4,0): 一致率0.0 % Cell(0,1): 一致率0.0 % Cell(1,1): 一致率0.0 % Cell(2,1): 一致率0.0 % Cell(3,1): 一致率0.0 % Cell(4,1): 一致率0.0 % Cell(0,2): 一致率0.0 % Cell(1,2): 一致率0.0 % Cell(2,2): 一致率0.0 % Cell(3,2): 一致率0.0 % Cell(4,2): 一致率0.0 % Cell(0,3): 一致率0.0 % Cell(1,3): 一致率0.0 % Cell(2,3): 一致率0.0 % Cell(3,3): 一致率0.0 % Cell(4,3): 一致率0.0 % Cell(0,4): 一致率0.0 % Cell(1,4): 一致率0.0 % Cell(2,4): 一致率0.0 % Cell(3,4): 一致率0.0 % Cell(4,4): 一致率0.0 % Cell(0,5): 一致率0.0 % Cell(1,5): 一致率0.0 % Cell(2,5): 一致率0.0 % Cell(3,5): 一致率0.0 % Cell(4,5): 一致率0.0 % Cell(0,6): 一致率0.0 % Cell(1,6): 一致率0.0 % Cell(2,6): 一致率0.0 % Cell(3,6): 一致率0.0 % Cell(4,6): 一致率0.0 % "
Stage036,Hex,56,0,なし,なし,100.0 %,"Texture取得失敗/読取不可: 56セル "
Stage037,Square,20,20,あり,なし,0.0 %,"Cell(0,0): 一致率0.0 % Cell(1,0): 一致率0.0 % Cell(2,0): 一致率0.0 % Cell(3,0): 一致率0.0 % Cell(0,1): 一致率0.0 % Cell(1,1): 一致率0.0 % Cell(2,1): 一致率0.0 % Cell(3,1): 一致率0.0 % Cell(0,2): 一致率0.0 % Cell(1,2): 一致率0.0 % Cell(2,2): 一致率0.0 % Cell(3,2): 一致率0.0 % Cell(0,3): 一致率0.0 % Cell(1,3): 一致率0.0 % Cell(2,3): 一致率0.0 % Cell(3,3): 一致率0.0 % Cell(0,4): 一致率0.0 % Cell(1,4): 一致率0.0 % Cell(2,4): 一致率0.0 % Cell(3,4): 一致率0.0 % "
Stage038,Square,35,35,あり,なし,0.0 %,"Cell(0,0): 一致率0.0 % Cell(1,0): 一致率0.0 % Cell(2,0): 一致率0.0 % Cell(3,0): 一致率0.0 % Cell(4,0): 一致率0.0 % Cell(0,1): 一致率0.0 % Cell(1,1): 一致率0.0 % Cell(2,1): 一致率0.0 % Cell(3,1): 一致率0.0 % Cell(4,1): 一致率0.0 % Cell(0,2): 一致率0.0 % Cell(1,2): 一致率0.0 % Cell(2,2): 一致率0.0 % Cell(3,2): 一致率0.0 % Cell(4,2): 一致率0.0 % Cell(0,3): 一致率0.0 % Cell(1,3): 一致率0.0 % Cell(2,3): 一致率0.0 % Cell(3,3): 一致率0.0 % Cell(4,3): 一致率0.0 % Cell(0,4): 一致率0.0 % Cell(1,4): 一致率0.0 % Cell(2,4): 一致率0.0 % Cell(3,4): 一致率0.0 % Cell(4,4): 一致率0.0 % Cell(0,5): 一致率0.0 % Cell(1,5): 一致率0.0 % Cell(2,5): 一致率0.0 % Cell(3,5): 一致率0.0 % Cell(4,5): 一致率0.0 % Cell(0,6): 一致率0.0 % Cell(1,6): 一致率0.0 % Cell(2,6): 一致率0.0 % Cell(3,6): 一致率0.0 % Cell(4,6): 一致率0.0 % "
Stage039,Square,48,48,あり,なし,0.0 %,"Cell(0,0): 一致率0.0 % Cell(1,0): 一致率0.0 % Cell(2,0): 一致率0.0 % Cell(3,0): 一致率0.0 % Cell(4,0): 一致率0.0 % Cell(5,0): 一致率0.0 % Cell(0,1): 一致率0.0 % Cell(1,1): 一致率0.0 % Cell(2,1): 一致率0.0 % Cell(3,1): 一致率0.0 % Cell(4,1): 一致率0.0 % Cell(5,1): 一致率0.0 % Cell(0,2): 一致率0.0 % Cell(1,2): 一致率0.0 % Cell(2,2): 一致率0.0 % Cell(3,2): 一致率0.0 % Cell(4,2): 一致率0.0 % Cell(5,2): 一致率0.0 % Cell(0,3): 一致率0.0 % Cell(1,3): 一致率0.0 % Cell(2,3): 一致率0.0 % Cell(3,3): 一致率0.0 % Cell(4,3): 一致率0.0 % Cell(5,3): 一致率0.0 % Cell(0,4): 一致率0.0 % Cell(1,4): 一致率0.0 % Cell(2,4): 一致率0.0 % Cell(3,4): 一致率0.0 % Cell(4,4): 一致率0.0 % Cell(5,4): 一致率0.0 % Cell(0,5): 一致率0.0 % Cell(1,5): 一致率0.0 % Cell(2,5): 一致率0.0 % Cell(3,5): 一致率0.0 % Cell(4,5): 一致率0.0 % Cell(5,5): 一致率0.0 % Cell(0,6): 一致率0.0 % Cell(1,6): 一致率0.0 % Cell(2,6): 一致率0.0 % Cell(3,6): 一致率0.0 % Cell(4,6): 一致率0.0 % Cell(5,6): 一致率0.0 % Cell(0,7): 一致率0.0 % Cell(1,7): 一致率0.0 % Cell(2,7): 一致率0.0 % Cell(3,7): 一致率0.0 % Cell(4,7): 一致率0.0 % Cell(5,7): 一致率0.0 % "
Stage040,Triangle,36,36,あり,なし,0.0 %,"Cell(0,0): 一致率1.5 % Cell(1,0): 一致率3.3 % Cell(2,0): 一致率0.0 % Cell(3,0): 一致率0.1 % Cell(4,0): 一致率0.1 % Cell(5,0): 一致率0.0 % Cell(0,1): 一致率0.0 % Cell(1,1): 一致率0.1 % Cell(2,1): 一致率0.3 % Cell(3,1): 一致率0.0 % Cell(4,1): 一致率0.0 % Cell(5,1): 一致率0.0 % Cell(0,2): 一致率0.0 % Cell(1,2): 一致率0.3 % Cell(2,2): 一致率0.2 % Cell(3,2): 一致率2.6 % Cell(4,2): 一致率1.1 % Cell(5,2): 一致率0.0 % Cell(0,3): 一致率1.0 % Cell(1,3): 一致率0.2 % Cell(2,3): 一致率2.6 % Cell(3,3): 一致率0.5 % Cell(4,3): 一致率0.4 % Cell(5,3): 一致率0.0 % Cell(0,4): 一致率0.0 % Cell(1,4): 一致率0.0 % Cell(2,4): 一致率0.0 % Cell(3,4): 一致率0.1 % Cell(4,4): 一致率0.1 % Cell(5,4): 一致率0.0 % Cell(0,5): 一致率0.0 % Cell(1,5): 一致率2.0 % Cell(2,5): 一致率1.1 % Cell(3,5): 一致率2.4 % Cell(4,5): 一致率1.0 % Cell(5,5): 一致率0.0 % "
Stage041,Triangle,36,36,あり,なし,0.0 %,"Cell(0,0): 一致率0.0 % Cell(1,0): 一致率0.0 % Cell(2,0): 一致率0.0 % Cell(3,0): 一致率0.0 % Cell(4,0): 一致率0.0 % Cell(5,0): 一致率0.0 % Cell(0,1): 一致率4.5 % Cell(1,1): 一致率0.7 % Cell(2,1): 一致率0.1 % Cell(3,1): 一致率0.0 % Cell(4,1): 一致率0.0 % Cell(5,1): 一致率0.0 % Cell(0,2): 一致率0.0 % Cell(1,2): 一致率0.0 % Cell(2,2): 一致率0.0 % Cell(3,2): 一致率0.0 % Cell(4,2): 一致率0.0 % Cell(5,2): 一致率0.0 % Cell(0,3): 一致率0.3 % Cell(1,3): 一致率0.8 % Cell(2,3): 一致率0.0 % Cell(3,3): 一致率0.0 % Cell(4,3): 一致率0.2 % Cell(5,3): 一致率0.0 % Cell(0,4): 一致率0.1 % Cell(1,4): 一致率0.9 % Cell(2,4): 一致率0.0 % Cell(3,4): 一致率0.0 % Cell(4,4): 一致率1.4 % Cell(5,4): 一致率0.0 % Cell(0,5): 一致率0.1 % Cell(1,5): 一致率0.2 % Cell(2,5): 一致率0.0 % Cell(3,5): 一致率1.0 % Cell(4,5): 一致率1.0 % Cell(5,5): 一致率0.0 % "
Stage042,Triangle,56,0,なし,なし,100.0 %,"Texture取得失敗/読取不可: 56セル "
Stage043,Hex,35,0,なし,なし,100.0 %,"Texture取得失敗/読取不可: 35セル "
Stage044,Hex,35,0,なし,なし,100.0 %,"Texture取得失敗/読取不可: 35セル "
Stage045,Hex,56,56,あり,なし,0.0 %,"Cell(0,0): 一致率0.0 % Cell(1,0): 一致率0.0 % Cell(2,0): 一致率0.0 % Cell(3,0): 一致率0.0 % Cell(4,0): 一致率0.0 % Cell(5,0): 一致率0.0 % Cell(6,0): 一致率0.0 % Cell(0,1): 一致率0.0 % Cell(1,1): 一致率0.0 % Cell(2,1): 一致率0.0 % Cell(3,1): 一致率0.0 % Cell(4,1): 一致率0.0 % Cell(5,1): 一致率0.0 % Cell(6,1): 一致率0.0 % Cell(0,2): 一致率0.0 % Cell(1,2): 一致率0.0 % Cell(2,2): 一致率0.0 % Cell(3,2): 一致率0.0 % Cell(4,2): 一致率0.0 % Cell(5,2): 一致率0.0 % Cell(6,2): 一致率0.0 % Cell(0,3): 一致率0.0 % Cell(1,3): 一致率0.0 % Cell(2,3): 一致率0.0 % Cell(3,3): 一致率0.0 % Cell(4,3): 一致率0.0 % Cell(5,3): 一致率0.0 % Cell(6,3): 一致率0.0 % Cell(0,4): 一致率0.0 % Cell(1,4): 一致率0.0 % Cell(2,4): 一致率0.0 % Cell(3,4): 一致率0.0 % Cell(4,4): 一致率0.0 % Cell(5,4): 一致率0.0 % Cell(6,4): 一致率0.0 % Cell(0,5): 一致率0.0 % Cell(1,5): 一致率0.0 % Cell(2,5): 一致率0.0 % Cell(3,5): 一致率0.0 % Cell(4,5): 一致率0.0 % Cell(5,5): 一致率0.0 % Cell(6,5): 一致率0.0 % Cell(0,6): 一致率0.0 % Cell(1,6): 一致率0.0 % Cell(2,6): 一致率0.0 % Cell(3,6): 一致率0.0 % Cell(4,6): 一致率0.0 % Cell(5,6): 一致率0.0 % Cell(6,6): 一致率0.0 % Cell(0,7): 一致率0.0 % Cell(1,7): 一致率0.0 % Cell(2,7): 一致率0.0 % Cell(3,7): 一致率0.0 % Cell(4,7): 一致率0.0 % Cell(5,7): 一致率0.0 % Cell(6,7): 一致率0.0 % "
Stage046,Square,20,20,あり,なし,0.0 %,"Cell(0,0): 一致率0.0 % Cell(1,0): 一致率0.0 % Cell(2,0): 一致率0.0 % Cell(3,0): 一致率0.0 % Cell(0,1): 一致率0.0 % Cell(1,1): 一致率0.0 % Cell(2,1): 一致率0.0 % Cell(3,1): 一致率0.0 % Cell(0,2): 一致率0.0 % Cell(1,2): 一致率0.0 % Cell(2,2): 一致率0.0 % Cell(3,2): 一致率0.0 % Cell(0,3): 一致率0.0 % Cell(1,3): 一致率0.0 % Cell(2,3): 一致率0.0 % Cell(3,3): 一致率0.0 % Cell(0,4): 一致率0.0 % Cell(1,4): 一致率0.0 % Cell(2,4): 一致率0.0 % Cell(3,4): 一致率0.0 % "
Stage047,Square,35,35,あり,なし,0.0 %,"Cell(0,0): 一致率0.0 % Cell(1,0): 一致率0.0 % Cell(2,0): 一致率0.0 % Cell(3,0): 一致率0.0 % Cell(4,0): 一致率0.0 % Cell(0,1): 一致率0.0 % Cell(1,1): 一致率0.0 % Cell(2,1): 一致率0.0 % Cell(3,1): 一致率0.0 % Cell(4,1): 一致率0.0 % Cell(0,2): 一致率0.0 % Cell(1,2): 一致率0.0 % Cell(2,2): 一致率0.0 % Cell(3,2): 一致率0.0 % Cell(4,2): 一致率0.0 % Cell(0,3): 一致率0.0 % Cell(1,3): 一致率0.0 % Cell(2,3): 一致率0.0 % Cell(3,3): 一致率0.0 % Cell(4,3): 一致率0.0 % Cell(0,4): 一致率0.0 % Cell(1,4): 一致率0.0 % Cell(2,4): 一致率0.0 % Cell(3,4): 一致率0.0 % Cell(4,4): 一致率0.0 % Cell(0,5): 一致率0.0 % Cell(1,5): 一致率0.0 % Cell(2,5): 一致率0.0 % Cell(3,5): 一致率0.0 % Cell(4,5): 一致率0.0 % Cell(0,6): 一致率0.0 % Cell(1,6): 一致率0.0 % Cell(2,6): 一致率0.0 % Cell(3,6): 一致率0.0 % Cell(4,6): 一致率0.0 % "
Stage048,Square,56,0,なし,なし,100.0 %,"Texture取得失敗/読取不可: 56セル "
Stage049,Triangle,20,0,なし,なし,100.0 %,"Texture取得失敗/読取不可: 20セル "
Stage050,Triangle,36,0,なし,なし,100.0 %,"Texture取得失敗/読取不可: 36セル "
Stage051,Triangle,49,49,あり,なし,0.0 %,"Cell(0,0): 一致率0.8 % Cell(1,0): 一致率0.2 % Cell(2,0): 一致率0.0 % Cell(3,0): 一致率0.1 % Cell(4,0): 一致率0.3 % Cell(5,0): 一致率0.0 % Cell(6,0): 一致率0.0 % Cell(0,1): 一致率1.4 % Cell(1,1): 一致率0.1 % Cell(2,1): 一致率0.1 % Cell(3,1): 一致率0.0 % Cell(4,1): 一致率0.1 % Cell(5,1): 一致率0.0 % Cell(6,1): 一致率0.0 % Cell(0,2): 一致率0.3 % Cell(1,2): 一致率0.3 % Cell(2,2): 一致率0.1 % Cell(3,2): 一致率0.0 % Cell(4,2): 一致率0.3 % Cell(5,2): 一致率0.0 % Cell(6,2): 一致率0.0 % Cell(0,3): 一致率0.1 % Cell(1,3): 一致率0.0 % Cell(2,3): 一致率0.2 % Cell(3,3): 一致率0.5 % Cell(4,3): 一致率0.1 % Cell(5,3): 一致率0.0 % Cell(6,3): 一致率0.0 % Cell(0,4): 一致率0.1 % Cell(1,4): 一致率0.0 % Cell(2,4): 一致率0.2 % Cell(3,4): 一致率1.3 % Cell(4,4): 一致率0.3 % Cell(5,4): 一致率0.0 % Cell(6,4): 一致率0.0 % Cell(0,5): 一致率0.3 % Cell(1,5): 一致率0.2 % Cell(2,5): 一致率0.4 % Cell(3,5): 一致率1.4 % Cell(4,5): 一致率2.1 % Cell(5,5): 一致率0.0 % Cell(6,5): 一致率0.0 % Cell(0,6): 一致率0.1 % Cell(1,6): 一致率0.2 % Cell(2,6): 一致率1.3 % Cell(3,6): 一致率0.3 % Cell(4,6): 一致率0.1 % Cell(5,6): 一致率0.0 % Cell(6,6): 一致率0.0 % "
Stage052,Hex,35,0,なし,なし,100.0 %,"Texture取得失敗/読取不可: 35セル "
Stage053,Hex,35,35,あり,なし,0.0 %,"Cell(0,0): 一致率0.0 % Cell(1,0): 一致率0.0 % Cell(2,0): 一致率0.0 % Cell(3,0): 一致率0.0 % Cell(4,0): 一致率0.0 % Cell(0,1): 一致率0.0 % Cell(1,1): 一致率0.0 % Cell(2,1): 一致率0.0 % Cell(3,1): 一致率0.0 % Cell(4,1): 一致率0.0 % Cell(0,2): 一致率0.0 % Cell(1,2): 一致率0.0 % Cell(2,2): 一致率0.0 % Cell(3,2): 一致率0.0 % Cell(4,2): 一致率0.0 % Cell(0,3): 一致率0.0 % Cell(1,3): 一致率0.0 % Cell(2,3): 一致率0.0 % Cell(3,3): 一致率0.0 % Cell(4,3): 一致率0.0 % Cell(0,4): 一致率0.0 % Cell(1,4): 一致率0.0 % Cell(2,4): 一致率0.0 % Cell(3,4): 一致率0.0 % Cell(4,4): 一致率0.0 % Cell(0,5): 一致率0.0 % Cell(1,5): 一致率0.0 % Cell(2,5): 一致率0.0 % Cell(3,5): 一致率0.0 % Cell(4,5): 一致率0.0 % Cell(0,6): 一致率0.0 % Cell(1,6): 一致率0.0 % Cell(2,6): 一致率0.0 % Cell(3,6): 一致率0.0 % Cell(4,6): 一致率0.0 % "
Stage054,Hex,56,56,あり,なし,0.0 %,"Cell(0,0): 一致率0.0 % Cell(1,0): 一致率0.0 % Cell(2,0): 一致率0.0 % Cell(3,0): 一致率0.0 % Cell(4,0): 一致率0.0 % Cell(5,0): 一致率0.0 % Cell(6,0): 一致率0.0 % Cell(0,1): 一致率0.0 % Cell(1,1): 一致率0.0 % Cell(2,1): 一致率0.0 % Cell(3,1): 一致率0.0 % Cell(4,1): 一致率0.0 % Cell(5,1): 一致率0.0 % Cell(6,1): 一致率0.0 % Cell(0,2): 一致率0.0 % Cell(1,2): 一致率0.0 % Cell(2,2): 一致率0.0 % Cell(3,2): 一致率0.0 % Cell(4,2): 一致率0.0 % Cell(5,2): 一致率0.0 % Cell(6,2): 一致率0.0 % Cell(0,3): 一致率0.0 % Cell(1,3): 一致率0.0 % Cell(2,3): 一致率0.0 % Cell(3,3): 一致率0.0 % Cell(4,3): 一致率0.0 % Cell(5,3): 一致率0.0 % Cell(6,3): 一致率0.0 % Cell(0,4): 一致率0.0 % Cell(1,4): 一致率0.0 % Cell(2,4): 一致率0.0 % Cell(3,4): 一致率0.0 % Cell(4,4): 一致率0.0 % Cell(5,4): 一致率0.0 % Cell(6,4): 一致率0.0 % Cell(0,5): 一致率0.0 % Cell(1,5): 一致率0.0 % Cell(2,5): 一致率0.0 % Cell(3,5): 一致率0.0 % Cell(4,5): 一致率0.0 % Cell(5,5): 一致率0.0 % Cell(6,5): 一致率0.0 % Cell(0,6): 一致率0.0 % Cell(1,6): 一致率0.0 % Cell(2,6): 一致率0.0 % Cell(3,6): 一致率0.0 % Cell(4,6): 一致率0.0 % Cell(5,6): 一致率0.0 % Cell(6,6): 一致率0.0 % Cell(0,7): 一致率0.0 % Cell(1,7): 一致率0.0 % Cell(2,7): 一致率0.0 % Cell(3,7): 一致率0.0 % Cell(4,7): 一致率0.0 % Cell(5,7): 一致率0.0 % Cell(6,7): 一致率0.0 % "
Stage055,Square,35,35,あり,なし,0.0 %,"Cell(0,0): 一致率0.0 % Cell(1,0): 一致率0.0 % Cell(2,0): 一致率0.0 % Cell(3,0): 一致率0.0 % Cell(4,0): 一致率0.0 % Cell(0,1): 一致率0.0 % Cell(1,1): 一致率0.0 % Cell(2,1): 一致率0.0 % Cell(3,1): 一致率0.0 % Cell(4,1): 一致率0.0 % Cell(0,2): 一致率0.0 % Cell(1,2): 一致率0.0 % Cell(2,2): 一致率0.0 % Cell(3,2): 一致率0.0 % Cell(4,2): 一致率0.0 % Cell(0,3): 一致率0.0 % Cell(1,3): 一致率0.0 % Cell(2,3): 一致率0.0 % Cell(3,3): 一致率0.0 % Cell(4,3): 一致率0.0 % Cell(0,4): 一致率0.0 % Cell(1,4): 一致率0.0 % Cell(2,4): 一致率0.0 % Cell(3,4): 一致率0.0 % Cell(4,4): 一致率0.0 % Cell(0,5): 一致率0.0 % Cell(1,5): 一致率0.0 % Cell(2,5): 一致率0.0 % Cell(3,5): 一致率0.0 % Cell(4,5): 一致率0.0 % Cell(0,6): 一致率0.0 % Cell(1,6): 一致率0.0 % Cell(2,6): 一致率0.0 % Cell(3,6): 一致率0.0 % Cell(4,6): 一致率0.0 % "
Stage056,Square,35,35,あり,なし,0.0 %,"Cell(0,0): 一致率0.0 % Cell(1,0): 一致率0.0 % Cell(2,0): 一致率0.0 % Cell(3,0): 一致率0.0 % Cell(4,0): 一致率0.0 % Cell(0,1): 一致率0.0 % Cell(1,1): 一致率0.0 % Cell(2,1): 一致率0.0 % Cell(3,1): 一致率0.0 % Cell(4,1): 一致率0.0 % Cell(0,2): 一致率0.0 % Cell(1,2): 一致率0.0 % Cell(2,2): 一致率0.0 % Cell(3,2): 一致率0.0 % Cell(4,2): 一致率0.0 % Cell(0,3): 一致率0.0 % Cell(1,3): 一致率0.0 % Cell(2,3): 一致率0.0 % Cell(3,3): 一致率0.0 % Cell(4,3): 一致率0.0 % Cell(0,4): 一致率0.0 % Cell(1,4): 一致率0.0 % Cell(2,4): 一致率0.0 % Cell(3,4): 一致率0.0 % Cell(4,4): 一致率0.0 % Cell(0,5): 一致率0.0 % Cell(1,5): 一致率0.0 % Cell(2,5): 一致率0.0 % Cell(3,5): 一致率0.0 % Cell(4,5): 一致率0.0 % Cell(0,6): 一致率0.0 % Cell(1,6): 一致率0.0 % Cell(2,6): 一致率0.0 % Cell(3,6): 一致率0.0 % Cell(4,6): 一致率0.0 % "
Stage057,Square,48,48,あり,なし,0.0 %,"Cell(0,0): 一致率0.0 % Cell(1,0): 一致率0.0 % Cell(2,0): 一致率0.0 % Cell(3,0): 一致率0.0 % Cell(4,0): 一致率0.0 % Cell(5,0): 一致率0.0 % Cell(0,1): 一致率0.0 % Cell(1,1): 一致率0.0 % Cell(2,1): 一致率0.0 % Cell(3,1): 一致率0.0 % Cell(4,1): 一致率0.0 % Cell(5,1): 一致率0.0 % Cell(0,2): 一致率0.0 % Cell(1,2): 一致率0.0 % Cell(2,2): 一致率0.0 % Cell(3,2): 一致率0.0 % Cell(4,2): 一致率0.0 % Cell(5,2): 一致率0.0 % Cell(0,3): 一致率0.0 % Cell(1,3): 一致率0.0 % Cell(2,3): 一致率0.0 % Cell(3,3): 一致率0.0 % Cell(4,3): 一致率0.0 % Cell(5,3): 一致率0.0 % Cell(0,4): 一致率0.0 % Cell(1,4): 一致率0.0 % Cell(2,4): 一致率0.0 % Cell(3,4): 一致率0.0 % Cell(4,4): 一致率0.0 % Cell(5,4): 一致率0.0 % Cell(0,5): 一致率0.0 % Cell(1,5): 一致率0.0 % Cell(2,5): 一致率0.0 % Cell(3,5): 一致率0.0 % Cell(4,5): 一致率0.0 % Cell(5,5): 一致率0.0 % Cell(0,6): 一致率0.0 % Cell(1,6): 一致率0.0 % Cell(2,6): 一致率0.0 % Cell(3,6): 一致率0.0 % Cell(4,6): 一致率0.0 % Cell(5,6): 一致率0.0 % Cell(0,7): 一致率0.0 % Cell(1,7): 一致率0.0 % Cell(2,7): 一致率0.0 % Cell(3,7): 一致率0.0 % Cell(4,7): 一致率0.0 % Cell(5,7): 一致率0.0 % "
Stage058,Triangle,36,36,あり,なし,0.0 %,"Cell(0,0): 一致率0.6 % Cell(1,0): 一致率1.3 % Cell(2,0): 一致率0.9 % Cell(3,0): 一致率2.7 % Cell(4,0): 一致率2.1 % Cell(5,0): 一致率0.0 % Cell(0,1): 一致率3.9 % Cell(1,1): 一致率0.1 % Cell(2,1): 一致率1.7 % Cell(3,1): 一致率0.1 % Cell(4,1): 一致率0.2 % Cell(5,1): 一致率0.0 % Cell(0,2): 一致率0.4 % Cell(1,2): 一致率2.7 % Cell(2,2): 一致率1.7 % Cell(3,2): 一致率0.2 % Cell(4,2): 一致率0.6 % Cell(5,2): 一致率0.0 % Cell(0,3): 一致率1.5 % Cell(1,3): 一致率0.8 % Cell(2,3): 一致率1.6 % Cell(3,3): 一致率0.3 % Cell(4,3): 一致率2.2 % Cell(5,3): 一致率0.0 % Cell(0,4): 一致率2.7 % Cell(1,4): 一致率3.7 % Cell(2,4): 一致率6.8 % Cell(3,4): 一致率5.4 % Cell(4,4): 一致率11.6 % Cell(5,4): 一致率0.0 % Cell(0,5): 一致率0.0 % Cell(1,5): 一致率0.9 % Cell(2,5): 一致率0.7 % Cell(3,5): 一致率0.4 % Cell(4,5): 一致率0.7 % Cell(5,5): 一致率0.0 % "
Stage059,Triangle,36,0,なし,なし,100.0 %,"Texture取得失敗/読取不可: 36セル "
Stage060,Triangle,56,0,なし,なし,100.0 %,"Texture取得失敗/読取不可: 56セル "
Stage061,Hex,20,20,あり,なし,0.0 %,"Cell(0,0): 一致率0.0 % Cell(1,0): 一致率0.0 % Cell(2,0): 一致率0.0 % Cell(3,0): 一致率0.0 % Cell(0,1): 一致率0.0 % Cell(1,1): 一致率0.0 % Cell(2,1): 一致率0.0 % Cell(3,1): 一致率0.0 % Cell(0,2): 一致率0.0 % Cell(1,2): 一致率0.0 % Cell(2,2): 一致率0.0 % Cell(3,2): 一致率0.0 % Cell(0,3): 一致率0.0 % Cell(1,3): 一致率0.0 % Cell(2,3): 一致率0.0 % Cell(3,3): 一致率0.0 % Cell(0,4): 一致率0.0 % Cell(1,4): 一致率0.0 % Cell(2,4): 一致率0.0 % Cell(3,4): 一致率0.0 % "
Stage062,Hex,35,35,あり,なし,0.0 %,"Cell(0,0): 一致率0.0 % Cell(1,0): 一致率0.0 % Cell(2,0): 一致率0.0 % Cell(3,0): 一致率0.0 % Cell(4,0): 一致率0.0 % Cell(0,1): 一致率0.0 % Cell(1,1): 一致率0.0 % Cell(2,1): 一致率0.0 % Cell(3,1): 一致率0.0 % Cell(4,1): 一致率0.0 % Cell(0,2): 一致率0.0 % Cell(1,2): 一致率0.0 % Cell(2,2): 一致率0.0 % Cell(3,2): 一致率0.0 % Cell(4,2): 一致率0.0 % Cell(0,3): 一致率0.0 % Cell(1,3): 一致率0.0 % Cell(2,3): 一致率0.0 % Cell(3,3): 一致率0.0 % Cell(4,3): 一致率0.0 % Cell(0,4): 一致率0.0 % Cell(1,4): 一致率0.0 % Cell(2,4): 一致率0.0 % Cell(3,4): 一致率0.0 % Cell(4,4): 一致率0.0 % Cell(0,5): 一致率0.0 % Cell(1,5): 一致率0.0 % Cell(2,5): 一致率0.0 % Cell(3,5): 一致率0.0 % Cell(4,5): 一致率0.0 % Cell(0,6): 一致率0.0 % Cell(1,6): 一致率0.0 % Cell(2,6): 一致率0.0 % Cell(3,6): 一致率0.0 % Cell(4,6): 一致率0.0 % "
Stage063,Hex,56,56,あり,なし,0.0 %,"Cell(0,0): 一致率0.0 % Cell(1,0): 一致率0.0 % Cell(2,0): 一致率0.0 % Cell(3,0): 一致率0.0 % Cell(4,0): 一致率0.0 % Cell(5,0): 一致率0.0 % Cell(6,0): 一致率0.0 % Cell(0,1): 一致率0.0 % Cell(1,1): 一致率0.0 % Cell(2,1): 一致率0.0 % Cell(3,1): 一致率0.0 % Cell(4,1): 一致率0.0 % Cell(5,1): 一致率0.0 % Cell(6,1): 一致率0.0 % Cell(0,2): 一致率0.0 % Cell(1,2): 一致率0.0 % Cell(2,2): 一致率0.0 % Cell(3,2): 一致率0.0 % Cell(4,2): 一致率0.0 % Cell(5,2): 一致率0.0 % Cell(6,2): 一致率0.0 % Cell(0,3): 一致率0.0 % Cell(1,3): 一致率0.0 % Cell(2,3): 一致率0.0 % Cell(3,3): 一致率0.0 % Cell(4,3): 一致率0.0 % Cell(5,3): 一致率0.0 % Cell(6,3): 一致率0.0 % Cell(0,4): 一致率0.0 % Cell(1,4): 一致率0.0 % Cell(2,4): 一致率0.0 % Cell(3,4): 一致率0.0 % Cell(4,4): 一致率0.0 % Cell(5,4): 一致率0.0 % Cell(6,4): 一致率0.0 % Cell(0,5): 一致率0.0 % Cell(1,5): 一致率0.0 % Cell(2,5): 一致率0.0 % Cell(3,5): 一致率0.0 % Cell(4,5): 一致率0.0 % Cell(5,5): 一致率0.0 % Cell(6,5): 一致率0.0 % Cell(0,6): 一致率0.0 % Cell(1,6): 一致率0.0 % Cell(2,6): 一致率0.0 % Cell(3,6): 一致率0.0 % Cell(4,6): 一致率0.0 % Cell(5,6): 一致率0.0 % Cell(6,6): 一致率0.0 % Cell(0,7): 一致率0.0 % Cell(1,7): 一致率0.0 % Cell(2,7): 一致率0.0 % Cell(3,7): 一致率0.0 % Cell(4,7): 一致率0.0 % Cell(5,7): 一致率0.0 % Cell(6,7): 一致率0.0 % "
Stage064,Square,20,20,あり,なし,0.0 %,"Cell(0,0): 一致率0.0 % Cell(1,0): 一致率0.0 % Cell(2,0): 一致率0.0 % Cell(3,0): 一致率0.0 % Cell(0,1): 一致率0.0 % Cell(1,1): 一致率0.0 % Cell(2,1): 一致率0.0 % Cell(3,1): 一致率0.0 % Cell(0,2): 一致率0.0 % Cell(1,2): 一致率0.0 % Cell(2,2): 一致率0.0 % Cell(3,2): 一致率0.0 % Cell(0,3): 一致率0.0 % Cell(1,3): 一致率0.0 % Cell(2,3): 一致率0.0 % Cell(3,3): 一致率0.0 % Cell(0,4): 一致率0.0 % Cell(1,4): 一致率0.0 % Cell(2,4): 一致率0.0 % Cell(3,4): 一致率0.0 % "
Stage065,Square,35,35,あり,なし,0.0 %,"Cell(0,0): 一致率0.0 % Cell(1,0): 一致率0.0 % Cell(2,0): 一致率0.0 % Cell(3,0): 一致率0.0 % Cell(4,0): 一致率0.0 % Cell(0,1): 一致率0.0 % Cell(1,1): 一致率0.0 % Cell(2,1): 一致率0.0 % Cell(3,1): 一致率0.0 % Cell(4,1): 一致率0.0 % Cell(0,2): 一致率0.0 % Cell(1,2): 一致率0.0 % Cell(2,2): 一致率0.0 % Cell(3,2): 一致率0.0 % Cell(4,2): 一致率0.0 % Cell(0,3): 一致率0.0 % Cell(1,3): 一致率0.0 % Cell(2,3): 一致率0.0 % Cell(3,3): 一致率0.0 % Cell(4,3): 一致率0.0 % Cell(0,4): 一致率0.0 % Cell(1,4): 一致率0.0 % Cell(2,4): 一致率0.0 % Cell(3,4): 一致率0.0 % Cell(4,4): 一致率0.0 % Cell(0,5): 一致率0.0 % Cell(1,5): 一致率0.0 % Cell(2,5): 一致率0.0 % Cell(3,5): 一致率0.0 % Cell(4,5): 一致率0.0 % Cell(0,6): 一致率0.0 % Cell(1,6): 一致率0.0 % Cell(2,6): 一致率0.0 % Cell(3,6): 一致率0.0 % Cell(4,6): 一致率0.0 % "
Stage066,Square,56,56,あり,なし,0.0 %,"Cell(0,0): 一致率0.0 % Cell(1,0): 一致率0.0 % Cell(2,0): 一致率0.0 % Cell(3,0): 一致率0.0 % Cell(4,0): 一致率0.0 % Cell(5,0): 一致率0.0 % Cell(6,0): 一致率0.0 % Cell(0,1): 一致率0.0 % Cell(1,1): 一致率0.0 % Cell(2,1): 一致率0.0 % Cell(3,1): 一致率0.0 % Cell(4,1): 一致率0.0 % Cell(5,1): 一致率0.0 % Cell(6,1): 一致率0.0 % Cell(0,2): 一致率0.0 % Cell(1,2): 一致率0.0 % Cell(2,2): 一致率0.0 % Cell(3,2): 一致率0.0 % Cell(4,2): 一致率0.0 % Cell(5,2): 一致率0.0 % Cell(6,2): 一致率0.0 % Cell(0,3): 一致率0.0 % Cell(1,3): 一致率0.0 % Cell(2,3): 一致率0.0 % Cell(3,3): 一致率0.0 % Cell(4,3): 一致率0.0 % Cell(5,3): 一致率0.0 % Cell(6,3): 一致率0.0 % Cell(0,4): 一致率0.0 % Cell(1,4): 一致率0.0 % Cell(2,4): 一致率0.0 % Cell(3,4): 一致率0.0 % Cell(4,4): 一致率0.0 % Cell(5,4): 一致率0.0 % Cell(6,4): 一致率0.0 % Cell(0,5): 一致率0.0 % Cell(1,5): 一致率0.0 % Cell(2,5): 一致率0.0 % Cell(3,5): 一致率0.0 % Cell(4,5): 一致率0.0 % Cell(5,5): 一致率0.0 % Cell(6,5): 一致率0.0 % Cell(0,6): 一致率0.0 % Cell(1,6): 一致率0.0 % Cell(2,6): 一致率0.0 % Cell(3,6): 一致率0.0 % Cell(4,6): 一致率0.0 % Cell(5,6): 一致率0.0 % Cell(6,6): 一致率0.0 % Cell(0,7): 一致率0.0 % Cell(1,7): 一致率0.0 % Cell(2,7): 一致率0.0 % Cell(3,7): 一致率0.0 % Cell(4,7): 一致率0.0 % Cell(5,7): 一致率0.0 % Cell(6,7): 一致率0.0 % "
Stage067,Triangle,36,36,あり,なし,0.0 %,"Cell(0,0): 一致率0.4 % Cell(1,0): 一致率0.6 % Cell(2,0): 一致率0.3 % Cell(3,0): 一致率0.1 % Cell(4,0): 一致率0.5 % Cell(5,0): 一致率0.0 % Cell(0,1): 一致率0.0 % Cell(1,1): 一致率0.1 % Cell(2,1): 一致率0.1 % Cell(3,1): 一致率0.1 % Cell(4,1): 一致率0.1 % Cell(5,1): 一致率0.0 % Cell(0,2): 一致率0.9 % Cell(1,2): 一致率0.0 % Cell(2,2): 一致率0.0 % Cell(3,2): 一致率0.3 % Cell(4,2): 一致率0.5 % Cell(5,2): 一致率0.0 % Cell(0,3): 一致率0.0 % Cell(1,3): 一致率0.0 % Cell(2,3): 一致率1.0 % Cell(3,3): 一致率1.4 % Cell(4,3): 一致率4.7 % Cell(5,3): 一致率0.0 % Cell(0,4): 一致率8.5 % Cell(1,4): 一致率0.1 % Cell(2,4): 一致率1.0 % Cell(3,4): 一致率1.5 % Cell(4,4): 一致率1.8 % Cell(5,4): 一致率0.0 % Cell(0,5): 一致率22.9 % Cell(1,5): 一致率3.8 % Cell(2,5): 一致率0.6 % Cell(3,5): 一致率0.4 % Cell(4,5): 一致率2.1 % Cell(5,5): 一致率0.0 % "
Stage068,Triangle,36,36,あり,なし,0.0 %,"Cell(0,0): 一致率0.0 % Cell(1,0): 一致率0.1 % Cell(2,0): 一致率0.0 % Cell(3,0): 一致率0.3 % Cell(4,0): 一致率1.2 % Cell(5,0): 一致率0.0 % Cell(0,1): 一致率0.1 % Cell(1,1): 一致率0.1 % Cell(2,1): 一致率0.5 % Cell(3,1): 一致率0.1 % Cell(4,1): 一致率2.3 % Cell(5,1): 一致率0.0 % Cell(0,2): 一致率0.0 % Cell(1,2): 一致率0.0 % Cell(2,2): 一致率0.0 % Cell(3,2): 一致率0.1 % Cell(4,2): 一致率0.0 % Cell(5,2): 一致率0.0 % Cell(0,3): 一致率0.0 % Cell(1,3): 一致率0.0 % Cell(2,3): 一致率0.0 % Cell(3,3): 一致率0.0 % Cell(4,3): 一致率0.1 % Cell(5,3): 一致率0.0 % Cell(0,4): 一致率0.5 % Cell(1,4): 一致率0.0 % Cell(2,4): 一致率0.0 % Cell(3,4): 一致率0.0 % Cell(4,4): 一致率0.0 % Cell(5,4): 一致率0.0 % Cell(0,5): 一致率1.5 % Cell(1,5): 一致率0.8 % Cell(2,5): 一致率1.7 % Cell(3,5): 一致率0.0 % Cell(4,5): 一致率0.0 % Cell(5,5): 一致率0.0 % "
Stage069,Triangle,56,56,あり,なし,0.0 %,"Cell(0,0): 一致率0.0 % Cell(1,0): 一致率0.0 % Cell(2,0): 一致率0.0 % Cell(3,0): 一致率0.0 % Cell(4,0): 一致率0.0 % Cell(5,0): 一致率0.0 % Cell(6,0): 一致率0.0 % Cell(7,0): 一致率0.0 % Cell(0,1): 一致率0.0 % Cell(1,1): 一致率0.0 % Cell(2,1): 一致率0.0 % Cell(3,1): 一致率0.0 % Cell(4,1): 一致率0.0 % Cell(5,1): 一致率0.0 % Cell(6,1): 一致率0.0 % Cell(7,1): 一致率0.0 % Cell(0,2): 一致率0.0 % Cell(1,2): 一致率0.0 % Cell(2,2): 一致率0.0 % Cell(3,2): 一致率0.0 % Cell(4,2): 一致率0.0 % Cell(5,2): 一致率0.0 % Cell(6,2): 一致率0.0 % Cell(7,2): 一致率0.0 % Cell(0,3): 一致率0.0 % Cell(1,3): 一致率0.0 % Cell(2,3): 一致率0.0 % Cell(3,3): 一致率0.0 % Cell(4,3): 一致率0.0 % Cell(5,3): 一致率0.0 % Cell(6,3): 一致率0.0 % Cell(7,3): 一致率0.0 % Cell(0,4): 一致率0.0 % Cell(1,4): 一致率0.0 % Cell(2,4): 一致率0.0 % Cell(3,4): 一致率0.0 % Cell(4,4): 一致率0.0 % Cell(5,4): 一致率0.0 % Cell(6,4): 一致率0.0 % Cell(7,4): 一致率0.0 % Cell(0,5): 一致率0.0 % Cell(1,5): 一致率0.0 % Cell(2,5): 一致率0.0 % Cell(3,5): 一致率0.0 % Cell(4,5): 一致率0.0 % Cell(5,5): 一致率0.0 % Cell(6,5): 一致率0.0 % Cell(7,5): 一致率0.0 % Cell(0,6): 一致率0.0 % Cell(1,6): 一致率0.0 % Cell(2,6): 一致率0.0 % Cell(3,6): 一致率0.0 % Cell(4,6): 一致率0.0 % Cell(5,6): 一致率0.0 % Cell(6,6): 一致率0.0 % Cell(7,6): 一致率0.0 % "
Stage070,Hex,35,35,あり,なし,0.0 %,"Cell(0,0): 一致率0.0 % Cell(1,0): 一致率0.0 % Cell(2,0): 一致率0.0 % Cell(3,0): 一致率0.0 % Cell(4,0): 一致率0.0 % Cell(0,1): 一致率0.0 % Cell(1,1): 一致率0.0 % Cell(2,1): 一致率0.0 % Cell(3,1): 一致率0.0 % Cell(4,1): 一致率0.0 % Cell(0,2): 一致率0.0 % Cell(1,2): 一致率0.0 % Cell(2,2): 一致率0.0 % Cell(3,2): 一致率0.0 % Cell(4,2): 一致率0.0 % Cell(0,3): 一致率0.0 % Cell(1,3): 一致率0.0 % Cell(2,3): 一致率0.0 % Cell(3,3): 一致率0.0 % Cell(4,3): 一致率0.0 % Cell(0,4): 一致率0.0 % Cell(1,4): 一致率0.0 % Cell(2,4): 一致率0.0 % Cell(3,4): 一致率0.0 % Cell(4,4): 一致率0.0 % Cell(0,5): 一致率0.0 % Cell(1,5): 一致率0.0 % Cell(2,5): 一致率0.0 % Cell(3,5): 一致率0.0 % Cell(4,5): 一致率0.0 % Cell(0,6): 一致率0.0 % Cell(1,6): 一致率0.0 % Cell(2,6): 一致率0.0 % Cell(3,6): 一致率0.0 % Cell(4,6): 一致率0.0 % "
Stage071,Hex,35,35,あり,なし,0.0 %,"Cell(0,0): 一致率0.0 % Cell(1,0): 一致率0.0 % Cell(2,0): 一致率0.0 % Cell(3,0): 一致率0.0 % Cell(4,0): 一致率0.0 % Cell(0,1): 一致率0.0 % Cell(1,1): 一致率0.0 % Cell(2,1): 一致率0.0 % Cell(3,1): 一致率0.0 % Cell(4,1): 一致率0.0 % Cell(0,2): 一致率0.0 % Cell(1,2): 一致率0.0 % Cell(2,2): 一致率0.0 % Cell(3,2): 一致率0.0 % Cell(4,2): 一致率0.0 % Cell(0,3): 一致率0.0 % Cell(1,3): 一致率0.0 % Cell(2,3): 一致率0.0 % Cell(3,3): 一致率0.0 % Cell(4,3): 一致率0.0 % Cell(0,4): 一致率0.0 % Cell(1,4): 一致率0.0 % Cell(2,4): 一致率0.0 % Cell(3,4): 一致率0.0 % Cell(4,4): 一致率0.0 % Cell(0,5): 一致率0.0 % Cell(1,5): 一致率0.0 % Cell(2,5): 一致率0.0 % Cell(3,5): 一致率0.0 % Cell(4,5): 一致率0.0 % Cell(0,6): 一致率0.0 % Cell(1,6): 一致率0.0 % Cell(2,6): 一致率0.0 % Cell(3,6): 一致率0.0 % Cell(4,6): 一致率0.0 % "
Stage072,Hex,48,48,あり,なし,0.0 %,"Cell(0,0): 一致率0.0 % Cell(1,0): 一致率0.0 % Cell(2,0): 一致率0.0 % Cell(3,0): 一致率0.0 % Cell(4,0): 一致率0.0 % Cell(5,0): 一致率0.0 % Cell(0,1): 一致率0.0 % Cell(1,1): 一致率0.0 % Cell(2,1): 一致率0.0 % Cell(3,1): 一致率0.0 % Cell(4,1): 一致率0.0 % Cell(5,1): 一致率0.0 % Cell(0,2): 一致率0.0 % Cell(1,2): 一致率0.0 % Cell(2,2): 一致率0.0 % Cell(3,2): 一致率0.0 % Cell(4,2): 一致率0.0 % Cell(5,2): 一致率0.0 % Cell(0,3): 一致率0.0 % Cell(1,3): 一致率0.0 % Cell(2,3): 一致率0.0 % Cell(3,3): 一致率0.0 % Cell(4,3): 一致率0.0 % Cell(5,3): 一致率0.0 % Cell(0,4): 一致率0.0 % Cell(1,4): 一致率0.0 % Cell(2,4): 一致率0.0 % Cell(3,4): 一致率0.0 % Cell(4,4): 一致率0.0 % Cell(5,4): 一致率0.0 % Cell(0,5): 一致率0.0 % Cell(1,5): 一致率0.0 % Cell(2,5): 一致率0.0 % Cell(3,5): 一致率0.0 % Cell(4,5): 一致率0.0 % Cell(5,5): 一致率0.0 % Cell(0,6): 一致率0.0 % Cell(1,6): 一致率0.0 % Cell(2,6): 一致率0.0 % Cell(3,6): 一致率0.0 % Cell(4,6): 一致率0.0 % Cell(5,6): 一致率0.0 % Cell(0,7): 一致率0.0 % Cell(1,7): 一致率0.0 % Cell(2,7): 一致率0.0 % Cell(3,7): 一致率0.0 % Cell(4,7): 一致率0.0 % Cell(5,7): 一致率0.0 % "
Stage073,Square,20,0,なし,なし,100.0 %,"Texture取得失敗/読取不可: 20セル "
Stage074,Square,35,35,あり,なし,0.0 %,"Cell(0,0): 一致率0.0 % Cell(1,0): 一致率0.0 % Cell(2,0): 一致率0.0 % Cell(3,0): 一致率0.0 % Cell(4,0): 一致率0.0 % Cell(0,1): 一致率0.0 % Cell(1,1): 一致率0.0 % Cell(2,1): 一致率0.0 % Cell(3,1): 一致率0.0 % Cell(4,1): 一致率0.0 % Cell(0,2): 一致率0.0 % Cell(1,2): 一致率0.0 % Cell(2,2): 一致率0.0 % Cell(3,2): 一致率0.0 % Cell(4,2): 一致率0.0 % Cell(0,3): 一致率0.0 % Cell(1,3): 一致率0.0 % Cell(2,3): 一致率0.0 % Cell(3,3): 一致率0.0 % Cell(4,3): 一致率0.0 % Cell(0,4): 一致率0.0 % Cell(1,4): 一致率0.0 % Cell(2,4): 一致率0.0 % Cell(3,4): 一致率0.0 % Cell(4,4): 一致率0.0 % Cell(0,5): 一致率0.0 % Cell(1,5): 一致率0.0 % Cell(2,5): 一致率0.0 % Cell(3,5): 一致率0.0 % Cell(4,5): 一致率0.0 % Cell(0,6): 一致率0.0 % Cell(1,6): 一致率0.0 % Cell(2,6): 一致率0.0 % Cell(3,6): 一致率0.0 % Cell(4,6): 一致率0.0 % "
Stage075,Square,48,48,あり,なし,0.0 %,"Cell(0,0): 一致率0.0 % Cell(1,0): 一致率0.0 % Cell(2,0): 一致率0.0 % Cell(3,0): 一致率0.0 % Cell(4,0): 一致率0.0 % Cell(5,0): 一致率0.0 % Cell(0,1): 一致率0.0 % Cell(1,1): 一致率0.0 % Cell(2,1): 一致率0.0 % Cell(3,1): 一致率0.0 % Cell(4,1): 一致率0.0 % Cell(5,1): 一致率0.0 % Cell(0,2): 一致率0.0 % Cell(1,2): 一致率0.0 % Cell(2,2): 一致率0.0 % Cell(3,2): 一致率0.0 % Cell(4,2): 一致率0.0 % Cell(5,2): 一致率0.0 % Cell(0,3): 一致率0.0 % Cell(1,3): 一致率0.0 % Cell(2,3): 一致率0.0 % Cell(3,3): 一致率0.0 % Cell(4,3): 一致率0.0 % Cell(5,3): 一致率0.0 % Cell(0,4): 一致率0.0 % Cell(1,4): 一致率0.0 % Cell(2,4): 一致率0.0 % Cell(3,4): 一致率0.0 % Cell(4,4): 一致率0.0 % Cell(5,4): 一致率0.0 % Cell(0,5): 一致率0.0 % Cell(1,5): 一致率0.0 % Cell(2,5): 一致率0.0 % Cell(3,5): 一致率0.0 % Cell(4,5): 一致率0.0 % Cell(5,5): 一致率0.0 % Cell(0,6): 一致率0.0 % Cell(1,6): 一致率0.0 % Cell(2,6): 一致率0.0 % Cell(3,6): 一致率0.0 % Cell(4,6): 一致率0.0 % Cell(5,6): 一致率0.0 % Cell(0,7): 一致率0.0 % Cell(1,7): 一致率0.0 % Cell(2,7): 一致率0.0 % Cell(3,7): 一致率0.0 % Cell(4,7): 一致率0.0 % Cell(5,7): 一致率0.0 % "
Stage076,Triangle,36,36,あり,なし,0.0 %,"Cell(0,0): 一致率0.3 % Cell(1,0): 一致率4.1 % Cell(2,0): 一致率0.4 % Cell(3,0): 一致率0.7 % Cell(4,0): 一致率1.0 % Cell(5,0): 一致率0.0 % Cell(0,1): 一致率0.0 % Cell(1,1): 一致率0.0 % Cell(2,1): 一致率0.2 % Cell(3,1): 一致率0.0 % Cell(4,1): 一致率1.6 % Cell(5,1): 一致率0.0 % Cell(0,2): 一致率0.0 % Cell(1,2): 一致率0.3 % Cell(2,2): 一致率0.0 % Cell(3,2): 一致率0.0 % Cell(4,2): 一致率0.0 % Cell(5,2): 一致率0.0 % Cell(0,3): 一致率0.3 % Cell(1,3): 一致率0.0 % Cell(2,3): 一致率0.0 % Cell(3,3): 一致率0.0 % Cell(4,3): 一致率0.0 % Cell(5,3): 一致率0.0 % Cell(0,4): 一致率0.7 % Cell(1,4): 一致率1.6 % Cell(2,4): 一致率0.2 % Cell(3,4): 一致率0.0 % Cell(4,4): 一致率0.1 % Cell(5,4): 一致率0.0 % Cell(0,5): 一致率2.8 % Cell(1,5): 一致率4.0 % Cell(2,5): 一致率0.2 % Cell(3,5): 一致率0.0 % Cell(4,5): 一致率1.2 % Cell(5,5): 一致率0.0 % "
Stage077,Triangle,36,36,あり,なし,0.0 %,"Cell(0,0): 一致率0.3 % Cell(1,0): 一致率1.2 % Cell(2,0): 一致率0.6 % Cell(3,0): 一致率0.6 % Cell(4,0): 一致率0.0 % Cell(5,0): 一致率0.0 % Cell(0,1): 一致率0.1 % Cell(1,1): 一致率0.1 % Cell(2,1): 一致率0.2 % Cell(3,1): 一致率0.2 % Cell(4,1): 一致率0.2 % Cell(5,1): 一致率0.0 % Cell(0,2): 一致率0.0 % Cell(1,2): 一致率0.1 % Cell(2,2): 一致率0.1 % Cell(3,2): 一致率1.2 % Cell(4,2): 一致率0.3 % Cell(5,2): 一致率0.0 % Cell(0,3): 一致率0.0 % Cell(1,3): 一致率0.2 % Cell(2,3): 一致率0.3 % Cell(3,3): 一致率9.4 % Cell(4,3): 一致率0.1 % Cell(5,3): 一致率0.0 % Cell(0,4): 一致率2.9 % Cell(1,4): 一致率0.2 % Cell(2,4): 一致率0.7 % Cell(3,4): 一致率4.5 % Cell(4,4): 一致率1.5 % Cell(5,4): 一致率0.0 % Cell(0,5): 一致率5.4 % Cell(1,5): 一致率1.3 % Cell(2,5): 一致率0.1 % Cell(3,5): 一致率0.0 % Cell(4,5): 一致率1.5 % Cell(5,5): 一致率0.0 % "
Stage078,Triangle,49,49,あり,なし,0.0 %,"Cell(0,0): 一致率0.6 % Cell(1,0): 一致率9.5 % Cell(2,0): 一致率12.3 % Cell(3,0): 一致率3.4 % Cell(4,0): 一致率5.1 % Cell(5,0): 一致率0.0 % Cell(6,0): 一致率0.0 % Cell(0,1): 一致率0.9 % Cell(1,1): 一致率3.8 % Cell(2,1): 一致率10.7 % Cell(3,1): 一致率0.1 % Cell(4,1): 一致率1.9 % Cell(5,1): 一致率0.0 % Cell(6,1): 一致率0.0 % Cell(0,2): 一致率0.0 % Cell(1,2): 一致率3.5 % Cell(2,2): 一致率0.7 % Cell(3,2): 一致率0.0 % Cell(4,2): 一致率3.3 % Cell(5,2): 一致率0.0 % Cell(6,2): 一致率0.0 % Cell(0,3): 一致率0.0 % Cell(1,3): 一致率0.5 % Cell(2,3): 一致率1.2 % Cell(3,3): 一致率0.0 % Cell(4,3): 一致率2.7 % Cell(5,3): 一致率0.0 % Cell(6,3): 一致率0.0 % Cell(0,4): 一致率0.2 % Cell(1,4): 一致率0.0 % Cell(2,4): 一致率0.2 % Cell(3,4): 一致率0.0 % Cell(4,4): 一致率0.6 % Cell(5,4): 一致率0.0 % Cell(6,4): 一致率0.0 % Cell(0,5): 一致率0.0 % Cell(1,5): 一致率0.1 % Cell(2,5): 一致率0.1 % Cell(3,5): 一致率0.0 % Cell(4,5): 一致率0.3 % Cell(5,5): 一致率0.0 % Cell(6,5): 一致率0.0 % Cell(0,6): 一致率0.0 % Cell(1,6): 一致率0.1 % Cell(2,6): 一致率0.0 % Cell(3,6): 一致率0.0 % Cell(4,6): 一致率0.0 % Cell(5,6): 一致率0.0 % Cell(6,6): 一致率0.0 % "
Stage079,Hex,20,20,あり,なし,0.0 %,"Cell(0,0): 一致率0.0 % Cell(1,0): 一致率0.0 % Cell(2,0): 一致率0.0 % Cell(3,0): 一致率0.0 % Cell(0,1): 一致率0.0 % Cell(1,1): 一致率0.0 % Cell(2,1): 一致率0.0 % Cell(3,1): 一致率0.0 % Cell(0,2): 一致率0.0 % Cell(1,2): 一致率0.0 % Cell(2,2): 一致率0.0 % Cell(3,2): 一致率0.0 % Cell(0,3): 一致率0.0 % Cell(1,3): 一致率0.0 % Cell(2,3): 一致率0.0 % Cell(3,3): 一致率0.0 % Cell(0,4): 一致率0.0 % Cell(1,4): 一致率0.0 % Cell(2,4): 一致率0.0 % Cell(3,4): 一致率0.0 % "
Stage080,Hex,35,35,あり,なし,0.0 %,"Cell(0,0): 一致率0.0 % Cell(1,0): 一致率0.0 % Cell(2,0): 一致率0.0 % Cell(3,0): 一致率0.0 % Cell(4,0): 一致率0.0 % Cell(0,1): 一致率0.0 % Cell(1,1): 一致率0.0 % Cell(2,1): 一致率0.0 % Cell(3,1): 一致率0.0 % Cell(4,1): 一致率0.0 % Cell(0,2): 一致率0.0 % Cell(1,2): 一致率0.0 % Cell(2,2): 一致率0.0 % Cell(3,2): 一致率0.0 % Cell(4,2): 一致率0.0 % Cell(0,3): 一致率0.0 % Cell(1,3): 一致率0.0 % Cell(2,3): 一致率0.0 % Cell(3,3): 一致率0.0 % Cell(4,3): 一致率0.0 % Cell(0,4): 一致率0.0 % Cell(1,4): 一致率0.0 % Cell(2,4): 一致率0.0 % Cell(3,4): 一致率0.0 % Cell(4,4): 一致率0.0 % Cell(0,5): 一致率0.0 % Cell(1,5): 一致率0.0 % Cell(2,5): 一致率0.0 % Cell(3,5): 一致率0.0 % Cell(4,5): 一致率0.0 % Cell(0,6): 一致率0.0 % Cell(1,6): 一致率0.0 % Cell(2,6): 一致率0.0 % Cell(3,6): 一致率0.0 % Cell(4,6): 一致率0.0 % "
Stage081,Hex,56,56,あり,なし,0.0 %,"Cell(0,0): 一致率0.0 % Cell(1,0): 一致率0.0 % Cell(2,0): 一致率0.0 % Cell(3,0): 一致率0.0 % Cell(4,0): 一致率0.0 % Cell(5,0): 一致率0.0 % Cell(6,0): 一致率0.0 % Cell(0,1): 一致率0.0 % Cell(1,1): 一致率0.0 % Cell(2,1): 一致率0.0 % Cell(3,1): 一致率0.0 % Cell(4,1): 一致率0.0 % Cell(5,1): 一致率0.0 % Cell(6,1): 一致率0.0 % Cell(0,2): 一致率0.0 % Cell(1,2): 一致率0.0 % Cell(2,2): 一致率0.0 % Cell(3,2): 一致率0.0 % Cell(4,2): 一致率0.0 % Cell(5,2): 一致率0.0 % Cell(6,2): 一致率0.0 % Cell(0,3): 一致率0.0 % Cell(1,3): 一致率0.0 % Cell(2,3): 一致率0.0 % Cell(3,3): 一致率0.0 % Cell(4,3): 一致率0.0 % Cell(5,3): 一致率0.0 % Cell(6,3): 一致率0.0 % Cell(0,4): 一致率0.0 % Cell(1,4): 一致率0.0 % Cell(2,4): 一致率0.0 % Cell(3,4): 一致率0.0 % Cell(4,4): 一致率0.0 % Cell(5,4): 一致率0.0 % Cell(6,4): 一致率0.0 % Cell(0,5): 一致率0.0 % Cell(1,5): 一致率0.0 % Cell(2,5): 一致率0.0 % Cell(3,5): 一致率0.0 % Cell(4,5): 一致率0.0 % Cell(5,5): 一致率0.0 % Cell(6,5): 一致率0.0 % Cell(0,6): 一致率0.0 % Cell(1,6): 一致率0.0 % Cell(2,6): 一致率0.0 % Cell(3,6): 一致率0.0 % Cell(4,6): 一致率0.0 % Cell(5,6): 一致率0.0 % Cell(6,6): 一致率0.0 % Cell(0,7): 一致率0.0 % Cell(1,7): 一致率0.0 % Cell(2,7): 一致率0.0 % Cell(3,7): 一致率0.0 % Cell(4,7): 一致率0.0 % Cell(5,7): 一致率0.0 % Cell(6,7): 一致率0.0 % "
Stage082,Square,20,20,あり,なし,0.0 %,"Cell(0,0): 一致率0.0 % Cell(1,0): 一致率0.0 % Cell(2,0): 一致率0.0 % Cell(3,0): 一致率0.0 % Cell(0,1): 一致率0.0 % Cell(1,1): 一致率0.0 % Cell(2,1): 一致率0.0 % Cell(3,1): 一致率0.0 % Cell(0,2): 一致率0.0 % Cell(1,2): 一致率0.0 % Cell(2,2): 一致率0.0 % Cell(3,2): 一致率0.0 % Cell(0,3): 一致率0.0 % Cell(1,3): 一致率0.0 % Cell(2,3): 一致率0.0 % Cell(3,3): 一致率0.0 % Cell(0,4): 一致率0.0 % Cell(1,4): 一致率0.0 % Cell(2,4): 一致率0.0 % Cell(3,4): 一致率0.0 % "
Stage083,Square,35,0,なし,なし,100.0 %,"Texture取得失敗/読取不可: 35セル "
Stage084,Square,56,56,あり,なし,0.0 %,"Cell(0,0): 一致率0.0 % Cell(1,0): 一致率0.0 % Cell(2,0): 一致率0.0 % Cell(3,0): 一致率0.0 % Cell(4,0): 一致率0.0 % Cell(5,0): 一致率0.0 % Cell(6,0): 一致率0.0 % Cell(0,1): 一致率0.0 % Cell(1,1): 一致率0.0 % Cell(2,1): 一致率0.0 % Cell(3,1): 一致率0.0 % Cell(4,1): 一致率0.0 % Cell(5,1): 一致率0.0 % Cell(6,1): 一致率0.0 % Cell(0,2): 一致率0.0 % Cell(1,2): 一致率0.0 % Cell(2,2): 一致率0.0 % Cell(3,2): 一致率0.0 % Cell(4,2): 一致率0.0 % Cell(5,2): 一致率0.0 % Cell(6,2): 一致率0.0 % Cell(0,3): 一致率0.0 % Cell(1,3): 一致率0.0 % Cell(2,3): 一致率0.0 % Cell(3,3): 一致率0.0 % Cell(4,3): 一致率0.0 % Cell(5,3): 一致率0.0 % Cell(6,3): 一致率0.0 % Cell(0,4): 一致率0.0 % Cell(1,4): 一致率0.0 % Cell(2,4): 一致率0.0 % Cell(3,4): 一致率0.0 % Cell(4,4): 一致率0.0 % Cell(5,4): 一致率0.0 % Cell(6,4): 一致率0.0 % Cell(0,5): 一致率0.0 % Cell(1,5): 一致率0.0 % Cell(2,5): 一致率0.0 % Cell(3,5): 一致率0.0 % Cell(4,5): 一致率0.0 % Cell(5,5): 一致率0.0 % Cell(6,5): 一致率0.0 % Cell(0,6): 一致率0.0 % Cell(1,6): 一致率0.0 % Cell(2,6): 一致率0.0 % Cell(3,6): 一致率0.0 % Cell(4,6): 一致率0.0 % Cell(5,6): 一致率0.0 % Cell(6,6): 一致率0.0 % Cell(0,7): 一致率0.0 % Cell(1,7): 一致率0.0 % Cell(2,7): 一致率0.0 % Cell(3,7): 一致率0.0 % Cell(4,7): 一致率0.0 % Cell(5,7): 一致率0.0 % Cell(6,7): 一致率0.0 % "
Stage085,Triangle,36,36,あり,なし,0.0 %,"Cell(0,0): 一致率0.6 % Cell(1,0): 一致率6.2 % Cell(2,0): 一致率0.2 % Cell(3,0): 一致率0.0 % Cell(4,0): 一致率0.0 % Cell(5,0): 一致率0.0 % Cell(0,1): 一致率1.5 % Cell(1,1): 一致率0.5 % Cell(2,1): 一致率0.1 % Cell(3,1): 一致率0.1 % Cell(4,1): 一致率0.0 % Cell(5,1): 一致率0.0 % Cell(0,2): 一致率0.2 % Cell(1,2): 一致率0.0 % Cell(2,2): 一致率0.1 % Cell(3,2): 一致率0.0 % Cell(4,2): 一致率0.0 % Cell(5,2): 一致率0.0 % Cell(0,3): 一致率0.2 % Cell(1,3): 一致率0.0 % Cell(2,3): 一致率0.0 % Cell(3,3): 一致率0.0 % Cell(4,3): 一致率0.1 % Cell(5,3): 一致率0.0 % Cell(0,4): 一致率0.3 % Cell(1,4): 一致率0.0 % Cell(2,4): 一致率0.5 % Cell(3,4): 一致率0.0 % Cell(4,4): 一致率0.0 % Cell(5,4): 一致率0.0 % Cell(0,5): 一致率0.4 % Cell(1,5): 一致率5.0 % Cell(2,5): 一致率1.5 % Cell(3,5): 一致率0.0 % Cell(4,5): 一致率0.0 % Cell(5,5): 一致率0.0 % "
Stage086,Triangle,36,36,あり,なし,0.0 %,"Cell(0,0): 一致率0.7 % Cell(1,0): 一致率0.0 % Cell(2,0): 一致率6.1 % Cell(3,0): 一致率5.2 % Cell(4,0): 一致率11.7 % Cell(5,0): 一致率0.0 % Cell(0,1): 一致率0.3 % Cell(1,1): 一致率0.5 % Cell(2,1): 一致率3.6 % Cell(3,1): 一致率8.0 % Cell(4,1): 一致率12.7 % Cell(5,1): 一致率0.0 % Cell(0,2): 一致率1.8 % Cell(1,2): 一致率0.1 % Cell(2,2): 一致率0.1 % Cell(3,2): 一致率0.0 % Cell(4,2): 一致率0.2 % Cell(5,2): 一致率0.0 % Cell(0,3): 一致率1.3 % Cell(1,3): 一致率2.0 % Cell(2,3): 一致率0.9 % Cell(3,3): 一致率3.3 % Cell(4,3): 一致率1.1 % Cell(5,3): 一致率0.0 % Cell(0,4): 一致率5.3 % Cell(1,4): 一致率6.9 % Cell(2,4): 一致率1.2 % Cell(3,4): 一致率3.7 % Cell(4,4): 一致率0.0 % Cell(5,4): 一致率0.0 % Cell(0,5): 一致率0.1 % Cell(1,5): 一致率1.4 % Cell(2,5): 一致率1.1 % Cell(3,5): 一致率0.7 % Cell(4,5): 一致率5.8 % Cell(5,5): 一致率0.0 % "
Stage087,Triangle,49,49,あり,なし,0.0 %,"Cell(0,0): 一致率0.0 % Cell(1,0): 一致率0.0 % Cell(2,0): 一致率1.8 % Cell(3,0): 一致率1.5 % Cell(4,0): 一致率23.2 % Cell(5,0): 一致率0.0 % Cell(6,0): 一致率0.0 % Cell(0,1): 一致率0.0 % Cell(1,1): 一致率0.0 % Cell(2,1): 一致率3.8 % Cell(3,1): 一致率0.0 % Cell(4,1): 一致率2.6 % Cell(5,1): 一致率0.0 % Cell(6,1): 一致率0.0 % Cell(0,2): 一致率0.0 % Cell(1,2): 一致率0.1 % Cell(2,2): 一致率0.3 % Cell(3,2): 一致率0.0 % Cell(4,2): 一致率0.0 % Cell(5,2): 一致率0.0 % Cell(6,2): 一致率0.0 % Cell(0,3): 一致率0.8 % Cell(1,3): 一致率0.8 % Cell(2,3): 一致率0.2 % Cell(3,3): 一致率0.0 % Cell(4,3): 一致率0.0 % Cell(5,3): 一致率0.0 % Cell(6,3): 一致率0.0 % Cell(0,4): 一致率0.0 % Cell(1,4): 一致率0.0 % Cell(2,4): 一致率0.0 % Cell(3,4): 一致率0.0 % Cell(4,4): 一致率0.0 % Cell(5,4): 一致率0.0 % Cell(6,4): 一致率0.0 % Cell(0,5): 一致率7.1 % Cell(1,5): 一致率0.6 % Cell(2,5): 一致率0.2 % Cell(3,5): 一致率2.5 % Cell(4,5): 一致率1.1 % Cell(5,5): 一致率0.0 % Cell(6,5): 一致率0.0 % Cell(0,6): 一致率46.3 % Cell(1,6): 一致率26.4 % Cell(2,6): 一致率7.8 % Cell(3,6): 一致率0.4 % Cell(4,6): 一致率1.2 % Cell(5,6): 一致率0.0 % Cell(6,6): 一致率0.0 % "
Stage088,Hex,35,35,あり,なし,0.0 %,"Cell(0,0): 一致率0.0 % Cell(1,0): 一致率0.0 % Cell(2,0): 一致率0.0 % Cell(3,0): 一致率0.0 % Cell(4,0): 一致率0.0 % Cell(0,1): 一致率0.0 % Cell(1,1): 一致率0.0 % Cell(2,1): 一致率0.0 % Cell(3,1): 一致率0.0 % Cell(4,1): 一致率0.0 % Cell(0,2): 一致率0.0 % Cell(1,2): 一致率0.0 % Cell(2,2): 一致率0.0 % Cell(3,2): 一致率0.0 % Cell(4,2): 一致率0.0 % Cell(0,3): 一致率0.0 % Cell(1,3): 一致率0.0 % Cell(2,3): 一致率0.0 % Cell(3,3): 一致率0.0 % Cell(4,3): 一致率0.0 % Cell(0,4): 一致率0.0 % Cell(1,4): 一致率0.0 % Cell(2,4): 一致率0.0 % Cell(3,4): 一致率0.0 % Cell(4,4): 一致率0.0 % Cell(0,5): 一致率0.0 % Cell(1,5): 一致率0.0 % Cell(2,5): 一致率0.0 % Cell(3,5): 一致率0.0 % Cell(4,5): 一致率0.0 % Cell(0,6): 一致率0.0 % Cell(1,6): 一致率0.0 % Cell(2,6): 一致率0.0 % Cell(3,6): 一致率0.0 % Cell(4,6): 一致率0.0 % "
Stage089,Hex,35,35,あり,なし,0.0 %,"Cell(0,0): 一致率0.0 % Cell(1,0): 一致率0.0 % Cell(2,0): 一致率0.0 % Cell(3,0): 一致率0.0 % Cell(4,0): 一致率0.0 % Cell(0,1): 一致率0.0 % Cell(1,1): 一致率0.0 % Cell(2,1): 一致率0.0 % Cell(3,1): 一致率0.0 % Cell(4,1): 一致率0.0 % Cell(0,2): 一致率0.0 % Cell(1,2): 一致率0.0 % Cell(2,2): 一致率0.0 % Cell(3,2): 一致率0.0 % Cell(4,2): 一致率0.0 % Cell(0,3): 一致率0.0 % Cell(1,3): 一致率0.0 % Cell(2,3): 一致率0.0 % Cell(3,3): 一致率0.0 % Cell(4,3): 一致率0.0 % Cell(0,4): 一致率0.0 % Cell(1,4): 一致率0.0 % Cell(2,4): 一致率0.0 % Cell(3,4): 一致率0.0 % Cell(4,4): 一致率0.0 % Cell(0,5): 一致率0.0 % Cell(1,5): 一致率0.0 % Cell(2,5): 一致率0.0 % Cell(3,5): 一致率0.0 % Cell(4,5): 一致率0.0 % Cell(0,6): 一致率0.0 % Cell(1,6): 一致率0.0 % Cell(2,6): 一致率0.0 % Cell(3,6): 一致率0.0 % Cell(4,6): 一致率0.0 % "
Stage090,Hex,56,56,あり,なし,0.0 %,"Cell(0,0): 一致率0.0 % Cell(1,0): 一致率0.0 % Cell(2,0): 一致率0.0 % Cell(3,0): 一致率0.0 % Cell(4,0): 一致率0.0 % Cell(5,0): 一致率0.0 % Cell(6,0): 一致率0.0 % Cell(0,1): 一致率0.0 % Cell(1,1): 一致率0.0 % Cell(2,1): 一致率0.0 % Cell(3,1): 一致率0.0 % Cell(4,1): 一致率0.0 % Cell(5,1): 一致率0.0 % Cell(6,1): 一致率0.0 % Cell(0,2): 一致率0.0 % Cell(1,2): 一致率0.0 % Cell(2,2): 一致率0.0 % Cell(3,2): 一致率0.0 % Cell(4,2): 一致率0.0 % Cell(5,2): 一致率0.0 % Cell(6,2): 一致率0.0 % Cell(0,3): 一致率0.0 % Cell(1,3): 一致率0.0 % Cell(2,3): 一致率0.0 % Cell(3,3): 一致率0.0 % Cell(4,3): 一致率0.0 % Cell(5,3): 一致率0.0 % Cell(6,3): 一致率0.0 % Cell(0,4): 一致率0.0 % Cell(1,4): 一致率0.0 % Cell(2,4): 一致率0.0 % Cell(3,4): 一致率0.0 % Cell(4,4): 一致率0.0 % Cell(5,4): 一致率0.0 % Cell(6,4): 一致率0.0 % Cell(0,5): 一致率0.0 % Cell(1,5): 一致率0.0 % Cell(2,5): 一致率0.0 % Cell(3,5): 一致率0.0 % Cell(4,5): 一致率0.0 % Cell(5,5): 一致率0.0 % Cell(6,5): 一致率0.0 % Cell(0,6): 一致率0.0 % Cell(1,6): 一致率0.0 % Cell(2,6): 一致率0.0 % Cell(3,6): 一致率0.0 % Cell(4,6): 一致率0.0 % Cell(5,6): 一致率0.0 % Cell(6,6): 一致率0.0 % Cell(0,7): 一致率0.0 % Cell(1,7): 一致率0.0 % Cell(2,7): 一致率0.0 % Cell(3,7): 一致率0.0 % Cell(4,7): 一致率0.0 % Cell(5,7): 一致率0.0 % Cell(6,7): 一致率0.0 % "
Stage091,Square,20,20,あり,なし,0.0 %,"Cell(0,0): 一致率0.0 % Cell(1,0): 一致率0.0 % Cell(2,0): 一致率0.0 % Cell(3,0): 一致率0.0 % Cell(0,1): 一致率0.0 % Cell(1,1): 一致率0.0 % Cell(2,1): 一致率0.0 % Cell(3,1): 一致率0.0 % Cell(0,2): 一致率0.0 % Cell(1,2): 一致率0.0 % Cell(2,2): 一致率0.0 % Cell(3,2): 一致率0.0 % Cell(0,3): 一致率0.0 % Cell(1,3): 一致率0.0 % Cell(2,3): 一致率0.0 % Cell(3,3): 一致率0.0 % Cell(0,4): 一致率0.0 % Cell(1,4): 一致率0.0 % Cell(2,4): 一致率0.0 % Cell(3,4): 一致率0.0 % "
Stage092,Square,35,35,あり,なし,0.0 %,"Cell(0,0): 一致率0.0 % Cell(1,0): 一致率0.0 % Cell(2,0): 一致率0.0 % Cell(3,0): 一致率0.0 % Cell(4,0): 一致率0.0 % Cell(0,1): 一致率0.0 % Cell(1,1): 一致率0.0 % Cell(2,1): 一致率0.0 % Cell(3,1): 一致率0.0 % Cell(4,1): 一致率0.0 % Cell(0,2): 一致率0.0 % Cell(1,2): 一致率0.0 % Cell(2,2): 一致率0.0 % Cell(3,2): 一致率0.0 % Cell(4,2): 一致率0.0 % Cell(0,3): 一致率0.0 % Cell(1,3): 一致率0.0 % Cell(2,3): 一致率0.0 % Cell(3,3): 一致率0.0 % Cell(4,3): 一致率0.0 % Cell(0,4): 一致率0.0 % Cell(1,4): 一致率0.0 % Cell(2,4): 一致率0.0 % Cell(3,4): 一致率0.0 % Cell(4,4): 一致率0.0 % Cell(0,5): 一致率0.0 % Cell(1,5): 一致率0.0 % Cell(2,5): 一致率0.0 % Cell(3,5): 一致率0.0 % Cell(4,5): 一致率0.0 % Cell(0,6): 一致率0.0 % Cell(1,6): 一致率0.0 % Cell(2,6): 一致率0.0 % Cell(3,6): 一致率0.0 % Cell(4,6): 一致率0.0 % "
Stage093,Square,56,56,あり,なし,0.0 %,"Cell(0,0): 一致率0.0 % Cell(1,0): 一致率0.0 % Cell(2,0): 一致率0.0 % Cell(3,0): 一致率0.0 % Cell(4,0): 一致率0.0 % Cell(5,0): 一致率0.0 % Cell(6,0): 一致率0.0 % Cell(0,1): 一致率0.0 % Cell(1,1): 一致率0.0 % Cell(2,1): 一致率0.0 % Cell(3,1): 一致率0.0 % Cell(4,1): 一致率0.0 % Cell(5,1): 一致率0.0 % Cell(6,1): 一致率0.0 % Cell(0,2): 一致率0.0 % Cell(1,2): 一致率0.0 % Cell(2,2): 一致率0.0 % Cell(3,2): 一致率0.0 % Cell(4,2): 一致率0.0 % Cell(5,2): 一致率0.0 % Cell(6,2): 一致率0.0 % Cell(0,3): 一致率0.0 % Cell(1,3): 一致率0.0 % Cell(2,3): 一致率0.0 % Cell(3,3): 一致率0.0 % Cell(4,3): 一致率0.0 % Cell(5,3): 一致率0.0 % Cell(6,3): 一致率0.0 % Cell(0,4): 一致率0.0 % Cell(1,4): 一致率0.0 % Cell(2,4): 一致率0.0 % Cell(3,4): 一致率0.0 % Cell(4,4): 一致率0.0 % Cell(5,4): 一致率0.0 % Cell(6,4): 一致率0.0 % Cell(0,5): 一致率0.0 % Cell(1,5): 一致率0.0 % Cell(2,5): 一致率0.0 % Cell(3,5): 一致率0.0 % Cell(4,5): 一致率0.0 % Cell(5,5): 一致率0.0 % Cell(6,5): 一致率0.0 % Cell(0,6): 一致率0.0 % Cell(1,6): 一致率0.0 % Cell(2,6): 一致率0.0 % Cell(3,6): 一致率0.0 % Cell(4,6): 一致率0.0 % Cell(5,6): 一致率0.0 % Cell(6,6): 一致率0.0 % Cell(0,7): 一致率0.0 % Cell(1,7): 一致率0.0 % Cell(2,7): 一致率0.0 % Cell(3,7): 一致率0.0 % Cell(4,7): 一致率0.0 % Cell(5,7): 一致率0.0 % Cell(6,7): 一致率0.0 % "
Stage094,Triangle,20,20,あり,なし,0.0 %,"Cell(0,0): 一致率4.0 % Cell(1,0): 一致率13.9 % Cell(2,0): 一致率3.5 % Cell(3,0): 一致率0.0 % Cell(0,1): 一致率5.8 % Cell(1,1): 一致率2.5 % Cell(2,1): 一致率1.3 % Cell(3,1): 一致率0.0 % Cell(0,2): 一致率1.1 % Cell(1,2): 一致率0.2 % Cell(2,2): 一致率0.0 % Cell(3,2): 一致率0.0 % Cell(0,3): 一致率1.3 % Cell(1,3): 一致率3.1 % Cell(2,3): 一致率1.3 % Cell(3,3): 一致率0.0 % Cell(0,4): 一致率11.8 % Cell(1,4): 一致率14.2 % Cell(2,4): 一致率7.6 % Cell(3,4): 一致率0.0 % "
Stage095,Triangle,36,36,あり,なし,0.0 %,"Cell(0,0): 一致率2.0 % Cell(1,0): 一致率0.1 % Cell(2,0): 一致率0.0 % Cell(3,0): 一致率0.5 % Cell(4,0): 一致率1.0 % Cell(5,0): 一致率0.0 % Cell(0,1): 一致率0.0 % Cell(1,1): 一致率0.1 % Cell(2,1): 一致率1.0 % Cell(3,1): 一致率0.5 % Cell(4,1): 一致率0.2 % Cell(5,1): 一致率0.0 % Cell(0,2): 一致率0.0 % Cell(1,2): 一致率0.1 % Cell(2,2): 一致率0.4 % Cell(3,2): 一致率0.2 % Cell(4,2): 一致率1.3 % Cell(5,2): 一致率0.0 % Cell(0,3): 一致率0.2 % Cell(1,3): 一致率0.8 % Cell(2,3): 一致率1.0 % Cell(3,3): 一致率0.3 % Cell(4,3): 一致率0.8 % Cell(5,3): 一致率0.0 % Cell(0,4): 一致率0.7 % Cell(1,4): 一致率0.1 % Cell(2,4): 一致率0.1 % Cell(3,4): 一致率0.4 % Cell(4,4): 一致率0.5 % Cell(5,4): 一致率0.0 % Cell(0,5): 一致率0.1 % Cell(1,5): 一致率0.3 % Cell(2,5): 一致率0.0 % Cell(3,5): 一致率0.0 % Cell(4,5): 一致率0.4 % Cell(5,5): 一致率0.0 % "
Stage096,Triangle,49,49,あり,なし,0.0 %,"Cell(0,0): 一致率0.0 % Cell(1,0): 一致率0.4 % Cell(2,0): 一致率0.4 % Cell(3,0): 一致率0.0 % Cell(4,0): 一致率0.0 % Cell(5,0): 一致率0.0 % Cell(6,0): 一致率0.0 % Cell(0,1): 一致率0.0 % Cell(1,1): 一致率0.0 % Cell(2,1): 一致率1.9 % Cell(3,1): 一致率0.2 % Cell(4,1): 一致率0.0 % Cell(5,1): 一致率0.0 % Cell(6,1): 一致率0.0 % Cell(0,2): 一致率0.0 % Cell(1,2): 一致率0.1 % Cell(2,2): 一致率0.0 % Cell(3,2): 一致率0.0 % Cell(4,2): 一致率0.0 % Cell(5,2): 一致率0.0 % Cell(6,2): 一致率0.0 % Cell(0,3): 一致率0.0 % Cell(1,3): 一致率1.7 % Cell(2,3): 一致率0.9 % Cell(3,3): 一致率1.7 % Cell(4,3): 一致率0.2 % Cell(5,3): 一致率0.0 % Cell(6,3): 一致率0.0 % Cell(0,4): 一致率1.2 % Cell(1,4): 一致率13.4 % Cell(2,4): 一致率0.4 % Cell(3,4): 一致率0.6 % Cell(4,4): 一致率0.0 % Cell(5,4): 一致率0.0 % Cell(6,4): 一致率0.0 % Cell(0,5): 一致率0.5 % Cell(1,5): 一致率1.1 % Cell(2,5): 一致率0.1 % Cell(3,5): 一致率0.0 % Cell(4,5): 一致率0.0 % Cell(5,5): 一致率0.0 % Cell(6,5): 一致率0.0 % Cell(0,6): 一致率0.6 % Cell(1,6): 一致率0.1 % Cell(2,6): 一致率0.0 % Cell(3,6): 一致率0.0 % Cell(4,6): 一致率0.0 % Cell(5,6): 一致率0.0 % Cell(6,6): 一致率0.0 % "
Stage097,Hex,35,35,あり,なし,0.0 %,"Cell(0,0): 一致率0.0 % Cell(1,0): 一致率0.0 % Cell(2,0): 一致率0.0 % Cell(3,0): 一致率0.0 % Cell(4,0): 一致率0.0 % Cell(0,1): 一致率0.0 % Cell(1,1): 一致率0.0 % Cell(2,1): 一致率0.0 % Cell(3,1): 一致率0.0 % Cell(4,1): 一致率0.0 % Cell(0,2): 一致率0.0 % Cell(1,2): 一致率0.0 % Cell(2,2): 一致率0.0 % Cell(3,2): 一致率0.0 % Cell(4,2): 一致率0.0 % Cell(0,3): 一致率0.0 % Cell(1,3): 一致率0.0 % Cell(2,3): 一致率0.0 % Cell(3,3): 一致率0.0 % Cell(4,3): 一致率0.0 % Cell(0,4): 一致率0.0 % Cell(1,4): 一致率0.0 % Cell(2,4): 一致率0.0 % Cell(3,4): 一致率0.0 % Cell(4,4): 一致率0.0 % Cell(0,5): 一致率0.0 % Cell(1,5): 一致率0.0 % Cell(2,5): 一致率0.0 % Cell(3,5): 一致率0.0 % Cell(4,5): 一致率0.0 % Cell(0,6): 一致率0.0 % Cell(1,6): 一致率0.0 % Cell(2,6): 一致率0.0 % Cell(3,6): 一致率0.0 % Cell(4,6): 一致率0.0 % "
Stage098,Hex,35,35,あり,なし,0.0 %,"Cell(0,0): 一致率0.0 % Cell(1,0): 一致率0.0 % Cell(2,0): 一致率0.0 % Cell(3,0): 一致率0.0 % Cell(4,0): 一致率0.0 % Cell(0,1): 一致率0.0 % Cell(1,1): 一致率0.0 % Cell(2,1): 一致率0.0 % Cell(3,1): 一致率0.0 % Cell(4,1): 一致率0.0 % Cell(0,2): 一致率0.0 % Cell(1,2): 一致率0.0 % Cell(2,2): 一致率0.0 % Cell(3,2): 一致率0.0 % Cell(4,2): 一致率0.0 % Cell(0,3): 一致率0.0 % Cell(1,3): 一致率0.0 % Cell(2,3): 一致率0.0 % Cell(3,3): 一致率0.0 % Cell(4,3): 一致率0.0 % Cell(0,4): 一致率0.0 % Cell(1,4): 一致率0.0 % Cell(2,4): 一致率0.0 % Cell(3,4): 一致率0.0 % Cell(4,4): 一致率0.0 % Cell(0,5): 一致率0.0 % Cell(1,5): 一致率0.0 % Cell(2,5): 一致率0.0 % Cell(3,5): 一致率0.0 % Cell(4,5): 一致率0.0 % Cell(0,6): 一致率0.0 % Cell(1,6): 一致率0.0 % Cell(2,6): 一致率0.0 % Cell(3,6): 一致率0.0 % Cell(4,6): 一致率0.0 % "
Stage099,Hex,56,56,あり,なし,0.0 %,"Cell(0,0): 一致率0.0 % Cell(1,0): 一致率0.0 % Cell(2,0): 一致率0.0 % Cell(3,0): 一致率0.0 % Cell(4,0): 一致率0.0 % Cell(5,0): 一致率0.0 % Cell(6,0): 一致率0.0 % Cell(0,1): 一致率0.0 % Cell(1,1): 一致率0.0 % Cell(2,1): 一致率0.0 % Cell(3,1): 一致率0.0 % Cell(4,1): 一致率0.0 % Cell(5,1): 一致率0.0 % Cell(6,1): 一致率0.0 % Cell(0,2): 一致率0.0 % Cell(1,2): 一致率0.0 % Cell(2,2): 一致率0.0 % Cell(3,2): 一致率0.0 % Cell(4,2): 一致率0.0 % Cell(5,2): 一致率0.0 % Cell(6,2): 一致率0.0 % Cell(0,3): 一致率0.0 % Cell(1,3): 一致率0.0 % Cell(2,3): 一致率0.0 % Cell(3,3): 一致率0.0 % Cell(4,3): 一致率0.0 % Cell(5,3): 一致率0.0 % Cell(6,3): 一致率0.0 % Cell(0,4): 一致率0.0 % Cell(1,4): 一致率0.0 % Cell(2,4): 一致率0.0 % Cell(3,4): 一致率0.0 % Cell(4,4): 一致率0.0 % Cell(5,4): 一致率0.0 % Cell(6,4): 一致率0.0 % Cell(0,5): 一致率0.0 % Cell(1,5): 一致率0.0 % Cell(2,5): 一致率0.0 % Cell(3,5): 一致率0.0 % Cell(4,5): 一致率0.0 % Cell(5,5): 一致率0.0 % Cell(6,5): 一致率0.0 % Cell(0,6): 一致率0.0 % Cell(1,6): 一致率0.0 % Cell(2,6): 一致率0.0 % Cell(3,6): 一致率0.0 % Cell(4,6): 一致率0.0 % Cell(5,6): 一致率0.0 % Cell(6,6): 一致率0.0 % Cell(0,7): 一致率0.0 % Cell(1,7): 一致率0.0 % Cell(2,7): 一致率0.0 % Cell(3,7): 一致率0.0 % Cell(4,7): 一致率0.0 % Cell(5,7): 一致率0.0 % Cell(6,7): 一致率0.0 % "
Stage100,Square,20,20,あり,なし,0.0 %,"Cell(0,0): 一致率0.0 % Cell(1,0): 一致率0.0 % Cell(2,0): 一致率0.0 % Cell(3,0): 一致率0.0 % Cell(0,1): 一致率0.0 % Cell(1,1): 一致率0.0 % Cell(2,1): 一致率0.0 % Cell(3,1): 一致率0.0 % Cell(0,2): 一致率0.0 % Cell(1,2): 一致率0.0 % Cell(2,2): 一致率0.0 % Cell(3,2): 一致率0.0 % Cell(0,3): 一致率0.0 % Cell(1,3): 一致率0.0 % Cell(2,3): 一致率0.0 % Cell(3,3): 一致率0.0 % Cell(0,4): 一致率0.0 % Cell(1,4): 一致率0.0 % Cell(2,4): 一致率0.0 % Cell(3,4): 一致率0.0 % "
Stage101,Square,35,35,あり,なし,0.0 %,"Cell(0,0): 一致率0.0 % Cell(1,0): 一致率0.0 % Cell(2,0): 一致率0.0 % Cell(3,0): 一致率0.0 % Cell(4,0): 一致率0.0 % Cell(0,1): 一致率0.0 % Cell(1,1): 一致率0.0 % Cell(2,1): 一致率0.0 % Cell(3,1): 一致率0.0 % Cell(4,1): 一致率0.0 % Cell(0,2): 一致率0.0 % Cell(1,2): 一致率0.0 % Cell(2,2): 一致率0.0 % Cell(3,2): 一致率0.0 % Cell(4,2): 一致率0.0 % Cell(0,3): 一致率0.0 % Cell(1,3): 一致率0.0 % Cell(2,3): 一致率0.0 % Cell(3,3): 一致率0.0 % Cell(4,3): 一致率0.0 % Cell(0,4): 一致率0.0 % Cell(1,4): 一致率0.0 % Cell(2,4): 一致率0.0 % Cell(3,4): 一致率0.0 % Cell(4,4): 一致率0.0 % Cell(0,5): 一致率0.0 % Cell(1,5): 一致率0.0 % Cell(2,5): 一致率0.0 % Cell(3,5): 一致率0.0 % Cell(4,5): 一致率0.0 % Cell(0,6): 一致率0.0 % Cell(1,6): 一致率0.0 % Cell(2,6): 一致率0.0 % Cell(3,6): 一致率0.0 % Cell(4,6): 一致率0.0 % "
Stage102,Square,48,48,あり,なし,0.0 %,"Cell(0,0): 一致率0.0 % Cell(1,0): 一致率0.0 % Cell(2,0): 一致率0.0 % Cell(3,0): 一致率0.0 % Cell(4,0): 一致率0.0 % Cell(5,0): 一致率0.0 % Cell(0,1): 一致率0.0 % Cell(1,1): 一致率0.0 % Cell(2,1): 一致率0.0 % Cell(3,1): 一致率0.0 % Cell(4,1): 一致率0.0 % Cell(5,1): 一致率0.0 % Cell(0,2): 一致率0.0 % Cell(1,2): 一致率0.0 % Cell(2,2): 一致率0.0 % Cell(3,2): 一致率0.0 % Cell(4,2): 一致率0.0 % Cell(5,2): 一致率0.0 % Cell(0,3): 一致率0.0 % Cell(1,3): 一致率0.0 % Cell(2,3): 一致率0.0 % Cell(3,3): 一致率0.0 % Cell(4,3): 一致率0.0 % Cell(5,3): 一致率0.0 % Cell(0,4): 一致率0.0 % Cell(1,4): 一致率0.0 % Cell(2,4): 一致率0.0 % Cell(3,4): 一致率0.0 % Cell(4,4): 一致率0.0 % Cell(5,4): 一致率0.0 % Cell(0,5): 一致率0.0 % Cell(1,5): 一致率0.0 % Cell(2,5): 一致率0.0 % Cell(3,5): 一致率0.0 % Cell(4,5): 一致率0.0 % Cell(5,5): 一致率0.0 % Cell(0,6): 一致率0.0 % Cell(1,6): 一致率0.0 % Cell(2,6): 一致率0.0 % Cell(3,6): 一致率0.0 % Cell(4,6): 一致率0.0 % Cell(5,6): 一致率0.0 % Cell(0,7): 一致率0.0 % Cell(1,7): 一致率0.0 % Cell(2,7): 一致率0.0 % Cell(3,7): 一致率0.0 % Cell(4,7): 一致率0.0 % Cell(5,7): 一致率0.0 % "
Stage103,Triangle,36,36,あり,なし,0.0 %,"Cell(0,0): 一致率0.2 % Cell(1,0): 一致率0.5 % Cell(2,0): 一致率1.8 % Cell(3,0): 一致率1.5 % Cell(4,0): 一致率1.6 % Cell(5,0): 一致率0.0 % Cell(0,1): 一致率0.2 % Cell(1,1): 一致率0.0 % Cell(2,1): 一致率0.0 % Cell(3,1): 一致率1.7 % Cell(4,1): 一致率2.4 % Cell(5,1): 一致率0.0 % Cell(0,2): 一致率0.0 % Cell(1,2): 一致率0.0 % Cell(2,2): 一致率0.0 % Cell(3,2): 一致率0.2 % Cell(4,2): 一致率0.3 % Cell(5,2): 一致率0.0 % Cell(0,3): 一致率0.3 % Cell(1,3): 一致率0.2 % Cell(2,3): 一致率0.1 % Cell(3,3): 一致率0.0 % Cell(4,3): 一致率0.1 % Cell(5,3): 一致率0.0 % Cell(0,4): 一致率0.3 % Cell(1,4): 一致率1.1 % Cell(2,4): 一致率0.5 % Cell(3,4): 一致率0.0 % Cell(4,4): 一致率0.3 % Cell(5,4): 一致率0.0 % Cell(0,5): 一致率1.0 % Cell(1,5): 一致率1.0 % Cell(2,5): 一致率0.3 % Cell(3,5): 一致率0.2 % Cell(4,5): 一致率0.4 % Cell(5,5): 一致率0.0 % "
Stage104,Triangle,36,36,あり,なし,0.0 %,"Cell(0,0): 一致率0.1 % Cell(1,0): 一致率0.2 % Cell(2,0): 一致率0.1 % Cell(3,0): 一致率5.8 % Cell(4,0): 一致率4.7 % Cell(5,0): 一致率0.0 % Cell(0,1): 一致率23.4 % Cell(1,1): 一致率11.2 % Cell(2,1): 一致率0.5 % Cell(3,1): 一致率0.1 % Cell(4,1): 一致率9.2 % Cell(5,1): 一致率0.0 % Cell(0,2): 一致率32.9 % Cell(1,2): 一致率14.6 % Cell(2,2): 一致率0.0 % Cell(3,2): 一致率0.0 % Cell(4,2): 一致率0.0 % Cell(5,2): 一致率0.0 % Cell(0,3): 一致率9.1 % Cell(1,3): 一致率0.6 % Cell(2,3): 一致率0.4 % Cell(3,3): 一致率13.8 % Cell(4,3): 一致率0.5 % Cell(5,3): 一致率0.0 % Cell(0,4): 一致率24.6 % Cell(1,4): 一致率14.1 % Cell(2,4): 一致率2.7 % Cell(3,4): 一致率7.5 % Cell(4,4): 一致率5.0 % Cell(5,4): 一致率0.0 % Cell(0,5): 一致率38.2 % Cell(1,5): 一致率23.3 % Cell(2,5): 一致率5.9 % Cell(3,5): 一致率21.5 % Cell(4,5): 一致率3.2 % Cell(5,5): 一致率0.0 % "
Stage105,Triangle,56,56,あり,なし,0.0 %,"Cell(0,0): 一致率0.0 % Cell(1,0): 一致率0.0 % Cell(2,0): 一致率0.0 % Cell(3,0): 一致率0.0 % Cell(4,0): 一致率0.0 % Cell(5,0): 一致率0.0 % Cell(6,0): 一致率0.0 % Cell(7,0): 一致率0.0 % Cell(0,1): 一致率0.0 % Cell(1,1): 一致率0.0 % Cell(2,1): 一致率0.0 % Cell(3,1): 一致率0.0 % Cell(4,1): 一致率0.0 % Cell(5,1): 一致率0.0 % Cell(6,1): 一致率0.0 % Cell(7,1): 一致率0.0 % Cell(0,2): 一致率0.0 % Cell(1,2): 一致率0.0 % Cell(2,2): 一致率0.0 % Cell(3,2): 一致率0.0 % Cell(4,2): 一致率0.0 % Cell(5,2): 一致率0.0 % Cell(6,2): 一致率0.0 % Cell(7,2): 一致率0.0 % Cell(0,3): 一致率0.0 % Cell(1,3): 一致率0.0 % Cell(2,3): 一致率0.0 % Cell(3,3): 一致率0.0 % Cell(4,3): 一致率0.0 % Cell(5,3): 一致率0.0 % Cell(6,3): 一致率0.0 % Cell(7,3): 一致率0.0 % Cell(0,4): 一致率0.0 % Cell(1,4): 一致率0.0 % Cell(2,4): 一致率0.0 % Cell(3,4): 一致率0.0 % Cell(4,4): 一致率0.0 % Cell(5,4): 一致率0.0 % Cell(6,4): 一致率0.0 % Cell(7,4): 一致率0.0 % Cell(0,5): 一致率0.0 % Cell(1,5): 一致率0.0 % Cell(2,5): 一致率0.0 % Cell(3,5): 一致率0.0 % Cell(4,5): 一致率0.0 % Cell(5,5): 一致率0.0 % Cell(6,5): 一致率0.0 % Cell(7,5): 一致率0.0 % Cell(0,6): 一致率0.0 % Cell(1,6): 一致率0.0 % Cell(2,6): 一致率0.0 % Cell(3,6): 一致率0.0 % Cell(4,6): 一致率0.0 % Cell(5,6): 一致率0.0 % Cell(6,6): 一致率0.0 % Cell(7,6): 一致率0.0 % "
Stage106,Hex,35,35,あり,なし,0.0 %,"Cell(0,0): 一致率0.0 % Cell(1,0): 一致率0.0 % Cell(2,0): 一致率0.0 % Cell(3,0): 一致率0.0 % Cell(4,0): 一致率0.0 % Cell(0,1): 一致率0.0 % Cell(1,1): 一致率0.0 % Cell(2,1): 一致率0.0 % Cell(3,1): 一致率0.0 % Cell(4,1): 一致率0.0 % Cell(0,2): 一致率0.0 % Cell(1,2): 一致率0.0 % Cell(2,2): 一致率0.0 % Cell(3,2): 一致率0.0 % Cell(4,2): 一致率0.0 % Cell(0,3): 一致率0.0 % Cell(1,3): 一致率0.0 % Cell(2,3): 一致率0.0 % Cell(3,3): 一致率0.0 % Cell(4,3): 一致率0.0 % Cell(0,4): 一致率0.0 % Cell(1,4): 一致率0.0 % Cell(2,4): 一致率0.0 % Cell(3,4): 一致率0.0 % Cell(4,4): 一致率0.0 % Cell(0,5): 一致率0.0 % Cell(1,5): 一致率0.0 % Cell(2,5): 一致率0.0 % Cell(3,5): 一致率0.0 % Cell(4,5): 一致率0.0 % Cell(0,6): 一致率0.0 % Cell(1,6): 一致率0.0 % Cell(2,6): 一致率0.0 % Cell(3,6): 一致率0.0 % Cell(4,6): 一致率0.0 % "
Stage107,Hex,35,35,あり,なし,0.0 %,"Cell(0,0): 一致率0.0 % Cell(1,0): 一致率0.0 % Cell(2,0): 一致率0.0 % Cell(3,0): 一致率0.0 % Cell(4,0): 一致率0.0 % Cell(0,1): 一致率0.0 % Cell(1,1): 一致率0.0 % Cell(2,1): 一致率0.0 % Cell(3,1): 一致率0.0 % Cell(4,1): 一致率0.0 % Cell(0,2): 一致率0.0 % Cell(1,2): 一致率0.0 % Cell(2,2): 一致率0.0 % Cell(3,2): 一致率0.0 % Cell(4,2): 一致率0.0 % Cell(0,3): 一致率0.0 % Cell(1,3): 一致率0.0 % Cell(2,3): 一致率0.0 % Cell(3,3): 一致率0.0 % Cell(4,3): 一致率0.0 % Cell(0,4): 一致率0.0 % Cell(1,4): 一致率0.0 % Cell(2,4): 一致率0.0 % Cell(3,4): 一致率0.0 % Cell(4,4): 一致率0.0 % Cell(0,5): 一致率0.0 % Cell(1,5): 一致率0.0 % Cell(2,5): 一致率0.0 % Cell(3,5): 一致率0.0 % Cell(4,5): 一致率0.0 % Cell(0,6): 一致率0.0 % Cell(1,6): 一致率0.0 % Cell(2,6): 一致率0.0 % Cell(3,6): 一致率0.0 % Cell(4,6): 一致率0.0 % "
Stage108,Hex,48,0,なし,なし,100.0 %,"Texture取得失敗/読取不可: 48セル "
Stage109,Square,20,20,あり,なし,0.0 %,"Cell(0,0): 一致率0.0 % Cell(1,0): 一致率0.0 % Cell(2,0): 一致率0.0 % Cell(3,0): 一致率0.0 % Cell(0,1): 一致率0.0 % Cell(1,1): 一致率0.0 % Cell(2,1): 一致率0.0 % Cell(3,1): 一致率0.0 % Cell(0,2): 一致率0.0 % Cell(1,2): 一致率0.0 % Cell(2,2): 一致率0.0 % Cell(3,2): 一致率0.0 % Cell(0,3): 一致率0.0 % Cell(1,3): 一致率0.0 % Cell(2,3): 一致率0.0 % Cell(3,3): 一致率0.0 % Cell(0,4): 一致率0.0 % Cell(1,4): 一致率0.0 % Cell(2,4): 一致率0.0 % Cell(3,4): 一致率0.0 % "
Stage110,Square,35,35,あり,なし,0.0 %,"Cell(0,0): 一致率0.0 % Cell(1,0): 一致率0.0 % Cell(2,0): 一致率0.0 % Cell(3,0): 一致率0.0 % Cell(4,0): 一致率0.0 % Cell(0,1): 一致率0.0 % Cell(1,1): 一致率0.0 % Cell(2,1): 一致率0.0 % Cell(3,1): 一致率0.0 % Cell(4,1): 一致率0.0 % Cell(0,2): 一致率0.0 % Cell(1,2): 一致率0.0 % Cell(2,2): 一致率0.0 % Cell(3,2): 一致率0.0 % Cell(4,2): 一致率0.0 % Cell(0,3): 一致率0.0 % Cell(1,3): 一致率0.0 % Cell(2,3): 一致率0.0 % Cell(3,3): 一致率0.0 % Cell(4,3): 一致率0.0 % Cell(0,4): 一致率0.0 % Cell(1,4): 一致率0.0 % Cell(2,4): 一致率0.0 % Cell(3,4): 一致率0.0 % Cell(4,4): 一致率0.0 % Cell(0,5): 一致率0.0 % Cell(1,5): 一致率0.0 % Cell(2,5): 一致率0.0 % Cell(3,5): 一致率0.0 % Cell(4,5): 一致率0.0 % Cell(0,6): 一致率0.0 % Cell(1,6): 一致率0.0 % Cell(2,6): 一致率0.0 % Cell(3,6): 一致率0.0 % Cell(4,6): 一致率0.0 % "
Stage111,Square,48,48,あり,なし,0.0 %,"Cell(0,0): 一致率0.0 % Cell(1,0): 一致率0.0 % Cell(2,0): 一致率0.0 % Cell(3,0): 一致率0.0 % Cell(4,0): 一致率0.0 % Cell(5,0): 一致率0.0 % Cell(0,1): 一致率0.0 % Cell(1,1): 一致率0.0 % Cell(2,1): 一致率0.0 % Cell(3,1): 一致率0.0 % Cell(4,1): 一致率0.0 % Cell(5,1): 一致率0.0 % Cell(0,2): 一致率0.0 % Cell(1,2): 一致率0.0 % Cell(2,2): 一致率0.0 % Cell(3,2): 一致率0.0 % Cell(4,2): 一致率0.0 % Cell(5,2): 一致率0.0 % Cell(0,3): 一致率0.0 % Cell(1,3): 一致率0.0 % Cell(2,3): 一致率0.0 % Cell(3,3): 一致率0.0 % Cell(4,3): 一致率0.0 % Cell(5,3): 一致率0.0 % Cell(0,4): 一致率0.0 % Cell(1,4): 一致率0.0 % Cell(2,4): 一致率0.0 % Cell(3,4): 一致率0.0 % Cell(4,4): 一致率0.0 % Cell(5,4): 一致率0.0 % Cell(0,5): 一致率0.0 % Cell(1,5): 一致率0.0 % Cell(2,5): 一致率0.0 % Cell(3,5): 一致率0.0 % Cell(4,5): 一致率0.0 % Cell(5,5): 一致率0.0 % Cell(0,6): 一致率0.0 % Cell(1,6): 一致率0.0 % Cell(2,6): 一致率0.0 % Cell(3,6): 一致率0.0 % Cell(4,6): 一致率0.0 % Cell(5,6): 一致率0.0 % Cell(0,7): 一致率0.0 % Cell(1,7): 一致率0.0 % Cell(2,7): 一致率0.0 % Cell(3,7): 一致率0.0 % Cell(4,7): 一致率0.0 % Cell(5,7): 一致率0.0 % "
Stage112,Triangle,36,36,あり,なし,0.0 %,"Cell(0,0): 一致率12.4 % Cell(1,0): 一致率11.5 % Cell(2,0): 一致率3.2 % Cell(3,0): 一致率0.4 % Cell(4,0): 一致率0.2 % Cell(5,0): 一致率0.0 % Cell(0,1): 一致率11.3 % Cell(1,1): 一致率22.0 % Cell(2,1): 一致率2.4 % Cell(3,1): 一致率0.1 % Cell(4,1): 一致率0.2 % Cell(5,1): 一致率0.0 % Cell(0,2): 一致率0.1 % Cell(1,2): 一致率0.6 % Cell(2,2): 一致率0.2 % Cell(3,2): 一致率0.6 % Cell(4,2): 一致率0.1 % Cell(5,2): 一致率0.0 % Cell(0,3): 一致率0.3 % Cell(1,3): 一致率0.1 % Cell(2,3): 一致率0.4 % Cell(3,3): 一致率0.4 % Cell(4,3): 一致率0.0 % Cell(5,3): 一致率0.0 % Cell(0,4): 一致率0.3 % Cell(1,4): 一致率0.4 % Cell(2,4): 一致率0.2 % Cell(3,4): 一致率0.8 % Cell(4,4): 一致率0.3 % Cell(5,4): 一致率0.0 % Cell(0,5): 一致率0.4 % Cell(1,5): 一致率1.1 % Cell(2,5): 一致率0.3 % Cell(3,5): 一致率5.4 % Cell(4,5): 一致率1.4 % Cell(5,5): 一致率0.0 % "
Stage113,Triangle,36,36,あり,なし,0.0 %,"Cell(0,0): 一致率9.7 % Cell(1,0): 一致率0.4 % Cell(2,0): 一致率2.2 % Cell(3,0): 一致率0.2 % Cell(4,0): 一致率2.6 % Cell(5,0): 一致率0.0 % Cell(0,1): 一致率0.2 % Cell(1,1): 一致率0.6 % Cell(2,1): 一致率0.1 % Cell(3,1): 一致率0.0 % Cell(4,1): 一致率1.5 % Cell(5,1): 一致率0.0 % Cell(0,2): 一致率0.0 % Cell(1,2): 一致率0.0 % Cell(2,2): 一致率0.2 % Cell(3,2): 一致率0.2 % Cell(4,2): 一致率0.0 % Cell(5,2): 一致率0.0 % Cell(0,3): 一致率0.8 % Cell(1,3): 一致率0.0 % Cell(2,3): 一致率0.1 % Cell(3,3): 一致率0.3 % Cell(4,3): 一致率0.0 % Cell(5,3): 一致率0.0 % Cell(0,4): 一致率0.8 % Cell(1,4): 一致率0.0 % Cell(2,4): 一致率0.0 % Cell(3,4): 一致率0.1 % Cell(4,4): 一致率0.1 % Cell(5,4): 一致率0.0 % Cell(0,5): 一致率3.1 % Cell(1,5): 一致率12.5 % Cell(2,5): 一致率5.5 % Cell(3,5): 一致率32.3 % Cell(4,5): 一致率11.9 % Cell(5,5): 一致率0.0 % "
Stage114,Triangle,56,56,あり,なし,0.0 %,"Cell(0,0): 一致率0.0 % Cell(1,0): 一致率0.0 % Cell(2,0): 一致率0.0 % Cell(3,0): 一致率0.0 % Cell(4,0): 一致率0.0 % Cell(5,0): 一致率0.0 % Cell(6,0): 一致率0.0 % Cell(7,0): 一致率0.0 % Cell(0,1): 一致率0.0 % Cell(1,1): 一致率0.0 % Cell(2,1): 一致率0.0 % Cell(3,1): 一致率0.0 % Cell(4,1): 一致率0.0 % Cell(5,1): 一致率0.0 % Cell(6,1): 一致率0.0 % Cell(7,1): 一致率0.0 % Cell(0,2): 一致率0.0 % Cell(1,2): 一致率0.0 % Cell(2,2): 一致率0.0 % Cell(3,2): 一致率0.0 % Cell(4,2): 一致率0.0 % Cell(5,2): 一致率0.0 % Cell(6,2): 一致率0.0 % Cell(7,2): 一致率0.0 % Cell(0,3): 一致率0.0 % Cell(1,3): 一致率0.0 % Cell(2,3): 一致率0.0 % Cell(3,3): 一致率0.0 % Cell(4,3): 一致率0.0 % Cell(5,3): 一致率0.0 % Cell(6,3): 一致率0.0 % Cell(7,3): 一致率0.0 % Cell(0,4): 一致率0.0 % Cell(1,4): 一致率0.0 % Cell(2,4): 一致率0.0 % Cell(3,4): 一致率0.0 % Cell(4,4): 一致率0.0 % Cell(5,4): 一致率0.0 % Cell(6,4): 一致率0.0 % Cell(7,4): 一致率0.0 % Cell(0,5): 一致率0.0 % Cell(1,5): 一致率0.0 % Cell(2,5): 一致率0.0 % Cell(3,5): 一致率0.0 % Cell(4,5): 一致率0.0 % Cell(5,5): 一致率0.0 % Cell(6,5): 一致率0.0 % Cell(7,5): 一致率0.0 % Cell(0,6): 一致率0.0 % Cell(1,6): 一致率0.0 % Cell(2,6): 一致率0.0 % Cell(3,6): 一致率0.0 % Cell(4,6): 一致率0.0 % Cell(5,6): 一致率0.0 % Cell(6,6): 一致率0.0 % Cell(7,6): 一致率0.0 % "
Stage115,Hex,35,35,あり,なし,0.0 %,"Cell(0,0): 一致率0.0 % Cell(1,0): 一致率0.0 % Cell(2,0): 一致率0.0 % Cell(3,0): 一致率0.0 % Cell(4,0): 一致率0.0 % Cell(0,1): 一致率0.0 % Cell(1,1): 一致率0.0 % Cell(2,1): 一致率0.0 % Cell(3,1): 一致率0.0 % Cell(4,1): 一致率0.0 % Cell(0,2): 一致率0.0 % Cell(1,2): 一致率0.0 % Cell(2,2): 一致率0.0 % Cell(3,2): 一致率0.0 % Cell(4,2): 一致率0.0 % Cell(0,3): 一致率0.0 % Cell(1,3): 一致率0.0 % Cell(2,3): 一致率0.0 % Cell(3,3): 一致率0.0 % Cell(4,3): 一致率0.0 % Cell(0,4): 一致率0.0 % Cell(1,4): 一致率0.0 % Cell(2,4): 一致率0.0 % Cell(3,4): 一致率0.0 % Cell(4,4): 一致率0.0 % Cell(0,5): 一致率0.0 % Cell(1,5): 一致率0.0 % Cell(2,5): 一致率0.0 % Cell(3,5): 一致率0.0 % Cell(4,5): 一致率0.0 % Cell(0,6): 一致率0.0 % Cell(1,6): 一致率0.0 % Cell(2,6): 一致率0.0 % Cell(3,6): 一致率0.0 % Cell(4,6): 一致率0.0 % "
Stage116,Hex,35,0,なし,なし,100.0 %,"Texture取得失敗/読取不可: 35セル "
Stage117,Hex,48,48,あり,なし,0.0 %,"Cell(0,0): 一致率0.0 % Cell(1,0): 一致率0.0 % Cell(2,0): 一致率0.0 % Cell(3,0): 一致率0.0 % Cell(4,0): 一致率0.0 % Cell(5,0): 一致率0.0 % Cell(0,1): 一致率0.0 % Cell(1,1): 一致率0.0 % Cell(2,1): 一致率0.0 % Cell(3,1): 一致率0.0 % Cell(4,1): 一致率0.0 % Cell(5,1): 一致率0.0 % Cell(0,2): 一致率0.0 % Cell(1,2): 一致率0.0 % Cell(2,2): 一致率0.0 % Cell(3,2): 一致率0.0 % Cell(4,2): 一致率0.0 % Cell(5,2): 一致率0.0 % Cell(0,3): 一致率0.0 % Cell(1,3): 一致率0.0 % Cell(2,3): 一致率0.0 % Cell(3,3): 一致率0.0 % Cell(4,3): 一致率0.0 % Cell(5,3): 一致率0.0 % Cell(0,4): 一致率0.0 % Cell(1,4): 一致率0.0 % Cell(2,4): 一致率0.0 % Cell(3,4): 一致率0.0 % Cell(4,4): 一致率0.0 % Cell(5,4): 一致率0.0 % Cell(0,5): 一致率0.0 % Cell(1,5): 一致率0.0 % Cell(2,5): 一致率0.0 % Cell(3,5): 一致率0.0 % Cell(4,5): 一致率0.0 % Cell(5,5): 一致率0.0 % Cell(0,6): 一致率0.0 % Cell(1,6): 一致率0.0 % Cell(2,6): 一致率0.0 % Cell(3,6): 一致率0.0 % Cell(4,6): 一致率0.0 % Cell(5,6): 一致率0.0 % Cell(0,7): 一致率0.0 % Cell(1,7): 一致率0.0 % Cell(2,7): 一致率0.0 % Cell(3,7): 一致率0.0 % Cell(4,7): 一致率0.0 % Cell(5,7): 一致率0.0 % "
Stage118,Square,20,20,あり,なし,0.0 %,"Cell(0,0): 一致率0.0 % Cell(1,0): 一致率0.0 % Cell(2,0): 一致率0.0 % Cell(3,0): 一致率0.0 % Cell(0,1): 一致率0.0 % Cell(1,1): 一致率0.0 % Cell(2,1): 一致率0.0 % Cell(3,1): 一致率0.0 % Cell(0,2): 一致率0.0 % Cell(1,2): 一致率0.0 % Cell(2,2): 一致率0.0 % Cell(3,2): 一致率0.0 % Cell(0,3): 一致率0.0 % Cell(1,3): 一致率0.0 % Cell(2,3): 一致率0.0 % Cell(3,3): 一致率0.0 % Cell(0,4): 一致率0.0 % Cell(1,4): 一致率0.0 % Cell(2,4): 一致率0.0 % Cell(3,4): 一致率0.0 % "
Stage119,Square,35,0,なし,なし,100.0 %,"Texture取得失敗/読取不可: 35セル "
Stage120,Square,56,56,あり,なし,0.0 %,"Cell(0,0): 一致率0.0 % Cell(1,0): 一致率0.0 % Cell(2,0): 一致率0.0 % Cell(3,0): 一致率0.0 % Cell(4,0): 一致率0.0 % Cell(5,0): 一致率0.0 % Cell(6,0): 一致率0.0 % Cell(0,1): 一致率0.0 % Cell(1,1): 一致率0.0 % Cell(2,1): 一致率0.0 % Cell(3,1): 一致率0.0 % Cell(4,1): 一致率0.0 % Cell(5,1): 一致率0.0 % Cell(6,1): 一致率0.0 % Cell(0,2): 一致率0.0 % Cell(1,2): 一致率0.0 % Cell(2,2): 一致率0.0 % Cell(3,2): 一致率0.0 % Cell(4,2): 一致率0.0 % Cell(5,2): 一致率0.0 % Cell(6,2): 一致率0.0 % Cell(0,3): 一致率0.0 % Cell(1,3): 一致率0.0 % Cell(2,3): 一致率0.0 % Cell(3,3): 一致率0.0 % Cell(4,3): 一致率0.0 % Cell(5,3): 一致率0.0 % Cell(6,3): 一致率0.0 % Cell(0,4): 一致率0.0 % Cell(1,4): 一致率0.0 % Cell(2,4): 一致率0.0 % Cell(3,4): 一致率0.0 % Cell(4,4): 一致率0.0 % Cell(5,4): 一致率0.0 % Cell(6,4): 一致率0.0 % Cell(0,5): 一致率0.0 % Cell(1,5): 一致率0.0 % Cell(2,5): 一致率0.0 % Cell(3,5): 一致率0.0 % Cell(4,5): 一致率0.0 % Cell(5,5): 一致率0.0 % Cell(6,5): 一致率0.0 % Cell(0,6): 一致率0.0 % Cell(1,6): 一致率0.0 % Cell(2,6): 一致率0.0 % Cell(3,6): 一致率0.0 % Cell(4,6): 一致率0.0 % Cell(5,6): 一致率0.0 % Cell(6,6): 一致率0.0 % Cell(0,7): 一致率0.0 % Cell(1,7): 一致率0.0 % Cell(2,7): 一致率0.0 % Cell(3,7): 一致率0.0 % Cell(4,7): 一致率0.0 % Cell(5,7): 一致率0.0 % Cell(6,7): 一致率0.0 % "
Stage121,Triangle,20,20,あり,なし,0.0 %,"Cell(0,0): 一致率0.0 % Cell(1,0): 一致率0.0 % Cell(2,0): 一致率0.0 % Cell(3,0): 一致率0.0 % Cell(0,1): 一致率0.0 % Cell(1,1): 一致率0.0 % Cell(2,1): 一致率0.1 % Cell(3,1): 一致率0.0 % Cell(0,2): 一致率0.0 % Cell(1,2): 一致率0.0 % Cell(2,2): 一致率0.0 % Cell(3,2): 一致率0.0 % Cell(0,3): 一致率0.0 % Cell(1,3): 一致率0.3 % Cell(2,3): 一致率0.0 % Cell(3,3): 一致率0.0 % Cell(0,4): 一致率1.1 % Cell(1,4): 一致率1.8 % Cell(2,4): 一致率14.0 % Cell(3,4): 一致率0.0 % "
Stage122,Triangle,36,36,あり,なし,0.0 %,"Cell(0,0): 一致率0.3 % Cell(1,0): 一致率1.2 % Cell(2,0): 一致率0.0 % Cell(3,0): 一致率0.4 % Cell(4,0): 一致率0.2 % Cell(5,0): 一致率0.0 % Cell(0,1): 一致率0.1 % Cell(1,1): 一致率0.1 % Cell(2,1): 一致率0.1 % Cell(3,1): 一致率0.0 % Cell(4,1): 一致率0.0 % Cell(5,1): 一致率0.0 % Cell(0,2): 一致率0.1 % Cell(1,2): 一致率0.0 % Cell(2,2): 一致率0.0 % Cell(3,2): 一致率0.5 % Cell(4,2): 一致率0.3 % Cell(5,2): 一致率0.0 % Cell(0,3): 一致率1.3 % Cell(1,3): 一致率0.0 % Cell(2,3): 一致率0.1 % Cell(3,3): 一致率0.2 % Cell(4,3): 一致率0.1 % Cell(5,3): 一致率0.0 % Cell(0,4): 一致率2.4 % Cell(1,4): 一致率1.3 % Cell(2,4): 一致率0.7 % Cell(3,4): 一致率0.6 % Cell(4,4): 一致率1.8 % Cell(5,4): 一致率0.0 % Cell(0,5): 一致率0.2 % Cell(1,5): 一致率1.4 % Cell(2,5): 一致率8.4 % Cell(3,5): 一致率13.1 % Cell(4,5): 一致率4.5 % Cell(5,5): 一致率0.0 % "
Stage123,Triangle,56,56,あり,なし,0.0 %,"Cell(0,0): 一致率0.0 % Cell(1,0): 一致率0.0 % Cell(2,0): 一致率0.0 % Cell(3,0): 一致率0.0 % Cell(4,0): 一致率0.0 % Cell(5,0): 一致率0.0 % Cell(6,0): 一致率0.0 % Cell(7,0): 一致率0.0 % Cell(0,1): 一致率0.0 % Cell(1,1): 一致率0.0 % Cell(2,1): 一致率0.0 % Cell(3,1): 一致率0.0 % Cell(4,1): 一致率0.0 % Cell(5,1): 一致率0.0 % Cell(6,1): 一致率0.0 % Cell(7,1): 一致率0.0 % Cell(0,2): 一致率0.0 % Cell(1,2): 一致率0.0 % Cell(2,2): 一致率0.0 % Cell(3,2): 一致率0.0 % Cell(4,2): 一致率0.0 % Cell(5,2): 一致率0.0 % Cell(6,2): 一致率0.0 % Cell(7,2): 一致率0.0 % Cell(0,3): 一致率0.0 % Cell(1,3): 一致率0.0 % Cell(2,3): 一致率0.0 % Cell(3,3): 一致率0.0 % Cell(4,3): 一致率0.0 % Cell(5,3): 一致率0.0 % Cell(6,3): 一致率0.0 % Cell(7,3): 一致率0.0 % Cell(0,4): 一致率0.0 % Cell(1,4): 一致率0.0 % Cell(2,4): 一致率0.0 % Cell(3,4): 一致率0.0 % Cell(4,4): 一致率0.0 % Cell(5,4): 一致率0.0 % Cell(6,4): 一致率0.0 % Cell(7,4): 一致率0.0 % Cell(0,5): 一致率0.0 % Cell(1,5): 一致率0.0 % Cell(2,5): 一致率0.0 % Cell(3,5): 一致率0.0 % Cell(4,5): 一致率0.0 % Cell(5,5): 一致率0.0 % Cell(6,5): 一致率0.0 % Cell(7,5): 一致率0.0 % Cell(0,6): 一致率0.0 % Cell(1,6): 一致率0.0 % Cell(2,6): 一致率0.0 % Cell(3,6): 一致率0.0 % Cell(4,6): 一致率0.0 % Cell(5,6): 一致率0.0 % Cell(6,6): 一致率0.0 % Cell(7,6): 一致率0.0 % "
Stage124,Hex,35,35,あり,なし,0.0 %,"Cell(0,0): 一致率0.0 % Cell(1,0): 一致率0.0 % Cell(2,0): 一致率0.0 % Cell(3,0): 一致率0.0 % Cell(4,0): 一致率0.0 % Cell(0,1): 一致率0.0 % Cell(1,1): 一致率0.0 % Cell(2,1): 一致率0.0 % Cell(3,1): 一致率0.0 % Cell(4,1): 一致率0.0 % Cell(0,2): 一致率0.0 % Cell(1,2): 一致率0.0 % Cell(2,2): 一致率0.0 % Cell(3,2): 一致率0.0 % Cell(4,2): 一致率0.0 % Cell(0,3): 一致率0.0 % Cell(1,3): 一致率0.0 % Cell(2,3): 一致率0.0 % Cell(3,3): 一致率0.0 % Cell(4,3): 一致率0.0 % Cell(0,4): 一致率0.0 % Cell(1,4): 一致率0.0 % Cell(2,4): 一致率0.0 % Cell(3,4): 一致率0.0 % Cell(4,4): 一致率0.0 % Cell(0,5): 一致率0.0 % Cell(1,5): 一致率0.0 % Cell(2,5): 一致率0.0 % Cell(3,5): 一致率0.0 % Cell(4,5): 一致率0.0 % Cell(0,6): 一致率0.0 % Cell(1,6): 一致率0.0 % Cell(2,6): 一致率0.0 % Cell(3,6): 一致率0.0 % Cell(4,6): 一致率0.0 % "
Stage125,Hex,35,35,あり,なし,0.0 %,"Cell(0,0): 一致率0.0 % Cell(1,0): 一致率0.0 % Cell(2,0): 一致率0.0 % Cell(3,0): 一致率0.0 % Cell(4,0): 一致率0.0 % Cell(0,1): 一致率0.0 % Cell(1,1): 一致率0.0 % Cell(2,1): 一致率0.0 % Cell(3,1): 一致率0.0 % Cell(4,1): 一致率0.0 % Cell(0,2): 一致率0.0 % Cell(1,2): 一致率0.0 % Cell(2,2): 一致率0.0 % Cell(3,2): 一致率0.0 % Cell(4,2): 一致率0.0 % Cell(0,3): 一致率0.0 % Cell(1,3): 一致率0.0 % Cell(2,3): 一致率0.0 % Cell(3,3): 一致率0.0 % Cell(4,3): 一致率0.0 % Cell(0,4): 一致率0.0 % Cell(1,4): 一致率0.0 % Cell(2,4): 一致率0.0 % Cell(3,4): 一致率0.0 % Cell(4,4): 一致率0.0 % Cell(0,5): 一致率0.0 % Cell(1,5): 一致率0.0 % Cell(2,5): 一致率0.0 % Cell(3,5): 一致率0.0 % Cell(4,5): 一致率0.0 % Cell(0,6): 一致率0.0 % Cell(1,6): 一致率0.0 % Cell(2,6): 一致率0.0 % Cell(3,6): 一致率0.0 % Cell(4,6): 一致率0.0 % "
Stage126,Hex,56,56,あり,なし,0.0 %,"Cell(0,0): 一致率0.0 % Cell(1,0): 一致率0.0 % Cell(2,0): 一致率0.0 % Cell(3,0): 一致率0.0 % Cell(4,0): 一致率0.0 % Cell(5,0): 一致率0.0 % Cell(6,0): 一致率0.0 % Cell(0,1): 一致率0.0 % Cell(1,1): 一致率0.0 % Cell(2,1): 一致率0.0 % Cell(3,1): 一致率0.0 % Cell(4,1): 一致率0.0 % Cell(5,1): 一致率0.0 % Cell(6,1): 一致率0.0 % Cell(0,2): 一致率0.0 % Cell(1,2): 一致率0.0 % Cell(2,2): 一致率0.0 % Cell(3,2): 一致率0.0 % Cell(4,2): 一致率0.0 % Cell(5,2): 一致率0.0 % Cell(6,2): 一致率0.0 % Cell(0,3): 一致率0.0 % Cell(1,3): 一致率0.0 % Cell(2,3): 一致率0.0 % Cell(3,3): 一致率0.0 % Cell(4,3): 一致率0.0 % Cell(5,3): 一致率0.0 % Cell(6,3): 一致率0.0 % Cell(0,4): 一致率0.0 % Cell(1,4): 一致率0.0 % Cell(2,4): 一致率0.0 % Cell(3,4): 一致率0.0 % Cell(4,4): 一致率0.0 % Cell(5,4): 一致率0.0 % Cell(6,4): 一致率0.0 % Cell(0,5): 一致率0.0 % Cell(1,5): 一致率0.0 % Cell(2,5): 一致率0.0 % Cell(3,5): 一致率0.0 % Cell(4,5): 一致率0.0 % Cell(5,5): 一致率0.0 % Cell(6,5): 一致率0.0 % Cell(0,6): 一致率0.0 % Cell(1,6): 一致率0.0 % Cell(2,6): 一致率0.0 % Cell(3,6): 一致率0.0 % Cell(4,6): 一致率0.0 % Cell(5,6): 一致率0.0 % Cell(6,6): 一致率0.0 % Cell(0,7): 一致率0.0 % Cell(1,7): 一致率0.0 % Cell(2,7): 一致率0.0 % Cell(3,7): 一致率0.0 % Cell(4,7): 一致率0.0 % Cell(5,7): 一致率0.0 % Cell(6,7): 一致率0.0 % "
Stage127,Square,35,35,あり,なし,0.0 %,"Cell(0,0): 一致率0.0 % Cell(1,0): 一致率0.0 % Cell(2,0): 一致率0.0 % Cell(3,0): 一致率0.0 % Cell(4,0): 一致率0.0 % Cell(0,1): 一致率0.0 % Cell(1,1): 一致率0.0 % Cell(2,1): 一致率0.0 % Cell(3,1): 一致率0.0 % Cell(4,1): 一致率0.0 % Cell(0,2): 一致率0.0 % Cell(1,2): 一致率0.0 % Cell(2,2): 一致率0.0 % Cell(3,2): 一致率0.0 % Cell(4,2): 一致率0.0 % Cell(0,3): 一致率0.0 % Cell(1,3): 一致率0.0 % Cell(2,3): 一致率0.0 % Cell(3,3): 一致率0.0 % Cell(4,3): 一致率0.0 % Cell(0,4): 一致率0.0 % Cell(1,4): 一致率0.0 % Cell(2,4): 一致率0.0 % Cell(3,4): 一致率0.0 % Cell(4,4): 一致率0.0 % Cell(0,5): 一致率0.0 % Cell(1,5): 一致率0.0 % Cell(2,5): 一致率0.0 % Cell(3,5): 一致率0.0 % Cell(4,5): 一致率0.0 % Cell(0,6): 一致率0.0 % Cell(1,6): 一致率0.0 % Cell(2,6): 一致率0.0 % Cell(3,6): 一致率0.0 % Cell(4,6): 一致率0.0 % "
Stage128,Square,35,35,あり,なし,0.0 %,"Cell(0,0): 一致率0.0 % Cell(1,0): 一致率0.0 % Cell(2,0): 一致率0.0 % Cell(3,0): 一致率0.0 % Cell(4,0): 一致率0.0 % Cell(0,1): 一致率0.0 % Cell(1,1): 一致率0.0 % Cell(2,1): 一致率0.0 % Cell(3,1): 一致率0.0 % Cell(4,1): 一致率0.0 % Cell(0,2): 一致率0.0 % Cell(1,2): 一致率0.0 % Cell(2,2): 一致率0.0 % Cell(3,2): 一致率0.0 % Cell(4,2): 一致率0.0 % Cell(0,3): 一致率0.0 % Cell(1,3): 一致率0.0 % Cell(2,3): 一致率0.0 % Cell(3,3): 一致率0.0 % Cell(4,3): 一致率0.0 % Cell(0,4): 一致率0.0 % Cell(1,4): 一致率0.0 % Cell(2,4): 一致率0.0 % Cell(3,4): 一致率0.0 % Cell(4,4): 一致率0.0 % Cell(0,5): 一致率0.0 % Cell(1,5): 一致率0.0 % Cell(2,5): 一致率0.0 % Cell(3,5): 一致率0.0 % Cell(4,5): 一致率0.0 % Cell(0,6): 一致率0.0 % Cell(1,6): 一致率0.0 % Cell(2,6): 一致率0.0 % Cell(3,6): 一致率0.0 % Cell(4,6): 一致率0.0 % "
Stage129,Square,48,0,なし,なし,100.0 %,"Texture取得失敗/読取不可: 48セル "
Stage130,Triangle,36,36,あり,なし,0.0 %,"Cell(0,0): 一致率3.1 % Cell(1,0): 一致率3.8 % Cell(2,0): 一致率2.5 % Cell(3,0): 一致率3.6 % Cell(4,0): 一致率4.4 % Cell(5,0): 一致率0.0 % Cell(0,1): 一致率2.3 % Cell(1,1): 一致率2.4 % Cell(2,1): 一致率2.0 % Cell(3,1): 一致率1.6 % Cell(4,1): 一致率4.0 % Cell(5,1): 一致率0.0 % Cell(0,2): 一致率3.2 % Cell(1,2): 一致率2.9 % Cell(2,2): 一致率1.6 % Cell(3,2): 一致率2.6 % Cell(4,2): 一致率1.7 % Cell(5,2): 一致率0.0 % Cell(0,3): 一致率1.6 % Cell(1,3): 一致率0.2 % Cell(2,3): 一致率0.2 % Cell(3,3): 一致率0.1 % Cell(4,3): 一致率0.9 % Cell(5,3): 一致率0.0 % Cell(0,4): 一致率1.3 % Cell(1,4): 一致率0.3 % Cell(2,4): 一致率0.0 % Cell(3,4): 一致率0.2 % Cell(4,4): 一致率1.3 % Cell(5,4): 一致率0.0 % Cell(0,5): 一致率0.1 % Cell(1,5): 一致率0.1 % Cell(2,5): 一致率0.4 % Cell(3,5): 一致率0.2 % Cell(4,5): 一致率0.5 % Cell(5,5): 一致率0.0 % "
Stage131,Triangle,36,36,あり,なし,0.0 %,"Cell(0,0): 一致率1.6 % Cell(1,0): 一致率0.5 % Cell(2,0): 一致率0.6 % Cell(3,0): 一致率0.2 % Cell(4,0): 一致率0.0 % Cell(5,0): 一致率0.0 % Cell(0,1): 一致率2.3 % Cell(1,1): 一致率0.7 % Cell(2,1): 一致率0.8 % Cell(3,1): 一致率0.0 % Cell(4,1): 一致率0.0 % Cell(5,1): 一致率0.0 % Cell(0,2): 一致率0.1 % Cell(1,2): 一致率0.3 % Cell(2,2): 一致率0.1 % Cell(3,2): 一致率0.4 % Cell(4,2): 一致率0.2 % Cell(5,2): 一致率0.0 % Cell(0,3): 一致率0.1 % Cell(1,3): 一致率0.1 % Cell(2,3): 一致率0.2 % Cell(3,3): 一致率0.9 % Cell(4,3): 一致率0.9 % Cell(5,3): 一致率0.0 % Cell(0,4): 一致率0.5 % Cell(1,4): 一致率0.3 % Cell(2,4): 一致率0.4 % Cell(3,4): 一致率0.1 % Cell(4,4): 一致率1.8 % Cell(5,4): 一致率0.0 % Cell(0,5): 一致率0.1 % Cell(1,5): 一致率0.3 % Cell(2,5): 一致率1.7 % Cell(3,5): 一致率0.0 % Cell(4,5): 一致率0.6 % Cell(5,5): 一致率0.0 % "
Stage132,Triangle,49,49,あり,なし,0.0 %,"Cell(0,0): 一致率0.1 % Cell(1,0): 一致率1.4 % Cell(2,0): 一致率1.9 % Cell(3,0): 一致率2.2 % Cell(4,0): 一致率1.5 % Cell(5,0): 一致率0.0 % Cell(6,0): 一致率0.0 % Cell(0,1): 一致率0.0 % Cell(1,1): 一致率0.8 % Cell(2,1): 一致率3.2 % Cell(3,1): 一致率1.0 % Cell(4,1): 一致率0.1 % Cell(5,1): 一致率0.0 % Cell(6,1): 一致率0.0 % Cell(0,2): 一致率0.0 % Cell(1,2): 一致率0.8 % Cell(2,2): 一致率1.6 % Cell(3,2): 一致率0.9 % Cell(4,2): 一致率0.3 % Cell(5,2): 一致率0.0 % Cell(6,2): 一致率0.0 % Cell(0,3): 一致率0.0 % Cell(1,3): 一致率0.1 % Cell(2,3): 一致率0.1 % Cell(3,3): 一致率0.2 % Cell(4,3): 一致率0.3 % Cell(5,3): 一致率0.0 % Cell(6,3): 一致率0.0 % Cell(0,4): 一致率0.9 % Cell(1,4): 一致率1.9 % Cell(2,4): 一致率5.3 % Cell(3,4): 一致率0.2 % Cell(4,4): 一致率2.6 % Cell(5,4): 一致率0.0 % Cell(6,4): 一致率0.0 % Cell(0,5): 一致率0.4 % Cell(1,5): 一致率1.1 % Cell(2,5): 一致率2.9 % Cell(3,5): 一致率3.5 % Cell(4,5): 一致率0.0 % Cell(5,5): 一致率0.0 % Cell(6,5): 一致率0.0 % Cell(0,6): 一致率0.2 % Cell(1,6): 一致率1.6 % Cell(2,6): 一致率0.2 % Cell(3,6): 一致率0.6 % Cell(4,6): 一致率0.8 % Cell(5,6): 一致率0.0 % Cell(6,6): 一致率0.0 % "
Stage133,Hex,20,20,あり,なし,0.0 %,"Cell(0,0): 一致率0.0 % Cell(1,0): 一致率0.0 % Cell(2,0): 一致率0.0 % Cell(3,0): 一致率0.0 % Cell(0,1): 一致率0.0 % Cell(1,1): 一致率0.0 % Cell(2,1): 一致率0.0 % Cell(3,1): 一致率0.0 % Cell(0,2): 一致率0.0 % Cell(1,2): 一致率0.0 % Cell(2,2): 一致率0.0 % Cell(3,2): 一致率0.0 % Cell(0,3): 一致率0.0 % Cell(1,3): 一致率0.0 % Cell(2,3): 一致率0.0 % Cell(3,3): 一致率0.0 % Cell(0,4): 一致率0.0 % Cell(1,4): 一致率0.0 % Cell(2,4): 一致率0.0 % Cell(3,4): 一致率0.0 % "
Stage134,Hex,35,35,あり,なし,0.0 %,"Cell(0,0): 一致率0.0 % Cell(1,0): 一致率0.0 % Cell(2,0): 一致率0.0 % Cell(3,0): 一致率0.0 % Cell(4,0): 一致率0.0 % Cell(0,1): 一致率0.0 % Cell(1,1): 一致率0.0 % Cell(2,1): 一致率0.0 % Cell(3,1): 一致率0.0 % Cell(4,1): 一致率0.0 % Cell(0,2): 一致率0.0 % Cell(1,2): 一致率0.0 % Cell(2,2): 一致率0.0 % Cell(3,2): 一致率0.0 % Cell(4,2): 一致率0.0 % Cell(0,3): 一致率0.0 % Cell(1,3): 一致率0.0 % Cell(2,3): 一致率0.0 % Cell(3,3): 一致率0.0 % Cell(4,3): 一致率0.0 % Cell(0,4): 一致率0.0 % Cell(1,4): 一致率0.0 % Cell(2,4): 一致率0.0 % Cell(3,4): 一致率0.0 % Cell(4,4): 一致率0.0 % Cell(0,5): 一致率0.0 % Cell(1,5): 一致率0.0 % Cell(2,5): 一致率0.0 % Cell(3,5): 一致率0.0 % Cell(4,5): 一致率0.0 % Cell(0,6): 一致率0.0 % Cell(1,6): 一致率0.0 % Cell(2,6): 一致率0.0 % Cell(3,6): 一致率0.0 % Cell(4,6): 一致率0.0 % "
Stage135,Hex,48,48,あり,なし,0.0 %,"Cell(0,0): 一致率0.0 % Cell(1,0): 一致率0.0 % Cell(2,0): 一致率0.0 % Cell(3,0): 一致率0.0 % Cell(4,0): 一致率0.0 % Cell(5,0): 一致率0.0 % Cell(0,1): 一致率0.0 % Cell(1,1): 一致率0.0 % Cell(2,1): 一致率0.0 % Cell(3,1): 一致率0.0 % Cell(4,1): 一致率0.0 % Cell(5,1): 一致率0.0 % Cell(0,2): 一致率0.0 % Cell(1,2): 一致率0.0 % Cell(2,2): 一致率0.0 % Cell(3,2): 一致率0.0 % Cell(4,2): 一致率0.0 % Cell(5,2): 一致率0.0 % Cell(0,3): 一致率0.0 % Cell(1,3): 一致率0.0 % Cell(2,3): 一致率0.0 % Cell(3,3): 一致率0.0 % Cell(4,3): 一致率0.0 % Cell(5,3): 一致率0.0 % Cell(0,4): 一致率0.0 % Cell(1,4): 一致率0.0 % Cell(2,4): 一致率0.0 % Cell(3,4): 一致率0.0 % Cell(4,4): 一致率0.0 % Cell(5,4): 一致率0.0 % Cell(0,5): 一致率0.0 % Cell(1,5): 一致率0.0 % Cell(2,5): 一致率0.0 % Cell(3,5): 一致率0.0 % Cell(4,5): 一致率0.0 % Cell(5,5): 一致率0.0 % Cell(0,6): 一致率0.0 % Cell(1,6): 一致率0.0 % Cell(2,6): 一致率0.0 % Cell(3,6): 一致率0.0 % Cell(4,6): 一致率0.0 % Cell(5,6): 一致率0.0 % Cell(0,7): 一致率0.0 % Cell(1,7): 一致率0.0 % Cell(2,7): 一致率0.0 % Cell(3,7): 一致率0.0 % Cell(4,7): 一致率0.0 % Cell(5,7): 一致率0.0 % "
Stage136,Square,35,35,あり,なし,0.0 %,"Cell(0,0): 一致率0.0 % Cell(1,0): 一致率0.0 % Cell(2,0): 一致率0.0 % Cell(3,0): 一致率0.0 % Cell(4,0): 一致率0.0 % Cell(0,1): 一致率0.0 % Cell(1,1): 一致率0.0 % Cell(2,1): 一致率0.0 % Cell(3,1): 一致率0.0 % Cell(4,1): 一致率0.0 % Cell(0,2): 一致率0.0 % Cell(1,2): 一致率0.0 % Cell(2,2): 一致率0.0 % Cell(3,2): 一致率0.0 % Cell(4,2): 一致率0.0 % Cell(0,3): 一致率0.0 % Cell(1,3): 一致率0.0 % Cell(2,3): 一致率0.0 % Cell(3,3): 一致率0.0 % Cell(4,3): 一致率0.0 % Cell(0,4): 一致率0.0 % Cell(1,4): 一致率0.0 % Cell(2,4): 一致率0.0 % Cell(3,4): 一致率0.0 % Cell(4,4): 一致率0.0 % Cell(0,5): 一致率0.0 % Cell(1,5): 一致率0.0 % Cell(2,5): 一致率0.0 % Cell(3,5): 一致率0.0 % Cell(4,5): 一致率0.0 % Cell(0,6): 一致率0.0 % Cell(1,6): 一致率0.0 % Cell(2,6): 一致率0.0 % Cell(3,6): 一致率0.0 % Cell(4,6): 一致率0.0 % "
Stage137,Square,35,35,あり,なし,0.0 %,"Cell(0,0): 一致率0.0 % Cell(1,0): 一致率0.0 % Cell(2,0): 一致率0.0 % Cell(3,0): 一致率0.0 % Cell(4,0): 一致率0.0 % Cell(0,1): 一致率0.0 % Cell(1,1): 一致率0.0 % Cell(2,1): 一致率0.0 % Cell(3,1): 一致率0.0 % Cell(4,1): 一致率0.0 % Cell(0,2): 一致率0.0 % Cell(1,2): 一致率0.0 % Cell(2,2): 一致率0.0 % Cell(3,2): 一致率0.0 % Cell(4,2): 一致率0.0 % Cell(0,3): 一致率0.0 % Cell(1,3): 一致率0.0 % Cell(2,3): 一致率0.0 % Cell(3,3): 一致率0.0 % Cell(4,3): 一致率0.0 % Cell(0,4): 一致率0.0 % Cell(1,4): 一致率0.0 % Cell(2,4): 一致率0.0 % Cell(3,4): 一致率0.0 % Cell(4,4): 一致率0.0 % Cell(0,5): 一致率0.0 % Cell(1,5): 一致率0.0 % Cell(2,5): 一致率0.0 % Cell(3,5): 一致率0.0 % Cell(4,5): 一致率0.0 % Cell(0,6): 一致率0.0 % Cell(1,6): 一致率0.0 % Cell(2,6): 一致率0.0 % Cell(3,6): 一致率0.0 % Cell(4,6): 一致率0.0 % "
Stage138,Square,48,48,あり,なし,0.0 %,"Cell(0,0): 一致率0.0 % Cell(1,0): 一致率0.0 % Cell(2,0): 一致率0.0 % Cell(3,0): 一致率0.0 % Cell(4,0): 一致率0.0 % Cell(5,0): 一致率0.0 % Cell(0,1): 一致率0.0 % Cell(1,1): 一致率0.0 % Cell(2,1): 一致率0.0 % Cell(3,1): 一致率0.0 % Cell(4,1): 一致率0.0 % Cell(5,1): 一致率0.0 % Cell(0,2): 一致率0.0 % Cell(1,2): 一致率0.0 % Cell(2,2): 一致率0.0 % Cell(3,2): 一致率0.0 % Cell(4,2): 一致率0.0 % Cell(5,2): 一致率0.0 % Cell(0,3): 一致率0.0 % Cell(1,3): 一致率0.0 % Cell(2,3): 一致率0.0 % Cell(3,3): 一致率0.0 % Cell(4,3): 一致率0.0 % Cell(5,3): 一致率0.0 % Cell(0,4): 一致率0.0 % Cell(1,4): 一致率0.0 % Cell(2,4): 一致率0.0 % Cell(3,4): 一致率0.0 % Cell(4,4): 一致率0.0 % Cell(5,4): 一致率0.0 % Cell(0,5): 一致率0.0 % Cell(1,5): 一致率0.0 % Cell(2,5): 一致率0.0 % Cell(3,5): 一致率0.0 % Cell(4,5): 一致率0.0 % Cell(5,5): 一致率0.0 % Cell(0,6): 一致率0.0 % Cell(1,6): 一致率0.0 % Cell(2,6): 一致率0.0 % Cell(3,6): 一致率0.0 % Cell(4,6): 一致率0.0 % Cell(5,6): 一致率0.0 % Cell(0,7): 一致率0.0 % Cell(1,7): 一致率0.0 % Cell(2,7): 一致率0.0 % Cell(3,7): 一致率0.0 % Cell(4,7): 一致率0.0 % Cell(5,7): 一致率0.0 % "
Stage139,Triangle,20,20,あり,なし,0.0 %,"Cell(0,0): 一致率2.6 % Cell(1,0): 一致率0.4 % Cell(2,0): 一致率0.0 % Cell(3,0): 一致率0.0 % Cell(0,1): 一致率0.7 % Cell(1,1): 一致率0.0 % Cell(2,1): 一致率0.0 % Cell(3,1): 一致率0.0 % Cell(0,2): 一致率1.0 % Cell(1,2): 一致率0.1 % Cell(2,2): 一致率0.2 % Cell(3,2): 一致率0.0 % Cell(0,3): 一致率0.6 % Cell(1,3): 一致率0.9 % Cell(2,3): 一致率0.6 % Cell(3,3): 一致率0.0 % Cell(0,4): 一致率2.5 % Cell(1,4): 一致率0.4 % Cell(2,4): 一致率0.5 % Cell(3,4): 一致率0.0 % "
Stage140,Triangle,36,36,あり,なし,0.0 %,"Cell(0,0): 一致率1.1 % Cell(1,0): 一致率1.0 % Cell(2,0): 一致率0.1 % Cell(3,0): 一致率0.1 % Cell(4,0): 一致率0.0 % Cell(5,0): 一致率0.0 % Cell(0,1): 一致率0.1 % Cell(1,1): 一致率0.2 % Cell(2,1): 一致率0.0 % Cell(3,1): 一致率0.0 % Cell(4,1): 一致率0.0 % Cell(5,1): 一致率0.0 % Cell(0,2): 一致率0.1 % Cell(1,2): 一致率0.0 % Cell(2,2): 一致率0.1 % Cell(3,2): 一致率0.0 % Cell(4,2): 一致率0.2 % Cell(5,2): 一致率0.0 % Cell(0,3): 一致率0.3 % Cell(1,3): 一致率0.0 % Cell(2,3): 一致率0.0 % Cell(3,3): 一致率0.8 % Cell(4,3): 一致率1.7 % Cell(5,3): 一致率0.0 % Cell(0,4): 一致率0.4 % Cell(1,4): 一致率0.4 % Cell(2,4): 一致率0.0 % Cell(3,4): 一致率0.0 % Cell(4,4): 一致率0.1 % Cell(5,4): 一致率0.0 % Cell(0,5): 一致率0.1 % Cell(1,5): 一致率0.3 % Cell(2,5): 一致率0.1 % Cell(3,5): 一致率0.4 % Cell(4,5): 一致率0.1 % Cell(5,5): 一致率0.0 % "
Stage141,Triangle,49,49,あり,なし,0.0 %,"Cell(0,0): 一致率0.0 % Cell(1,0): 一致率0.1 % Cell(2,0): 一致率0.2 % Cell(3,0): 一致率0.2 % Cell(4,0): 一致率1.2 % Cell(5,0): 一致率0.0 % Cell(6,0): 一致率0.0 % Cell(0,1): 一致率0.0 % Cell(1,1): 一致率0.4 % Cell(2,1): 一致率0.4 % Cell(3,1): 一致率0.1 % Cell(4,1): 一致率0.0 % Cell(5,1): 一致率0.0 % Cell(6,1): 一致率0.0 % Cell(0,2): 一致率0.2 % Cell(1,2): 一致率0.4 % Cell(2,2): 一致率3.9 % Cell(3,2): 一致率0.2 % Cell(4,2): 一致率0.5 % Cell(5,2): 一致率0.0 % Cell(6,2): 一致率0.0 % Cell(0,3): 一致率0.0 % Cell(1,3): 一致率1.1 % Cell(2,3): 一致率2.0 % Cell(3,3): 一致率0.3 % Cell(4,3): 一致率0.6 % Cell(5,3): 一致率0.0 % Cell(6,3): 一致率0.0 % Cell(0,4): 一致率0.0 % Cell(1,4): 一致率0.4 % Cell(2,4): 一致率0.0 % Cell(3,4): 一致率0.0 % Cell(4,4): 一致率0.0 % Cell(5,4): 一致率0.0 % Cell(6,4): 一致率0.0 % Cell(0,5): 一致率2.4 % Cell(1,5): 一致率4.2 % Cell(2,5): 一致率0.0 % Cell(3,5): 一致率0.0 % Cell(4,5): 一致率0.0 % Cell(5,5): 一致率0.0 % Cell(6,5): 一致率0.0 % Cell(0,6): 一致率0.4 % Cell(1,6): 一致率1.3 % Cell(2,6): 一致率1.4 % Cell(3,6): 一致率0.4 % Cell(4,6): 一致率0.2 % Cell(5,6): 一致率0.0 % Cell(6,6): 一致率0.0 % "
Stage142,Hex,20,20,あり,なし,0.0 %,"Cell(0,0): 一致率0.0 % Cell(1,0): 一致率0.0 % Cell(2,0): 一致率0.0 % Cell(3,0): 一致率0.0 % Cell(0,1): 一致率0.0 % Cell(1,1): 一致率0.0 % Cell(2,1): 一致率0.0 % Cell(3,1): 一致率0.0 % Cell(0,2): 一致率0.0 % Cell(1,2): 一致率0.0 % Cell(2,2): 一致率0.0 % Cell(3,2): 一致率0.0 % Cell(0,3): 一致率0.0 % Cell(1,3): 一致率0.0 % Cell(2,3): 一致率0.0 % Cell(3,3): 一致率0.0 % Cell(0,4): 一致率0.0 % Cell(1,4): 一致率0.0 % Cell(2,4): 一致率0.0 % Cell(3,4): 一致率0.0 % "
Stage143,Hex,35,35,あり,なし,0.0 %,"Cell(0,0): 一致率0.0 % Cell(1,0): 一致率0.0 % Cell(2,0): 一致率0.0 % Cell(3,0): 一致率0.0 % Cell(4,0): 一致率0.0 % Cell(0,1): 一致率0.0 % Cell(1,1): 一致率0.0 % Cell(2,1): 一致率0.0 % Cell(3,1): 一致率0.0 % Cell(4,1): 一致率0.0 % Cell(0,2): 一致率0.0 % Cell(1,2): 一致率0.0 % Cell(2,2): 一致率0.0 % Cell(3,2): 一致率0.0 % Cell(4,2): 一致率0.0 % Cell(0,3): 一致率0.0 % Cell(1,3): 一致率0.0 % Cell(2,3): 一致率0.0 % Cell(3,3): 一致率0.0 % Cell(4,3): 一致率0.0 % Cell(0,4): 一致率0.0 % Cell(1,4): 一致率0.0 % Cell(2,4): 一致率0.0 % Cell(3,4): 一致率0.0 % Cell(4,4): 一致率0.0 % Cell(0,5): 一致率0.0 % Cell(1,5): 一致率0.0 % Cell(2,5): 一致率0.0 % Cell(3,5): 一致率0.0 % Cell(4,5): 一致率0.0 % Cell(0,6): 一致率0.0 % Cell(1,6): 一致率0.0 % Cell(2,6): 一致率0.0 % Cell(3,6): 一致率0.0 % Cell(4,6): 一致率0.0 % "
Stage144,Hex,56,56,あり,なし,0.0 %,"Cell(0,0): 一致率0.0 % Cell(1,0): 一致率0.0 % Cell(2,0): 一致率0.0 % Cell(3,0): 一致率0.0 % Cell(4,0): 一致率0.0 % Cell(5,0): 一致率0.0 % Cell(6,0): 一致率0.0 % Cell(0,1): 一致率0.0 % Cell(1,1): 一致率0.0 % Cell(2,1): 一致率0.0 % Cell(3,1): 一致率0.0 % Cell(4,1): 一致率0.0 % Cell(5,1): 一致率0.0 % Cell(6,1): 一致率0.0 % Cell(0,2): 一致率0.0 % Cell(1,2): 一致率0.0 % Cell(2,2): 一致率0.0 % Cell(3,2): 一致率0.0 % Cell(4,2): 一致率0.0 % Cell(5,2): 一致率0.0 % Cell(6,2): 一致率0.0 % Cell(0,3): 一致率0.0 % Cell(1,3): 一致率0.0 % Cell(2,3): 一致率0.0 % Cell(3,3): 一致率0.0 % Cell(4,3): 一致率0.0 % Cell(5,3): 一致率0.0 % Cell(6,3): 一致率0.0 % Cell(0,4): 一致率0.0 % Cell(1,4): 一致率0.0 % Cell(2,4): 一致率0.0 % Cell(3,4): 一致率0.0 % Cell(4,4): 一致率0.0 % Cell(5,4): 一致率0.0 % Cell(6,4): 一致率0.0 % Cell(0,5): 一致率0.0 % Cell(1,5): 一致率0.0 % Cell(2,5): 一致率0.0 % Cell(3,5): 一致率0.0 % Cell(4,5): 一致率0.0 % Cell(5,5): 一致率0.0 % Cell(6,5): 一致率0.0 % Cell(0,6): 一致率0.0 % Cell(1,6): 一致率0.0 % Cell(2,6): 一致率0.0 % Cell(3,6): 一致率0.0 % Cell(4,6): 一致率0.0 % Cell(5,6): 一致率0.0 % Cell(6,6): 一致率0.0 % Cell(0,7): 一致率0.0 % Cell(1,7): 一致率0.0 % Cell(2,7): 一致率0.0 % Cell(3,7): 一致率0.0 % Cell(4,7): 一致率0.0 % Cell(5,7): 一致率0.0 % Cell(6,7): 一致率0.0 % "
Stage145,Square,35,35,あり,なし,0.0 %,"Cell(0,0): 一致率0.0 % Cell(1,0): 一致率0.0 % Cell(2,0): 一致率0.0 % Cell(3,0): 一致率0.0 % Cell(4,0): 一致率0.0 % Cell(0,1): 一致率0.0 % Cell(1,1): 一致率0.0 % Cell(2,1): 一致率0.0 % Cell(3,1): 一致率0.0 % Cell(4,1): 一致率0.0 % Cell(0,2): 一致率0.0 % Cell(1,2): 一致率0.0 % Cell(2,2): 一致率0.0 % Cell(3,2): 一致率0.0 % Cell(4,2): 一致率0.0 % Cell(0,3): 一致率0.0 % Cell(1,3): 一致率0.0 % Cell(2,3): 一致率0.0 % Cell(3,3): 一致率0.0 % Cell(4,3): 一致率0.0 % Cell(0,4): 一致率0.0 % Cell(1,4): 一致率0.0 % Cell(2,4): 一致率0.0 % Cell(3,4): 一致率0.0 % Cell(4,4): 一致率0.0 % Cell(0,5): 一致率0.0 % Cell(1,5): 一致率0.0 % Cell(2,5): 一致率0.0 % Cell(3,5): 一致率0.0 % Cell(4,5): 一致率0.0 % Cell(0,6): 一致率0.0 % Cell(1,6): 一致率0.0 % Cell(2,6): 一致率0.0 % Cell(3,6): 一致率0.0 % Cell(4,6): 一致率0.0 % "
Stage146,Square,35,35,あり,なし,0.0 %,"Cell(0,0): 一致率0.0 % Cell(1,0): 一致率0.0 % Cell(2,0): 一致率0.0 % Cell(3,0): 一致率0.0 % Cell(4,0): 一致率0.0 % Cell(0,1): 一致率0.0 % Cell(1,1): 一致率0.0 % Cell(2,1): 一致率0.0 % Cell(3,1): 一致率0.0 % Cell(4,1): 一致率0.0 % Cell(0,2): 一致率0.0 % Cell(1,2): 一致率0.0 % Cell(2,2): 一致率0.0 % Cell(3,2): 一致率0.0 % Cell(4,2): 一致率0.0 % Cell(0,3): 一致率0.0 % Cell(1,3): 一致率0.0 % Cell(2,3): 一致率0.0 % Cell(3,3): 一致率0.0 % Cell(4,3): 一致率0.0 % Cell(0,4): 一致率0.0 % Cell(1,4): 一致率0.0 % Cell(2,4): 一致率0.0 % Cell(3,4): 一致率0.0 % Cell(4,4): 一致率0.0 % Cell(0,5): 一致率0.0 % Cell(1,5): 一致率0.0 % Cell(2,5): 一致率0.0 % Cell(3,5): 一致率0.0 % Cell(4,5): 一致率0.0 % Cell(0,6): 一致率0.0 % Cell(1,6): 一致率0.0 % Cell(2,6): 一致率0.0 % Cell(3,6): 一致率0.0 % Cell(4,6): 一致率0.0 % "
Stage147,Square,48,48,あり,なし,0.0 %,"Cell(0,0): 一致率0.0 % Cell(1,0): 一致率0.0 % Cell(2,0): 一致率0.0 % Cell(3,0): 一致率0.0 % Cell(4,0): 一致率0.0 % Cell(5,0): 一致率0.0 % Cell(0,1): 一致率0.0 % Cell(1,1): 一致率0.0 % Cell(2,1): 一致率0.0 % Cell(3,1): 一致率0.0 % Cell(4,1): 一致率0.0 % Cell(5,1): 一致率0.0 % Cell(0,2): 一致率0.0 % Cell(1,2): 一致率0.0 % Cell(2,2): 一致率0.0 % Cell(3,2): 一致率0.0 % Cell(4,2): 一致率0.0 % Cell(5,2): 一致率0.0 % Cell(0,3): 一致率0.0 % Cell(1,3): 一致率0.0 % Cell(2,3): 一致率0.0 % Cell(3,3): 一致率0.0 % Cell(4,3): 一致率0.0 % Cell(5,3): 一致率0.0 % Cell(0,4): 一致率0.0 % Cell(1,4): 一致率0.0 % Cell(2,4): 一致率0.0 % Cell(3,4): 一致率0.0 % Cell(4,4): 一致率0.0 % Cell(5,4): 一致率0.0 % Cell(0,5): 一致率0.0 % Cell(1,5): 一致率0.0 % Cell(2,5): 一致率0.0 % Cell(3,5): 一致率0.0 % Cell(4,5): 一致率0.0 % Cell(5,5): 一致率0.0 % Cell(0,6): 一致率0.0 % Cell(1,6): 一致率0.0 % Cell(2,6): 一致率0.0 % Cell(3,6): 一致率0.0 % Cell(4,6): 一致率0.0 % Cell(5,6): 一致率0.0 % Cell(0,7): 一致率0.0 % Cell(1,7): 一致率0.0 % Cell(2,7): 一致率0.0 % Cell(3,7): 一致率0.0 % Cell(4,7): 一致率0.0 % Cell(5,7): 一致率0.0 % "
Stage148,Triangle,20,20,あり,なし,0.0 %,"Cell(0,0): 一致率4.7 % Cell(1,0): 一致率3.0 % Cell(2,0): 一致率1.7 % Cell(3,0): 一致率0.0 % Cell(0,1): 一致率4.8 % Cell(1,1): 一致率1.7 % Cell(2,1): 一致率1.7 % Cell(3,1): 一致率0.0 % Cell(0,2): 一致率1.3 % Cell(1,2): 一致率2.9 % Cell(2,2): 一致率1.2 % Cell(3,2): 一致率0.0 % Cell(0,3): 一致率5.0 % Cell(1,3): 一致率1.3 % Cell(2,3): 一致率0.2 % Cell(3,3): 一致率0.0 % Cell(0,4): 一致率0.5 % Cell(1,4): 一致率0.6 % Cell(2,4): 一致率0.0 % Cell(3,4): 一致率0.0 % "
Stage149,Triangle,36,36,あり,なし,0.0 %,"Cell(0,0): 一致率0.0 % Cell(1,0): 一致率0.2 % Cell(2,0): 一致率0.0 % Cell(3,0): 一致率0.1 % Cell(4,0): 一致率0.1 % Cell(5,0): 一致率0.0 % Cell(0,1): 一致率0.0 % Cell(1,1): 一致率0.0 % Cell(2,1): 一致率0.0 % Cell(3,1): 一致率0.0 % Cell(4,1): 一致率0.7 % Cell(5,1): 一致率0.0 % Cell(0,2): 一致率0.0 % Cell(1,2): 一致率0.0 % Cell(2,2): 一致率1.1 % Cell(3,2): 一致率0.0 % Cell(4,2): 一致率0.5 % Cell(5,2): 一致率0.0 % Cell(0,3): 一致率0.0 % Cell(1,3): 一致率0.0 % Cell(2,3): 一致率0.0 % Cell(3,3): 一致率0.0 % Cell(4,3): 一致率0.5 % Cell(5,3): 一致率0.0 % Cell(0,4): 一致率0.1 % Cell(1,4): 一致率0.0 % Cell(2,4): 一致率0.0 % Cell(3,4): 一致率0.0 % Cell(4,4): 一致率3.5 % Cell(5,4): 一致率0.0 % Cell(0,5): 一致率9.8 % Cell(1,5): 一致率23.8 % Cell(2,5): 一致率8.0 % Cell(3,5): 一致率14.0 % Cell(4,5): 一致率22.0 % Cell(5,5): 一致率0.0 % "
Stage150,Triangle,56,56,あり,なし,0.0 %,"Cell(0,0): 一致率0.0 % Cell(1,0): 一致率0.0 % Cell(2,0): 一致率0.0 % Cell(3,0): 一致率0.0 % Cell(4,0): 一致率0.0 % Cell(5,0): 一致率0.0 % Cell(6,0): 一致率0.0 % Cell(7,0): 一致率0.0 % Cell(0,1): 一致率0.0 % Cell(1,1): 一致率0.0 % Cell(2,1): 一致率0.0 % Cell(3,1): 一致率0.0 % Cell(4,1): 一致率0.0 % Cell(5,1): 一致率0.0 % Cell(6,1): 一致率0.0 % Cell(7,1): 一致率0.0 % Cell(0,2): 一致率0.0 % Cell(1,2): 一致率0.0 % Cell(2,2): 一致率0.0 % Cell(3,2): 一致率0.0 % Cell(4,2): 一致率0.0 % Cell(5,2): 一致率0.0 % Cell(6,2): 一致率0.0 % Cell(7,2): 一致率0.0 % Cell(0,3): 一致率0.0 % Cell(1,3): 一致率0.0 % Cell(2,3): 一致率0.0 % Cell(3,3): 一致率0.0 % Cell(4,3): 一致率0.0 % Cell(5,3): 一致率0.0 % Cell(6,3): 一致率0.0 % Cell(7,3): 一致率0.0 % Cell(0,4): 一致率0.0 % Cell(1,4): 一致率0.0 % Cell(2,4): 一致率0.0 % Cell(3,4): 一致率0.0 % Cell(4,4): 一致率0.0 % Cell(5,4): 一致率0.0 % Cell(6,4): 一致率0.0 % Cell(7,4): 一致率0.0 % Cell(0,5): 一致率0.0 % Cell(1,5): 一致率0.0 % Cell(2,5): 一致率0.0 % Cell(3,5): 一致率0.0 % Cell(4,5): 一致率0.0 % Cell(5,5): 一致率0.0 % Cell(6,5): 一致率0.0 % Cell(7,5): 一致率0.0 % Cell(0,6): 一致率0.0 % Cell(1,6): 一致率0.0 % Cell(2,6): 一致率0.0 % Cell(3,6): 一致率0.0 % Cell(4,6): 一致率0.0 % Cell(5,6): 一致率0.0 % Cell(6,6): 一致率0.0 % Cell(7,6): 一致率0.0 % "
Stage151,Hex,20,20,あり,なし,0.0 %,"Cell(0,0): 一致率0.0 % Cell(1,0): 一致率0.0 % Cell(2,0): 一致率0.0 % Cell(3,0): 一致率0.0 % Cell(0,1): 一致率0.0 % Cell(1,1): 一致率0.0 % Cell(2,1): 一致率0.0 % Cell(3,1): 一致率0.0 % Cell(0,2): 一致率0.0 % Cell(1,2): 一致率0.0 % Cell(2,2): 一致率0.0 % Cell(3,2): 一致率0.0 % Cell(0,3): 一致率0.0 % Cell(1,3): 一致率0.0 % Cell(2,3): 一致率0.0 % Cell(3,3): 一致率0.0 % Cell(0,4): 一致率0.0 % Cell(1,4): 一致率0.0 % Cell(2,4): 一致率0.0 % Cell(3,4): 一致率0.0 % "
Stage152,Hex,35,35,あり,なし,0.0 %,"Cell(0,0): 一致率0.0 % Cell(1,0): 一致率0.0 % Cell(2,0): 一致率0.0 % Cell(3,0): 一致率0.0 % Cell(4,0): 一致率0.0 % Cell(0,1): 一致率0.0 % Cell(1,1): 一致率0.0 % Cell(2,1): 一致率0.0 % Cell(3,1): 一致率0.0 % Cell(4,1): 一致率0.0 % Cell(0,2): 一致率0.0 % Cell(1,2): 一致率0.0 % Cell(2,2): 一致率0.0 % Cell(3,2): 一致率0.0 % Cell(4,2): 一致率0.0 % Cell(0,3): 一致率0.0 % Cell(1,3): 一致率0.0 % Cell(2,3): 一致率0.0 % Cell(3,3): 一致率0.0 % Cell(4,3): 一致率0.0 % Cell(0,4): 一致率0.0 % Cell(1,4): 一致率0.0 % Cell(2,4): 一致率0.0 % Cell(3,4): 一致率0.0 % Cell(4,4): 一致率0.0 % Cell(0,5): 一致率0.0 % Cell(1,5): 一致率0.0 % Cell(2,5): 一致率0.0 % Cell(3,5): 一致率0.0 % Cell(4,5): 一致率0.0 % Cell(0,6): 一致率0.0 % Cell(1,6): 一致率0.0 % Cell(2,6): 一致率0.0 % Cell(3,6): 一致率0.0 % Cell(4,6): 一致率0.0 % "
Stage153,Hex,48,48,あり,なし,0.0 %,"Cell(0,0): 一致率0.0 % Cell(1,0): 一致率0.0 % Cell(2,0): 一致率0.0 % Cell(3,0): 一致率0.0 % Cell(4,0): 一致率0.0 % Cell(5,0): 一致率0.0 % Cell(0,1): 一致率0.0 % Cell(1,1): 一致率0.0 % Cell(2,1): 一致率0.0 % Cell(3,1): 一致率0.0 % Cell(4,1): 一致率0.0 % Cell(5,1): 一致率0.0 % Cell(0,2): 一致率0.0 % Cell(1,2): 一致率0.0 % Cell(2,2): 一致率0.0 % Cell(3,2): 一致率0.0 % Cell(4,2): 一致率0.0 % Cell(5,2): 一致率0.0 % Cell(0,3): 一致率0.0 % Cell(1,3): 一致率0.0 % Cell(2,3): 一致率0.0 % Cell(3,3): 一致率0.0 % Cell(4,3): 一致率0.0 % Cell(5,3): 一致率0.0 % Cell(0,4): 一致率0.0 % Cell(1,4): 一致率0.0 % Cell(2,4): 一致率0.0 % Cell(3,4): 一致率0.0 % Cell(4,4): 一致率0.0 % Cell(5,4): 一致率0.0 % Cell(0,5): 一致率0.0 % Cell(1,5): 一致率0.0 % Cell(2,5): 一致率0.0 % Cell(3,5): 一致率0.0 % Cell(4,5): 一致率0.0 % Cell(5,5): 一致率0.0 % Cell(0,6): 一致率0.0 % Cell(1,6): 一致率0.0 % Cell(2,6): 一致率0.0 % Cell(3,6): 一致率0.0 % Cell(4,6): 一致率0.0 % Cell(5,6): 一致率0.0 % Cell(0,7): 一致率0.0 % Cell(1,7): 一致率0.0 % Cell(2,7): 一致率0.0 % Cell(3,7): 一致率0.0 % Cell(4,7): 一致率0.0 % Cell(5,7): 一致率0.0 % "
Stage154,Square,35,35,あり,なし,0.0 %,"Cell(0,0): 一致率0.0 % Cell(1,0): 一致率0.0 % Cell(2,0): 一致率0.0 % Cell(3,0): 一致率0.0 % Cell(4,0): 一致率0.0 % Cell(0,1): 一致率0.0 % Cell(1,1): 一致率0.0 % Cell(2,1): 一致率0.0 % Cell(3,1): 一致率0.0 % Cell(4,1): 一致率0.0 % Cell(0,2): 一致率0.0 % Cell(1,2): 一致率0.0 % Cell(2,2): 一致率0.0 % Cell(3,2): 一致率0.0 % Cell(4,2): 一致率0.0 % Cell(0,3): 一致率0.0 % Cell(1,3): 一致率0.0 % Cell(2,3): 一致率0.0 % Cell(3,3): 一致率0.0 % Cell(4,3): 一致率0.0 % Cell(0,4): 一致率0.0 % Cell(1,4): 一致率0.0 % Cell(2,4): 一致率0.0 % Cell(3,4): 一致率0.0 % Cell(4,4): 一致率0.0 % Cell(0,5): 一致率0.0 % Cell(1,5): 一致率0.0 % Cell(2,5): 一致率0.0 % Cell(3,5): 一致率0.0 % Cell(4,5): 一致率0.0 % Cell(0,6): 一致率0.0 % Cell(1,6): 一致率0.0 % Cell(2,6): 一致率0.0 % Cell(3,6): 一致率0.0 % Cell(4,6): 一致率0.0 % "
Stage155,Square,35,35,あり,なし,0.0 %,"Cell(0,0): 一致率0.0 % Cell(1,0): 一致率0.0 % Cell(2,0): 一致率0.0 % Cell(3,0): 一致率0.0 % Cell(4,0): 一致率0.0 % Cell(0,1): 一致率0.0 % Cell(1,1): 一致率0.0 % Cell(2,1): 一致率0.0 % Cell(3,1): 一致率0.0 % Cell(4,1): 一致率0.0 % Cell(0,2): 一致率0.0 % Cell(1,2): 一致率0.0 % Cell(2,2): 一致率0.0 % Cell(3,2): 一致率0.0 % Cell(4,2): 一致率0.0 % Cell(0,3): 一致率0.0 % Cell(1,3): 一致率0.0 % Cell(2,3): 一致率0.0 % Cell(3,3): 一致率0.0 % Cell(4,3): 一致率0.0 % Cell(0,4): 一致率0.0 % Cell(1,4): 一致率0.0 % Cell(2,4): 一致率0.0 % Cell(3,4): 一致率0.0 % Cell(4,4): 一致率0.0 % Cell(0,5): 一致率0.0 % Cell(1,5): 一致率0.0 % Cell(2,5): 一致率0.0 % Cell(3,5): 一致率0.0 % Cell(4,5): 一致率0.0 % Cell(0,6): 一致率0.0 % Cell(1,6): 一致率0.0 % Cell(2,6): 一致率0.0 % Cell(3,6): 一致率0.0 % Cell(4,6): 一致率0.0 % "
Stage156,Square,48,48,あり,なし,0.0 %,"Cell(0,0): 一致率0.0 % Cell(1,0): 一致率0.0 % Cell(2,0): 一致率0.0 % Cell(3,0): 一致率0.0 % Cell(4,0): 一致率0.0 % Cell(5,0): 一致率0.0 % Cell(0,1): 一致率0.0 % Cell(1,1): 一致率0.0 % Cell(2,1): 一致率0.0 % Cell(3,1): 一致率0.0 % Cell(4,1): 一致率0.0 % Cell(5,1): 一致率0.0 % Cell(0,2): 一致率0.0 % Cell(1,2): 一致率0.0 % Cell(2,2): 一致率0.0 % Cell(3,2): 一致率0.0 % Cell(4,2): 一致率0.0 % Cell(5,2): 一致率0.0 % Cell(0,3): 一致率0.0 % Cell(1,3): 一致率0.0 % Cell(2,3): 一致率0.0 % Cell(3,3): 一致率0.0 % Cell(4,3): 一致率0.0 % Cell(5,3): 一致率0.0 % Cell(0,4): 一致率0.0 % Cell(1,4): 一致率0.0 % Cell(2,4): 一致率0.0 % Cell(3,4): 一致率0.0 % Cell(4,4): 一致率0.0 % Cell(5,4): 一致率0.0 % Cell(0,5): 一致率0.0 % Cell(1,5): 一致率0.0 % Cell(2,5): 一致率0.0 % Cell(3,5): 一致率0.0 % Cell(4,5): 一致率0.0 % Cell(5,5): 一致率0.0 % Cell(0,6): 一致率0.0 % Cell(1,6): 一致率0.0 % Cell(2,6): 一致率0.0 % Cell(3,6): 一致率0.0 % Cell(4,6): 一致率0.0 % Cell(5,6): 一致率0.0 % Cell(0,7): 一致率0.0 % Cell(1,7): 一致率0.0 % Cell(2,7): 一致率0.0 % Cell(3,7): 一致率0.0 % Cell(4,7): 一致率0.0 % Cell(5,7): 一致率0.0 % "
Stage157,Triangle,36,36,あり,なし,0.0 %,"Cell(0,0): 一致率0.2 % Cell(1,0): 一致率1.6 % Cell(2,0): 一致率0.6 % Cell(3,0): 一致率0.0 % Cell(4,0): 一致率0.2 % Cell(5,0): 一致率0.0 % Cell(0,1): 一致率0.8 % Cell(1,1): 一致率0.4 % Cell(2,1): 一致率0.4 % Cell(3,1): 一致率0.2 % Cell(4,1): 一致率0.1 % Cell(5,1): 一致率0.0 % Cell(0,2): 一致率0.1 % Cell(1,2): 一致率0.1 % Cell(2,2): 一致率0.5 % Cell(3,2): 一致率1.6 % Cell(4,2): 一致率3.3 % Cell(5,2): 一致率0.0 % Cell(0,3): 一致率0.8 % Cell(1,3): 一致率1.7 % Cell(2,3): 一致率0.5 % Cell(3,3): 一致率0.1 % Cell(4,3): 一致率3.1 % Cell(5,3): 一致率0.0 % Cell(0,4): 一致率0.5 % Cell(1,4): 一致率0.7 % Cell(2,4): 一致率0.8 % Cell(3,4): 一致率0.0 % Cell(4,4): 一致率0.7 % Cell(5,4): 一致率0.0 % Cell(0,5): 一致率0.4 % Cell(1,5): 一致率1.1 % Cell(2,5): 一致率0.9 % Cell(3,5): 一致率0.3 % Cell(4,5): 一致率2.1 % Cell(5,5): 一致率0.0 % "
Stage158,Triangle,36,36,あり,なし,0.0 %,"Cell(0,0): 一致率2.5 % Cell(1,0): 一致率1.1 % Cell(2,0): 一致率4.5 % Cell(3,0): 一致率1.3 % Cell(4,0): 一致率3.4 % Cell(5,0): 一致率0.0 % Cell(0,1): 一致率1.6 % Cell(1,1): 一致率0.1 % Cell(2,1): 一致率4.0 % Cell(3,1): 一致率3.0 % Cell(4,1): 一致率3.8 % Cell(5,1): 一致率0.0 % Cell(0,2): 一致率0.2 % Cell(1,2): 一致率0.2 % Cell(2,2): 一致率0.2 % Cell(3,2): 一致率0.4 % Cell(4,2): 一致率0.2 % Cell(5,2): 一致率0.0 % Cell(0,3): 一致率0.0 % Cell(1,3): 一致率0.1 % Cell(2,3): 一致率0.0 % Cell(3,3): 一致率0.0 % Cell(4,3): 一致率0.1 % Cell(5,3): 一致率0.0 % Cell(0,4): 一致率0.0 % Cell(1,4): 一致率0.0 % Cell(2,4): 一致率0.3 % Cell(3,4): 一致率0.6 % Cell(4,4): 一致率0.4 % Cell(5,4): 一致率0.0 % Cell(0,5): 一致率0.0 % Cell(1,5): 一致率2.1 % Cell(2,5): 一致率3.4 % Cell(3,5): 一致率3.7 % Cell(4,5): 一致率8.6 % Cell(5,5): 一致率0.0 % "
Stage159,Triangle,49,49,あり,なし,0.0 %,"Cell(0,0): 一致率0.1 % Cell(1,0): 一致率0.1 % Cell(2,0): 一致率0.5 % Cell(3,0): 一致率1.8 % Cell(4,0): 一致率1.4 % Cell(5,0): 一致率0.0 % Cell(6,0): 一致率0.0 % Cell(0,1): 一致率0.0 % Cell(1,1): 一致率0.1 % Cell(2,1): 一致率0.0 % Cell(3,1): 一致率2.9 % Cell(4,1): 一致率0.6 % Cell(5,1): 一致率0.0 % Cell(6,1): 一致率0.0 % Cell(0,2): 一致率0.1 % Cell(1,2): 一致率0.3 % Cell(2,2): 一致率0.2 % Cell(3,2): 一致率1.4 % Cell(4,2): 一致率0.4 % Cell(5,2): 一致率0.0 % Cell(6,2): 一致率0.0 % Cell(0,3): 一致率1.3 % Cell(1,3): 一致率0.2 % Cell(2,3): 一致率0.0 % Cell(3,3): 一致率0.2 % Cell(4,3): 一致率0.2 % Cell(5,3): 一致率0.0 % Cell(6,3): 一致率0.0 % Cell(0,4): 一致率2.3 % Cell(1,4): 一致率0.4 % Cell(2,4): 一致率0.1 % Cell(3,4): 一致率0.1 % Cell(4,4): 一致率0.9 % Cell(5,4): 一致率0.0 % Cell(6,4): 一致率0.0 % Cell(0,5): 一致率0.0 % Cell(1,5): 一致率0.0 % Cell(2,5): 一致率0.0 % Cell(3,5): 一致率0.0 % Cell(4,5): 一致率3.0 % Cell(5,5): 一致率0.0 % Cell(6,5): 一致率0.0 % Cell(0,6): 一致率1.2 % Cell(1,6): 一致率0.0 % Cell(2,6): 一致率0.6 % Cell(3,6): 一致率0.0 % Cell(4,6): 一致率0.1 % Cell(5,6): 一致率0.0 % Cell(6,6): 一致率0.0 % "
Stage160,Hex,35,35,あり,なし,0.0 %,"Cell(0,0): 一致率0.0 % Cell(1,0): 一致率0.0 % Cell(2,0): 一致率0.0 % Cell(3,0): 一致率0.0 % Cell(4,0): 一致率0.0 % Cell(0,1): 一致率0.0 % Cell(1,1): 一致率0.0 % Cell(2,1): 一致率0.0 % Cell(3,1): 一致率0.0 % Cell(4,1): 一致率0.0 % Cell(0,2): 一致率0.0 % Cell(1,2): 一致率0.0 % Cell(2,2): 一致率0.0 % Cell(3,2): 一致率0.0 % Cell(4,2): 一致率0.0 % Cell(0,3): 一致率0.0 % Cell(1,3): 一致率0.0 % Cell(2,3): 一致率0.0 % Cell(3,3): 一致率0.0 % Cell(4,3): 一致率0.0 % Cell(0,4): 一致率0.0 % Cell(1,4): 一致率0.0 % Cell(2,4): 一致率0.0 % Cell(3,4): 一致率0.0 % Cell(4,4): 一致率0.0 % Cell(0,5): 一致率0.0 % Cell(1,5): 一致率0.0 % Cell(2,5): 一致率0.0 % Cell(3,5): 一致率0.0 % Cell(4,5): 一致率0.0 % Cell(0,6): 一致率0.0 % Cell(1,6): 一致率0.0 % Cell(2,6): 一致率0.0 % Cell(3,6): 一致率0.0 % Cell(4,6): 一致率0.0 % "
Stage161,Hex,35,35,あり,なし,0.0 %,"Cell(0,0): 一致率0.0 % Cell(1,0): 一致率0.0 % Cell(2,0): 一致率0.0 % Cell(3,0): 一致率0.0 % Cell(4,0): 一致率0.0 % Cell(0,1): 一致率0.0 % Cell(1,1): 一致率0.0 % Cell(2,1): 一致率0.0 % Cell(3,1): 一致率0.0 % Cell(4,1): 一致率0.0 % Cell(0,2): 一致率0.0 % Cell(1,2): 一致率0.0 % Cell(2,2): 一致率0.0 % Cell(3,2): 一致率0.0 % Cell(4,2): 一致率0.0 % Cell(0,3): 一致率0.0 % Cell(1,3): 一致率0.0 % Cell(2,3): 一致率0.0 % Cell(3,3): 一致率0.0 % Cell(4,3): 一致率0.0 % Cell(0,4): 一致率0.0 % Cell(1,4): 一致率0.0 % Cell(2,4): 一致率0.0 % Cell(3,4): 一致率0.0 % Cell(4,4): 一致率0.0 % Cell(0,5): 一致率0.0 % Cell(1,5): 一致率0.0 % Cell(2,5): 一致率0.0 % Cell(3,5): 一致率0.0 % Cell(4,5): 一致率0.0 % Cell(0,6): 一致率0.0 % Cell(1,6): 一致率0.0 % Cell(2,6): 一致率0.0 % Cell(3,6): 一致率0.0 % Cell(4,6): 一致率0.0 % "
Stage162,Hex,48,48,あり,なし,0.0 %,"Cell(0,0): 一致率0.0 % Cell(1,0): 一致率0.0 % Cell(2,0): 一致率0.0 % Cell(3,0): 一致率0.0 % Cell(4,0): 一致率0.0 % Cell(5,0): 一致率0.0 % Cell(0,1): 一致率0.0 % Cell(1,1): 一致率0.0 % Cell(2,1): 一致率0.0 % Cell(3,1): 一致率0.0 % Cell(4,1): 一致率0.0 % Cell(5,1): 一致率0.0 % Cell(0,2): 一致率0.0 % Cell(1,2): 一致率0.0 % Cell(2,2): 一致率0.0 % Cell(3,2): 一致率0.0 % Cell(4,2): 一致率0.0 % Cell(5,2): 一致率0.0 % Cell(0,3): 一致率0.0 % Cell(1,3): 一致率0.0 % Cell(2,3): 一致率0.0 % Cell(3,3): 一致率0.0 % Cell(4,3): 一致率0.0 % Cell(5,3): 一致率0.0 % Cell(0,4): 一致率0.0 % Cell(1,4): 一致率0.0 % Cell(2,4): 一致率0.0 % Cell(3,4): 一致率0.0 % Cell(4,4): 一致率0.0 % Cell(5,4): 一致率0.0 % Cell(0,5): 一致率0.0 % Cell(1,5): 一致率0.0 % Cell(2,5): 一致率0.0 % Cell(3,5): 一致率0.0 % Cell(4,5): 一致率0.0 % Cell(5,5): 一致率0.0 % Cell(0,6): 一致率0.0 % Cell(1,6): 一致率0.0 % Cell(2,6): 一致率0.0 % Cell(3,6): 一致率0.0 % Cell(4,6): 一致率0.0 % Cell(5,6): 一致率0.0 % Cell(0,7): 一致率0.0 % Cell(1,7): 一致率0.0 % Cell(2,7): 一致率0.0 % Cell(3,7): 一致率0.0 % Cell(4,7): 一致率0.0 % Cell(5,7): 一致率0.0 % "
Stage163,Square,35,35,あり,なし,0.0 %,"Cell(0,0): 一致率0.0 % Cell(1,0): 一致率0.0 % Cell(2,0): 一致率0.0 % Cell(3,0): 一致率0.0 % Cell(4,0): 一致率0.0 % Cell(0,1): 一致率0.0 % Cell(1,1): 一致率0.0 % Cell(2,1): 一致率0.0 % Cell(3,1): 一致率0.0 % Cell(4,1): 一致率0.0 % Cell(0,2): 一致率0.0 % Cell(1,2): 一致率0.0 % Cell(2,2): 一致率0.0 % Cell(3,2): 一致率0.0 % Cell(4,2): 一致率0.0 % Cell(0,3): 一致率0.0 % Cell(1,3): 一致率0.0 % Cell(2,3): 一致率0.0 % Cell(3,3): 一致率0.0 % Cell(4,3): 一致率0.0 % Cell(0,4): 一致率0.0 % Cell(1,4): 一致率0.0 % Cell(2,4): 一致率0.0 % Cell(3,4): 一致率0.0 % Cell(4,4): 一致率0.0 % Cell(0,5): 一致率0.0 % Cell(1,5): 一致率0.0 % Cell(2,5): 一致率0.0 % Cell(3,5): 一致率0.0 % Cell(4,5): 一致率0.0 % Cell(0,6): 一致率0.0 % Cell(1,6): 一致率0.0 % Cell(2,6): 一致率0.0 % Cell(3,6): 一致率0.0 % Cell(4,6): 一致率0.0 % "
Stage164,Square,35,35,あり,なし,0.0 %,"Cell(0,0): 一致率0.0 % Cell(1,0): 一致率0.0 % Cell(2,0): 一致率0.0 % Cell(3,0): 一致率0.0 % Cell(4,0): 一致率0.0 % Cell(0,1): 一致率0.0 % Cell(1,1): 一致率0.0 % Cell(2,1): 一致率0.0 % Cell(3,1): 一致率0.0 % Cell(4,1): 一致率0.0 % Cell(0,2): 一致率0.0 % Cell(1,2): 一致率0.0 % Cell(2,2): 一致率0.0 % Cell(3,2): 一致率0.0 % Cell(4,2): 一致率0.0 % Cell(0,3): 一致率0.0 % Cell(1,3): 一致率0.0 % Cell(2,3): 一致率0.0 % Cell(3,3): 一致率0.0 % Cell(4,3): 一致率0.0 % Cell(0,4): 一致率0.0 % Cell(1,4): 一致率0.0 % Cell(2,4): 一致率0.0 % Cell(3,4): 一致率0.0 % Cell(4,4): 一致率0.0 % Cell(0,5): 一致率0.0 % Cell(1,5): 一致率0.0 % Cell(2,5): 一致率0.0 % Cell(3,5): 一致率0.0 % Cell(4,5): 一致率0.0 % Cell(0,6): 一致率0.0 % Cell(1,6): 一致率0.0 % Cell(2,6): 一致率0.0 % Cell(3,6): 一致率0.0 % Cell(4,6): 一致率0.0 % "
Stage165,Square,56,56,あり,なし,0.0 %,"Cell(0,0): 一致率0.0 % Cell(1,0): 一致率0.0 % Cell(2,0): 一致率0.0 % Cell(3,0): 一致率0.0 % Cell(4,0): 一致率0.0 % Cell(5,0): 一致率0.0 % Cell(6,0): 一致率0.0 % Cell(0,1): 一致率0.0 % Cell(1,1): 一致率0.0 % Cell(2,1): 一致率0.0 % Cell(3,1): 一致率0.0 % Cell(4,1): 一致率0.0 % Cell(5,1): 一致率0.0 % Cell(6,1): 一致率0.0 % Cell(0,2): 一致率0.0 % Cell(1,2): 一致率0.0 % Cell(2,2): 一致率0.0 % Cell(3,2): 一致率0.0 % Cell(4,2): 一致率0.0 % Cell(5,2): 一致率0.0 % Cell(6,2): 一致率0.0 % Cell(0,3): 一致率0.0 % Cell(1,3): 一致率0.0 % Cell(2,3): 一致率0.0 % Cell(3,3): 一致率0.0 % Cell(4,3): 一致率0.0 % Cell(5,3): 一致率0.0 % Cell(6,3): 一致率0.0 % Cell(0,4): 一致率0.0 % Cell(1,4): 一致率0.0 % Cell(2,4): 一致率0.0 % Cell(3,4): 一致率0.0 % Cell(4,4): 一致率0.0 % Cell(5,4): 一致率0.0 % Cell(6,4): 一致率0.0 % Cell(0,5): 一致率0.0 % Cell(1,5): 一致率0.0 % Cell(2,5): 一致率0.0 % Cell(3,5): 一致率0.0 % Cell(4,5): 一致率0.0 % Cell(5,5): 一致率0.0 % Cell(6,5): 一致率0.0 % Cell(0,6): 一致率0.0 % Cell(1,6): 一致率0.0 % Cell(2,6): 一致率0.0 % Cell(3,6): 一致率0.0 % Cell(4,6): 一致率0.0 % Cell(5,6): 一致率0.0 % Cell(6,6): 一致率0.0 % Cell(0,7): 一致率0.0 % Cell(1,7): 一致率0.0 % Cell(2,7): 一致率0.0 % Cell(3,7): 一致率0.0 % Cell(4,7): 一致率0.0 % Cell(5,7): 一致率0.0 % Cell(6,7): 一致率0.0 % "
Stage166,Triangle,36,0,なし,なし,100.0 %,"Texture取得失敗/読取不可: 36セル "
Stage167,Triangle,36,36,あり,なし,0.0 %,"Cell(0,0): 一致率0.0 % Cell(1,0): 一致率0.0 % Cell(2,0): 一致率0.2 % Cell(3,0): 一致率0.0 % Cell(4,0): 一致率0.9 % Cell(5,0): 一致率0.0 % Cell(0,1): 一致率2.4 % Cell(1,1): 一致率3.9 % Cell(2,1): 一致率0.2 % Cell(3,1): 一致率0.6 % Cell(4,1): 一致率0.0 % Cell(5,1): 一致率0.0 % Cell(0,2): 一致率1.2 % Cell(1,2): 一致率5.9 % Cell(2,2): 一致率2.9 % Cell(3,2): 一致率0.0 % Cell(4,2): 一致率0.8 % Cell(5,2): 一致率0.0 % Cell(0,3): 一致率7.1 % Cell(1,3): 一致率3.2 % Cell(2,3): 一致率0.8 % Cell(3,3): 一致率3.7 % Cell(4,3): 一致率0.3 % Cell(5,3): 一致率0.0 % Cell(0,4): 一致率1.9 % Cell(1,4): 一致率1.2 % Cell(2,4): 一致率0.0 % Cell(3,4): 一致率0.8 % Cell(4,4): 一致率0.1 % Cell(5,4): 一致率0.0 % Cell(0,5): 一致率2.4 % Cell(1,5): 一致率2.0 % Cell(2,5): 一致率1.0 % Cell(3,5): 一致率3.8 % Cell(4,5): 一致率0.1 % Cell(5,5): 一致率0.0 % "
Stage168,Triangle,56,56,あり,なし,0.0 %,"Cell(0,0): 一致率0.0 % Cell(1,0): 一致率0.0 % Cell(2,0): 一致率0.0 % Cell(3,0): 一致率0.0 % Cell(4,0): 一致率0.0 % Cell(5,0): 一致率0.0 % Cell(6,0): 一致率0.0 % Cell(7,0): 一致率0.0 % Cell(0,1): 一致率0.0 % Cell(1,1): 一致率0.0 % Cell(2,1): 一致率0.0 % Cell(3,1): 一致率0.0 % Cell(4,1): 一致率0.0 % Cell(5,1): 一致率0.0 % Cell(6,1): 一致率0.0 % Cell(7,1): 一致率0.0 % Cell(0,2): 一致率0.0 % Cell(1,2): 一致率0.0 % Cell(2,2): 一致率0.0 % Cell(3,2): 一致率0.0 % Cell(4,2): 一致率0.0 % Cell(5,2): 一致率0.0 % Cell(6,2): 一致率0.0 % Cell(7,2): 一致率0.0 % Cell(0,3): 一致率0.0 % Cell(1,3): 一致率0.0 % Cell(2,3): 一致率0.0 % Cell(3,3): 一致率0.0 % Cell(4,3): 一致率0.0 % Cell(5,3): 一致率0.0 % Cell(6,3): 一致率0.0 % Cell(7,3): 一致率0.0 % Cell(0,4): 一致率0.0 % Cell(1,4): 一致率0.0 % Cell(2,4): 一致率0.0 % Cell(3,4): 一致率0.0 % Cell(4,4): 一致率0.0 % Cell(5,4): 一致率0.0 % Cell(6,4): 一致率0.0 % Cell(7,4): 一致率0.0 % Cell(0,5): 一致率0.0 % Cell(1,5): 一致率0.0 % Cell(2,5): 一致率0.0 % Cell(3,5): 一致率0.0 % Cell(4,5): 一致率0.0 % Cell(5,5): 一致率0.0 % Cell(6,5): 一致率0.0 % Cell(7,5): 一致率0.0 % Cell(0,6): 一致率0.0 % Cell(1,6): 一致率0.0 % Cell(2,6): 一致率0.0 % Cell(3,6): 一致率0.0 % Cell(4,6): 一致率0.0 % Cell(5,6): 一致率0.0 % Cell(6,6): 一致率0.0 % Cell(7,6): 一致率0.0 % "
Stage169,Hex,35,35,あり,なし,0.0 %,"Cell(0,0): 一致率0.0 % Cell(1,0): 一致率0.0 % Cell(2,0): 一致率0.0 % Cell(3,0): 一致率0.0 % Cell(4,0): 一致率0.0 % Cell(0,1): 一致率0.0 % Cell(1,1): 一致率0.0 % Cell(2,1): 一致率0.0 % Cell(3,1): 一致率0.0 % Cell(4,1): 一致率0.0 % Cell(0,2): 一致率0.0 % Cell(1,2): 一致率0.0 % Cell(2,2): 一致率0.0 % Cell(3,2): 一致率0.0 % Cell(4,2): 一致率0.0 % Cell(0,3): 一致率0.0 % Cell(1,3): 一致率0.0 % Cell(2,3): 一致率0.0 % Cell(3,3): 一致率0.0 % Cell(4,3): 一致率0.0 % Cell(0,4): 一致率0.0 % Cell(1,4): 一致率0.0 % Cell(2,4): 一致率0.0 % Cell(3,4): 一致率0.0 % Cell(4,4): 一致率0.0 % Cell(0,5): 一致率0.0 % Cell(1,5): 一致率0.0 % Cell(2,5): 一致率0.0 % Cell(3,5): 一致率0.0 % Cell(4,5): 一致率0.0 % Cell(0,6): 一致率0.0 % Cell(1,6): 一致率0.0 % Cell(2,6): 一致率0.0 % Cell(3,6): 一致率0.0 % Cell(4,6): 一致率0.0 % "
Stage170,Hex,35,35,あり,なし,0.0 %,"Cell(0,0): 一致率0.0 % Cell(1,0): 一致率0.0 % Cell(2,0): 一致率0.0 % Cell(3,0): 一致率0.0 % Cell(4,0): 一致率0.0 % Cell(0,1): 一致率0.0 % Cell(1,1): 一致率0.0 % Cell(2,1): 一致率0.0 % Cell(3,1): 一致率0.0 % Cell(4,1): 一致率0.0 % Cell(0,2): 一致率0.0 % Cell(1,2): 一致率0.0 % Cell(2,2): 一致率0.0 % Cell(3,2): 一致率0.0 % Cell(4,2): 一致率0.0 % Cell(0,3): 一致率0.0 % Cell(1,3): 一致率0.0 % Cell(2,3): 一致率0.0 % Cell(3,3): 一致率0.0 % Cell(4,3): 一致率0.0 % Cell(0,4): 一致率0.0 % Cell(1,4): 一致率0.0 % Cell(2,4): 一致率0.0 % Cell(3,4): 一致率0.0 % Cell(4,4): 一致率0.0 % Cell(0,5): 一致率0.0 % Cell(1,5): 一致率0.0 % Cell(2,5): 一致率0.0 % Cell(3,5): 一致率0.0 % Cell(4,5): 一致率0.0 % Cell(0,6): 一致率0.0 % Cell(1,6): 一致率0.0 % Cell(2,6): 一致率0.0 % Cell(3,6): 一致率0.0 % Cell(4,6): 一致率0.0 % "
Stage171,Hex,48,48,あり,なし,0.0 %,"Cell(0,0): 一致率0.0 % Cell(1,0): 一致率0.0 % Cell(2,0): 一致率0.0 % Cell(3,0): 一致率0.0 % Cell(4,0): 一致率0.0 % Cell(5,0): 一致率0.0 % Cell(0,1): 一致率0.0 % Cell(1,1): 一致率0.0 % Cell(2,1): 一致率0.0 % Cell(3,1): 一致率0.0 % Cell(4,1): 一致率0.0 % Cell(5,1): 一致率0.0 % Cell(0,2): 一致率0.0 % Cell(1,2): 一致率0.0 % Cell(2,2): 一致率0.0 % Cell(3,2): 一致率0.0 % Cell(4,2): 一致率0.0 % Cell(5,2): 一致率0.0 % Cell(0,3): 一致率0.0 % Cell(1,3): 一致率0.0 % Cell(2,3): 一致率0.0 % Cell(3,3): 一致率0.0 % Cell(4,3): 一致率0.0 % Cell(5,3): 一致率0.0 % Cell(0,4): 一致率0.0 % Cell(1,4): 一致率0.0 % Cell(2,4): 一致率0.0 % Cell(3,4): 一致率0.0 % Cell(4,4): 一致率0.0 % Cell(5,4): 一致率0.0 % Cell(0,5): 一致率0.0 % Cell(1,5): 一致率0.0 % Cell(2,5): 一致率0.0 % Cell(3,5): 一致率0.0 % Cell(4,5): 一致率0.0 % Cell(5,5): 一致率0.0 % Cell(0,6): 一致率0.0 % Cell(1,6): 一致率0.0 % Cell(2,6): 一致率0.0 % Cell(3,6): 一致率0.0 % Cell(4,6): 一致率0.0 % Cell(5,6): 一致率0.0 % Cell(0,7): 一致率0.0 % Cell(1,7): 一致率0.0 % Cell(2,7): 一致率0.0 % Cell(3,7): 一致率0.0 % Cell(4,7): 一致率0.0 % Cell(5,7): 一致率0.0 % "
Stage172,Square,20,20,あり,なし,0.0 %,"Cell(0,0): 一致率0.0 % Cell(1,0): 一致率0.0 % Cell(2,0): 一致率0.0 % Cell(3,0): 一致率0.0 % Cell(0,1): 一致率0.0 % Cell(1,1): 一致率0.0 % Cell(2,1): 一致率0.0 % Cell(3,1): 一致率0.0 % Cell(0,2): 一致率0.0 % Cell(1,2): 一致率0.0 % Cell(2,2): 一致率0.0 % Cell(3,2): 一致率0.0 % Cell(0,3): 一致率0.0 % Cell(1,3): 一致率0.0 % Cell(2,3): 一致率0.0 % Cell(3,3): 一致率0.0 % Cell(0,4): 一致率0.0 % Cell(1,4): 一致率0.0 % Cell(2,4): 一致率0.0 % Cell(3,4): 一致率0.0 % "
Stage173,Square,35,35,あり,なし,0.0 %,"Cell(0,0): 一致率0.0 % Cell(1,0): 一致率0.0 % Cell(2,0): 一致率0.0 % Cell(3,0): 一致率0.0 % Cell(4,0): 一致率0.0 % Cell(0,1): 一致率0.0 % Cell(1,1): 一致率0.0 % Cell(2,1): 一致率0.0 % Cell(3,1): 一致率0.0 % Cell(4,1): 一致率0.0 % Cell(0,2): 一致率0.0 % Cell(1,2): 一致率0.0 % Cell(2,2): 一致率0.0 % Cell(3,2): 一致率0.0 % Cell(4,2): 一致率0.0 % Cell(0,3): 一致率0.0 % Cell(1,3): 一致率0.0 % Cell(2,3): 一致率0.0 % Cell(3,3): 一致率0.0 % Cell(4,3): 一致率0.0 % Cell(0,4): 一致率0.0 % Cell(1,4): 一致率0.0 % Cell(2,4): 一致率0.0 % Cell(3,4): 一致率0.0 % Cell(4,4): 一致率0.0 % Cell(0,5): 一致率0.0 % Cell(1,5): 一致率0.0 % Cell(2,5): 一致率0.0 % Cell(3,5): 一致率0.0 % Cell(4,5): 一致率0.0 % Cell(0,6): 一致率0.0 % Cell(1,6): 一致率0.0 % Cell(2,6): 一致率0.0 % Cell(3,6): 一致率0.0 % Cell(4,6): 一致率0.0 % "
Stage174,Square,48,48,あり,なし,0.0 %,"Cell(0,0): 一致率0.0 % Cell(1,0): 一致率0.0 % Cell(2,0): 一致率0.0 % Cell(3,0): 一致率0.0 % Cell(4,0): 一致率0.0 % Cell(5,0): 一致率0.0 % Cell(0,1): 一致率0.0 % Cell(1,1): 一致率0.0 % Cell(2,1): 一致率0.0 % Cell(3,1): 一致率0.0 % Cell(4,1): 一致率0.0 % Cell(5,1): 一致率0.0 % Cell(0,2): 一致率0.0 % Cell(1,2): 一致率0.0 % Cell(2,2): 一致率0.0 % Cell(3,2): 一致率0.0 % Cell(4,2): 一致率0.0 % Cell(5,2): 一致率0.0 % Cell(0,3): 一致率0.0 % Cell(1,3): 一致率0.0 % Cell(2,3): 一致率0.0 % Cell(3,3): 一致率0.0 % Cell(4,3): 一致率0.0 % Cell(5,3): 一致率0.0 % Cell(0,4): 一致率0.0 % Cell(1,4): 一致率0.0 % Cell(2,4): 一致率0.0 % Cell(3,4): 一致率0.0 % Cell(4,4): 一致率0.0 % Cell(5,4): 一致率0.0 % Cell(0,5): 一致率0.0 % Cell(1,5): 一致率0.0 % Cell(2,5): 一致率0.0 % Cell(3,5): 一致率0.0 % Cell(4,5): 一致率0.0 % Cell(5,5): 一致率0.0 % Cell(0,6): 一致率0.0 % Cell(1,6): 一致率0.0 % Cell(2,6): 一致率0.0 % Cell(3,6): 一致率0.0 % Cell(4,6): 一致率0.0 % Cell(5,6): 一致率0.0 % Cell(0,7): 一致率0.0 % Cell(1,7): 一致率0.0 % Cell(2,7): 一致率0.0 % Cell(3,7): 一致率0.0 % Cell(4,7): 一致率0.0 % Cell(5,7): 一致率0.0 % "
Stage175,Triangle,20,20,あり,なし,0.0 %,"Cell(0,0): 一致率3.1 % Cell(1,0): 一致率16.6 % Cell(2,0): 一致率22.1 % Cell(3,0): 一致率0.0 % Cell(0,1): 一致率0.2 % Cell(1,1): 一致率0.0 % Cell(2,1): 一致率4.0 % Cell(3,1): 一致率0.0 % Cell(0,2): 一致率19.1 % Cell(1,2): 一致率4.2 % Cell(2,2): 一致率15.0 % Cell(3,2): 一致率0.0 % Cell(0,3): 一致率0.1 % Cell(1,3): 一致率0.0 % Cell(2,3): 一致率0.0 % Cell(3,3): 一致率0.0 % Cell(0,4): 一致率2.9 % Cell(1,4): 一致率0.1 % Cell(2,4): 一致率0.0 % Cell(3,4): 一致率0.0 % "
Stage176,Triangle,36,36,あり,なし,0.0 %,"Cell(0,0): 一致率4.2 % Cell(1,0): 一致率13.2 % Cell(2,0): 一致率4.0 % Cell(3,0): 一致率3.7 % Cell(4,0): 一致率1.6 % Cell(5,0): 一致率0.0 % Cell(0,1): 一致率0.9 % Cell(1,1): 一致率0.0 % Cell(2,1): 一致率0.2 % Cell(3,1): 一致率0.1 % Cell(4,1): 一致率0.9 % Cell(5,1): 一致率0.0 % Cell(0,2): 一致率0.2 % Cell(1,2): 一致率0.0 % Cell(2,2): 一致率0.1 % Cell(3,2): 一致率0.0 % Cell(4,2): 一致率0.0 % Cell(5,2): 一致率0.0 % Cell(0,3): 一致率9.4 % Cell(1,3): 一致率4.3 % Cell(2,3): 一致率1.7 % Cell(3,3): 一致率2.9 % Cell(4,3): 一致率1.3 % Cell(5,3): 一致率0.0 % Cell(0,4): 一致率3.7 % Cell(1,4): 一致率0.3 % Cell(2,4): 一致率7.5 % Cell(3,4): 一致率1.7 % Cell(4,4): 一致率4.6 % Cell(5,4): 一致率0.0 % Cell(0,5): 一致率5.6 % Cell(1,5): 一致率4.3 % Cell(2,5): 一致率7.2 % Cell(3,5): 一致率4.3 % Cell(4,5): 一致率9.8 % Cell(5,5): 一致率0.0 % "
Stage177,Triangle,56,56,あり,なし,0.0 %,"Cell(0,0): 一致率0.0 % Cell(1,0): 一致率0.0 % Cell(2,0): 一致率0.0 % Cell(3,0): 一致率0.0 % Cell(4,0): 一致率0.0 % Cell(5,0): 一致率0.0 % Cell(6,0): 一致率0.0 % Cell(7,0): 一致率0.0 % Cell(0,1): 一致率0.0 % Cell(1,1): 一致率0.0 % Cell(2,1): 一致率0.0 % Cell(3,1): 一致率0.0 % Cell(4,1): 一致率0.0 % Cell(5,1): 一致率0.0 % Cell(6,1): 一致率0.0 % Cell(7,1): 一致率0.0 % Cell(0,2): 一致率0.0 % Cell(1,2): 一致率0.0 % Cell(2,2): 一致率0.0 % Cell(3,2): 一致率0.0 % Cell(4,2): 一致率0.0 % Cell(5,2): 一致率0.0 % Cell(6,2): 一致率0.0 % Cell(7,2): 一致率0.0 % Cell(0,3): 一致率0.0 % Cell(1,3): 一致率0.0 % Cell(2,3): 一致率0.0 % Cell(3,3): 一致率0.0 % Cell(4,3): 一致率0.0 % Cell(5,3): 一致率0.0 % Cell(6,3): 一致率0.0 % Cell(7,3): 一致率0.0 % Cell(0,4): 一致率0.0 % Cell(1,4): 一致率0.0 % Cell(2,4): 一致率0.0 % Cell(3,4): 一致率0.0 % Cell(4,4): 一致率0.0 % Cell(5,4): 一致率0.0 % Cell(6,4): 一致率0.0 % Cell(7,4): 一致率0.0 % Cell(0,5): 一致率0.0 % Cell(1,5): 一致率0.0 % Cell(2,5): 一致率0.0 % Cell(3,5): 一致率0.0 % Cell(4,5): 一致率0.0 % Cell(5,5): 一致率0.0 % Cell(6,5): 一致率0.0 % Cell(7,5): 一致率0.0 % Cell(0,6): 一致率0.0 % Cell(1,6): 一致率0.0 % Cell(2,6): 一致率0.0 % Cell(3,6): 一致率0.0 % Cell(4,6): 一致率0.0 % Cell(5,6): 一致率0.0 % Cell(6,6): 一致率0.0 % Cell(7,6): 一致率0.0 % "
Stage178,Hex,20,20,あり,なし,0.0 %,"Cell(0,0): 一致率0.0 % Cell(1,0): 一致率0.0 % Cell(2,0): 一致率0.0 % Cell(3,0): 一致率0.0 % Cell(0,1): 一致率0.0 % Cell(1,1): 一致率0.0 % Cell(2,1): 一致率0.0 % Cell(3,1): 一致率0.0 % Cell(0,2): 一致率0.0 % Cell(1,2): 一致率0.0 % Cell(2,2): 一致率0.0 % Cell(3,2): 一致率0.0 % Cell(0,3): 一致率0.0 % Cell(1,3): 一致率0.0 % Cell(2,3): 一致率0.0 % Cell(3,3): 一致率0.0 % Cell(0,4): 一致率0.0 % Cell(1,4): 一致率0.0 % Cell(2,4): 一致率0.0 % Cell(3,4): 一致率0.0 % "
Stage179,Hex,35,35,あり,なし,0.0 %,"Cell(0,0): 一致率0.0 % Cell(1,0): 一致率0.0 % Cell(2,0): 一致率0.0 % Cell(3,0): 一致率0.0 % Cell(4,0): 一致率0.0 % Cell(0,1): 一致率0.0 % Cell(1,1): 一致率0.0 % Cell(2,1): 一致率0.0 % Cell(3,1): 一致率0.0 % Cell(4,1): 一致率0.0 % Cell(0,2): 一致率0.0 % Cell(1,2): 一致率0.0 % Cell(2,2): 一致率0.0 % Cell(3,2): 一致率0.0 % Cell(4,2): 一致率0.0 % Cell(0,3): 一致率0.0 % Cell(1,3): 一致率0.0 % Cell(2,3): 一致率0.0 % Cell(3,3): 一致率0.0 % Cell(4,3): 一致率0.0 % Cell(0,4): 一致率0.0 % Cell(1,4): 一致率0.0 % Cell(2,4): 一致率0.0 % Cell(3,4): 一致率0.0 % Cell(4,4): 一致率0.0 % Cell(0,5): 一致率0.0 % Cell(1,5): 一致率0.0 % Cell(2,5): 一致率0.0 % Cell(3,5): 一致率0.0 % Cell(4,5): 一致率0.0 % Cell(0,6): 一致率0.0 % Cell(1,6): 一致率0.0 % Cell(2,6): 一致率0.0 % Cell(3,6): 一致率0.0 % Cell(4,6): 一致率0.0 % "
Stage180,Hex,48,48,あり,なし,0.0 %,"Cell(0,0): 一致率0.0 % Cell(1,0): 一致率0.0 % Cell(2,0): 一致率0.0 % Cell(3,0): 一致率0.0 % Cell(4,0): 一致率0.0 % Cell(5,0): 一致率0.0 % Cell(0,1): 一致率0.0 % Cell(1,1): 一致率0.0 % Cell(2,1): 一致率0.0 % Cell(3,1): 一致率0.0 % Cell(4,1): 一致率0.0 % Cell(5,1): 一致率0.0 % Cell(0,2): 一致率0.0 % Cell(1,2): 一致率0.0 % Cell(2,2): 一致率0.0 % Cell(3,2): 一致率0.0 % Cell(4,2): 一致率0.0 % Cell(5,2): 一致率0.0 % Cell(0,3): 一致率0.0 % Cell(1,3): 一致率0.0 % Cell(2,3): 一致率0.0 % Cell(3,3): 一致率0.0 % Cell(4,3): 一致率0.0 % Cell(5,3): 一致率0.0 % Cell(0,4): 一致率0.0 % Cell(1,4): 一致率0.0 % Cell(2,4): 一致率0.0 % Cell(3,4): 一致率0.0 % Cell(4,4): 一致率0.0 % Cell(5,4): 一致率0.0 % Cell(0,5): 一致率0.0 % Cell(1,5): 一致率0.0 % Cell(2,5): 一致率0.0 % Cell(3,5): 一致率0.0 % Cell(4,5): 一致率0.0 % Cell(5,5): 一致率0.0 % Cell(0,6): 一致率0.0 % Cell(1,6): 一致率0.0 % Cell(2,6): 一致率0.0 % Cell(3,6): 一致率0.0 % Cell(4,6): 一致率0.0 % Cell(5,6): 一致率0.0 % Cell(0,7): 一致率0.0 % Cell(1,7): 一致率0.0 % Cell(2,7): 一致率0.0 % Cell(3,7): 一致率0.0 % Cell(4,7): 一致率0.0 % Cell(5,7): 一致率0.0 % "
Stage181,Square,35,35,あり,なし,0.0 %,"Cell(0,0): 一致率0.0 % Cell(1,0): 一致率0.0 % Cell(2,0): 一致率0.0 % Cell(3,0): 一致率0.0 % Cell(4,0): 一致率0.0 % Cell(0,1): 一致率0.0 % Cell(1,1): 一致率0.0 % Cell(2,1): 一致率0.0 % Cell(3,1): 一致率0.0 % Cell(4,1): 一致率0.0 % Cell(0,2): 一致率0.0 % Cell(1,2): 一致率0.0 % Cell(2,2): 一致率0.0 % Cell(3,2): 一致率0.0 % Cell(4,2): 一致率0.0 % Cell(0,3): 一致率0.0 % Cell(1,3): 一致率0.0 % Cell(2,3): 一致率0.0 % Cell(3,3): 一致率0.0 % Cell(4,3): 一致率0.0 % Cell(0,4): 一致率0.0 % Cell(1,4): 一致率0.0 % Cell(2,4): 一致率0.0 % Cell(3,4): 一致率0.0 % Cell(4,4): 一致率0.0 % Cell(0,5): 一致率0.0 % Cell(1,5): 一致率0.0 % Cell(2,5): 一致率0.0 % Cell(3,5): 一致率0.0 % Cell(4,5): 一致率0.0 % Cell(0,6): 一致率0.0 % Cell(1,6): 一致率0.0 % Cell(2,6): 一致率0.0 % Cell(3,6): 一致率0.0 % Cell(4,6): 一致率0.0 % "
Stage182,Square,35,35,あり,なし,0.0 %,"Cell(0,0): 一致率0.0 % Cell(1,0): 一致率0.0 % Cell(2,0): 一致率0.0 % Cell(3,0): 一致率0.0 % Cell(4,0): 一致率0.0 % Cell(0,1): 一致率0.0 % Cell(1,1): 一致率0.0 % Cell(2,1): 一致率0.0 % Cell(3,1): 一致率0.0 % Cell(4,1): 一致率0.0 % Cell(0,2): 一致率0.0 % Cell(1,2): 一致率0.0 % Cell(2,2): 一致率0.0 % Cell(3,2): 一致率0.0 % Cell(4,2): 一致率0.0 % Cell(0,3): 一致率0.0 % Cell(1,3): 一致率0.0 % Cell(2,3): 一致率0.0 % Cell(3,3): 一致率0.0 % Cell(4,3): 一致率0.0 % Cell(0,4): 一致率0.0 % Cell(1,4): 一致率0.0 % Cell(2,4): 一致率0.0 % Cell(3,4): 一致率0.0 % Cell(4,4): 一致率0.0 % Cell(0,5): 一致率0.0 % Cell(1,5): 一致率0.0 % Cell(2,5): 一致率0.0 % Cell(3,5): 一致率0.0 % Cell(4,5): 一致率0.0 % Cell(0,6): 一致率0.0 % Cell(1,6): 一致率0.0 % Cell(2,6): 一致率0.0 % Cell(3,6): 一致率0.0 % Cell(4,6): 一致率0.0 % "
Stage183,Square,48,48,あり,なし,0.0 %,"Cell(0,0): 一致率0.0 % Cell(1,0): 一致率0.0 % Cell(2,0): 一致率0.0 % Cell(3,0): 一致率0.0 % Cell(4,0): 一致率0.0 % Cell(5,0): 一致率0.0 % Cell(0,1): 一致率0.0 % Cell(1,1): 一致率0.0 % Cell(2,1): 一致率0.0 % Cell(3,1): 一致率0.0 % Cell(4,1): 一致率0.0 % Cell(5,1): 一致率0.0 % Cell(0,2): 一致率0.0 % Cell(1,2): 一致率0.0 % Cell(2,2): 一致率0.0 % Cell(3,2): 一致率0.0 % Cell(4,2): 一致率0.0 % Cell(5,2): 一致率0.0 % Cell(0,3): 一致率0.0 % Cell(1,3): 一致率0.0 % Cell(2,3): 一致率0.0 % Cell(3,3): 一致率0.0 % Cell(4,3): 一致率0.0 % Cell(5,3): 一致率0.0 % Cell(0,4): 一致率0.0 % Cell(1,4): 一致率0.0 % Cell(2,4): 一致率0.0 % Cell(3,4): 一致率0.0 % Cell(4,4): 一致率0.0 % Cell(5,4): 一致率0.0 % Cell(0,5): 一致率0.0 % Cell(1,5): 一致率0.0 % Cell(2,5): 一致率0.0 % Cell(3,5): 一致率0.0 % Cell(4,5): 一致率0.0 % Cell(5,5): 一致率0.0 % Cell(0,6): 一致率0.0 % Cell(1,6): 一致率0.0 % Cell(2,6): 一致率0.0 % Cell(3,6): 一致率0.0 % Cell(4,6): 一致率0.0 % Cell(5,6): 一致率0.0 % Cell(0,7): 一致率0.0 % Cell(1,7): 一致率0.0 % Cell(2,7): 一致率0.0 % Cell(3,7): 一致率0.0 % Cell(4,7): 一致率0.0 % Cell(5,7): 一致率0.0 % "
Stage184,Triangle,20,20,あり,なし,0.0 %,"Cell(0,0): 一致率0.1 % Cell(1,0): 一致率0.1 % Cell(2,0): 一致率0.0 % Cell(3,0): 一致率0.0 % Cell(0,1): 一致率0.0 % Cell(1,1): 一致率0.1 % Cell(2,1): 一致率0.0 % Cell(3,1): 一致率0.0 % Cell(0,2): 一致率0.0 % Cell(1,2): 一致率1.1 % Cell(2,2): 一致率0.0 % Cell(3,2): 一致率0.0 % Cell(0,3): 一致率0.1 % Cell(1,3): 一致率4.7 % Cell(2,3): 一致率0.0 % Cell(3,3): 一致率0.0 % Cell(0,4): 一致率37.4 % Cell(1,4): 一致率16.0 % Cell(2,4): 一致率0.2 % Cell(3,4): 一致率0.0 % "
Stage185,Triangle,36,36,あり,なし,0.0 %,"Cell(0,0): 一致率0.0 % Cell(1,0): 一致率0.4 % Cell(2,0): 一致率0.1 % Cell(3,0): 一致率0.1 % Cell(4,0): 一致率0.0 % Cell(5,0): 一致率0.0 % Cell(0,1): 一致率0.3 % Cell(1,1): 一致率1.5 % Cell(2,1): 一致率0.3 % Cell(3,1): 一致率0.0 % Cell(4,1): 一致率0.0 % Cell(5,1): 一致率0.0 % Cell(0,2): 一致率2.1 % Cell(1,2): 一致率0.7 % Cell(2,2): 一致率0.8 % Cell(3,2): 一致率0.1 % Cell(4,2): 一致率0.0 % Cell(5,2): 一致率0.0 % Cell(0,3): 一致率2.2 % Cell(1,3): 一致率1.2 % Cell(2,3): 一致率0.1 % Cell(3,3): 一致率0.0 % Cell(4,3): 一致率0.0 % Cell(5,3): 一致率0.0 % Cell(0,4): 一致率0.7 % Cell(1,4): 一致率0.3 % Cell(2,4): 一致率0.0 % Cell(3,4): 一致率0.0 % Cell(4,4): 一致率0.9 % Cell(5,4): 一致率0.0 % Cell(0,5): 一致率0.7 % Cell(1,5): 一致率0.0 % Cell(2,5): 一致率0.0 % Cell(3,5): 一致率1.1 % Cell(4,5): 一致率1.2 % Cell(5,5): 一致率0.0 % "
Stage186,Triangle,49,49,あり,なし,0.0 %,"Cell(0,0): 一致率0.0 % Cell(1,0): 一致率0.0 % Cell(2,0): 一致率0.7 % Cell(3,0): 一致率0.4 % Cell(4,0): 一致率0.0 % Cell(5,0): 一致率0.0 % Cell(6,0): 一致率0.0 % Cell(0,1): 一致率0.0 % Cell(1,1): 一致率1.8 % Cell(2,1): 一致率0.8 % Cell(3,1): 一致率0.8 % Cell(4,1): 一致率0.0 % Cell(5,1): 一致率0.0 % Cell(6,1): 一致率0.0 % Cell(0,2): 一致率0.0 % Cell(1,2): 一致率3.4 % Cell(2,2): 一致率2.3 % Cell(3,2): 一致率0.0 % Cell(4,2): 一致率0.0 % Cell(5,2): 一致率0.0 % Cell(6,2): 一致率0.0 % Cell(0,3): 一致率0.1 % Cell(1,3): 一致率0.0 % Cell(2,3): 一致率6.8 % Cell(3,3): 一致率4.8 % Cell(4,3): 一致率0.0 % Cell(5,3): 一致率0.0 % Cell(6,3): 一致率0.0 % Cell(0,4): 一致率0.4 % Cell(1,4): 一致率1.9 % Cell(2,4): 一致率2.2 % Cell(3,4): 一致率4.7 % Cell(4,4): 一致率0.0 % Cell(5,4): 一致率0.0 % Cell(6,4): 一致率0.0 % Cell(0,5): 一致率0.0 % Cell(1,5): 一致率0.0 % Cell(2,5): 一致率0.0 % Cell(3,5): 一致率0.0 % Cell(4,5): 一致率0.0 % Cell(5,5): 一致率0.0 % Cell(6,5): 一致率0.0 % Cell(0,6): 一致率39.7 % Cell(1,6): 一致率13.1 % Cell(2,6): 一致率9.4 % Cell(3,6): 一致率0.2 % Cell(4,6): 一致率0.0 % Cell(5,6): 一致率0.0 % Cell(6,6): 一致率0.0 % "
Stage187,Hex,35,35,あり,なし,0.0 %,"Cell(0,0): 一致率0.0 % Cell(1,0): 一致率0.0 % Cell(2,0): 一致率0.0 % Cell(3,0): 一致率0.0 % Cell(4,0): 一致率0.0 % Cell(0,1): 一致率0.0 % Cell(1,1): 一致率0.0 % Cell(2,1): 一致率0.0 % Cell(3,1): 一致率0.0 % Cell(4,1): 一致率0.0 % Cell(0,2): 一致率0.0 % Cell(1,2): 一致率0.0 % Cell(2,2): 一致率0.0 % Cell(3,2): 一致率0.0 % Cell(4,2): 一致率0.0 % Cell(0,3): 一致率0.0 % Cell(1,3): 一致率0.0 % Cell(2,3): 一致率0.0 % Cell(3,3): 一致率0.0 % Cell(4,3): 一致率0.0 % Cell(0,4): 一致率0.0 % Cell(1,4): 一致率0.0 % Cell(2,4): 一致率0.0 % Cell(3,4): 一致率0.0 % Cell(4,4): 一致率0.0 % Cell(0,5): 一致率0.0 % Cell(1,5): 一致率0.0 % Cell(2,5): 一致率0.0 % Cell(3,5): 一致率0.0 % Cell(4,5): 一致率0.0 % Cell(0,6): 一致率0.0 % Cell(1,6): 一致率0.0 % Cell(2,6): 一致率0.0 % Cell(3,6): 一致率0.0 % Cell(4,6): 一致率0.0 % "
Stage188,Hex,35,35,あり,なし,0.0 %,"Cell(0,0): 一致率0.0 % Cell(1,0): 一致率0.0 % Cell(2,0): 一致率0.0 % Cell(3,0): 一致率0.0 % Cell(4,0): 一致率0.0 % Cell(0,1): 一致率0.0 % Cell(1,1): 一致率0.0 % Cell(2,1): 一致率0.0 % Cell(3,1): 一致率0.0 % Cell(4,1): 一致率0.0 % Cell(0,2): 一致率0.0 % Cell(1,2): 一致率0.0 % Cell(2,2): 一致率0.0 % Cell(3,2): 一致率0.0 % Cell(4,2): 一致率0.0 % Cell(0,3): 一致率0.0 % Cell(1,3): 一致率0.0 % Cell(2,3): 一致率0.0 % Cell(3,3): 一致率0.0 % Cell(4,3): 一致率0.0 % Cell(0,4): 一致率0.0 % Cell(1,4): 一致率0.0 % Cell(2,4): 一致率0.0 % Cell(3,4): 一致率0.0 % Cell(4,4): 一致率0.0 % Cell(0,5): 一致率0.0 % Cell(1,5): 一致率0.0 % Cell(2,5): 一致率0.0 % Cell(3,5): 一致率0.0 % Cell(4,5): 一致率0.0 % Cell(0,6): 一致率0.0 % Cell(1,6): 一致率0.0 % Cell(2,6): 一致率0.0 % Cell(3,6): 一致率0.0 % Cell(4,6): 一致率0.0 % "
Stage189,Hex,48,48,あり,なし,0.0 %,"Cell(0,0): 一致率0.0 % Cell(1,0): 一致率0.0 % Cell(2,0): 一致率0.0 % Cell(3,0): 一致率0.0 % Cell(4,0): 一致率0.0 % Cell(5,0): 一致率0.0 % Cell(0,1): 一致率0.0 % Cell(1,1): 一致率0.0 % Cell(2,1): 一致率0.0 % Cell(3,1): 一致率0.0 % Cell(4,1): 一致率0.0 % Cell(5,1): 一致率0.0 % Cell(0,2): 一致率0.0 % Cell(1,2): 一致率0.0 % Cell(2,2): 一致率0.0 % Cell(3,2): 一致率0.0 % Cell(4,2): 一致率0.0 % Cell(5,2): 一致率0.0 % Cell(0,3): 一致率0.0 % Cell(1,3): 一致率0.0 % Cell(2,3): 一致率0.0 % Cell(3,3): 一致率0.0 % Cell(4,3): 一致率0.0 % Cell(5,3): 一致率0.0 % Cell(0,4): 一致率0.0 % Cell(1,4): 一致率0.0 % Cell(2,4): 一致率0.0 % Cell(3,4): 一致率0.0 % Cell(4,4): 一致率0.0 % Cell(5,4): 一致率0.0 % Cell(0,5): 一致率0.0 % Cell(1,5): 一致率0.0 % Cell(2,5): 一致率0.0 % Cell(3,5): 一致率0.0 % Cell(4,5): 一致率0.0 % Cell(5,5): 一致率0.0 % Cell(0,6): 一致率0.0 % Cell(1,6): 一致率0.0 % Cell(2,6): 一致率0.0 % Cell(3,6): 一致率0.0 % Cell(4,6): 一致率0.0 % Cell(5,6): 一致率0.0 % Cell(0,7): 一致率0.0 % Cell(1,7): 一致率0.0 % Cell(2,7): 一致率0.0 % Cell(3,7): 一致率0.0 % Cell(4,7): 一致率0.0 % Cell(5,7): 一致率0.0 % "
Stage190,Square,20,20,あり,なし,0.0 %,"Cell(0,0): 一致率0.0 % Cell(1,0): 一致率0.0 % Cell(2,0): 一致率0.0 % Cell(3,0): 一致率0.0 % Cell(0,1): 一致率0.0 % Cell(1,1): 一致率0.0 % Cell(2,1): 一致率0.0 % Cell(3,1): 一致率0.0 % Cell(0,2): 一致率0.0 % Cell(1,2): 一致率0.0 % Cell(2,2): 一致率0.0 % Cell(3,2): 一致率0.0 % Cell(0,3): 一致率0.0 % Cell(1,3): 一致率0.0 % Cell(2,3): 一致率0.0 % Cell(3,3): 一致率0.0 % Cell(0,4): 一致率0.0 % Cell(1,4): 一致率0.0 % Cell(2,4): 一致率0.0 % Cell(3,4): 一致率0.0 % "
Stage191,Square,35,35,あり,なし,0.0 %,"Cell(0,0): 一致率0.0 % Cell(1,0): 一致率0.0 % Cell(2,0): 一致率0.0 % Cell(3,0): 一致率0.0 % Cell(4,0): 一致率0.0 % Cell(0,1): 一致率0.0 % Cell(1,1): 一致率0.0 % Cell(2,1): 一致率0.0 % Cell(3,1): 一致率0.0 % Cell(4,1): 一致率0.0 % Cell(0,2): 一致率0.0 % Cell(1,2): 一致率0.0 % Cell(2,2): 一致率0.0 % Cell(3,2): 一致率0.0 % Cell(4,2): 一致率0.0 % Cell(0,3): 一致率0.0 % Cell(1,3): 一致率0.0 % Cell(2,3): 一致率0.0 % Cell(3,3): 一致率0.0 % Cell(4,3): 一致率0.0 % Cell(0,4): 一致率0.0 % Cell(1,4): 一致率0.0 % Cell(2,4): 一致率0.0 % Cell(3,4): 一致率0.0 % Cell(4,4): 一致率0.0 % Cell(0,5): 一致率0.0 % Cell(1,5): 一致率0.0 % Cell(2,5): 一致率0.0 % Cell(3,5): 一致率0.0 % Cell(4,5): 一致率0.0 % Cell(0,6): 一致率0.0 % Cell(1,6): 一致率0.0 % Cell(2,6): 一致率0.0 % Cell(3,6): 一致率0.0 % Cell(4,6): 一致率0.0 % "
Stage192,Square,56,0,なし,なし,100.0 %,"Texture取得失敗/読取不可: 56セル "
Stage193,Triangle,36,36,あり,なし,0.0 %,"Cell(0,0): 一致率0.4 % Cell(1,0): 一致率0.2 % Cell(2,0): 一致率0.0 % Cell(3,0): 一致率0.0 % Cell(4,0): 一致率0.0 % Cell(5,0): 一致率0.0 % Cell(0,1): 一致率0.4 % Cell(1,1): 一致率1.0 % Cell(2,1): 一致率0.3 % Cell(3,1): 一致率0.0 % Cell(4,1): 一致率0.0 % Cell(5,1): 一致率0.0 % Cell(0,2): 一致率0.0 % Cell(1,2): 一致率0.0 % Cell(2,2): 一致率0.0 % Cell(3,2): 一致率0.1 % Cell(4,2): 一致率0.7 % Cell(5,2): 一致率0.0 % Cell(0,3): 一致率0.0 % Cell(1,3): 一致率0.0 % Cell(2,3): 一致率0.0 % Cell(3,3): 一致率0.7 % Cell(4,3): 一致率0.4 % Cell(5,3): 一致率0.0 % Cell(0,4): 一致率0.0 % Cell(1,4): 一致率0.1 % Cell(2,4): 一致率0.1 % Cell(3,4): 一致率0.1 % Cell(4,4): 一致率0.6 % Cell(5,4): 一致率0.0 % Cell(0,5): 一致率0.0 % Cell(1,5): 一致率0.0 % Cell(2,5): 一致率0.1 % Cell(3,5): 一致率0.7 % Cell(4,5): 一致率0.0 % Cell(5,5): 一致率0.0 % "
Stage194,Triangle,36,0,なし,なし,100.0 %,"Texture取得失敗/読取不可: 36セル "
Stage195,Triangle,56,56,あり,なし,0.0 %,"Cell(0,0): 一致率0.0 % Cell(1,0): 一致率0.0 % Cell(2,0): 一致率0.0 % Cell(3,0): 一致率0.0 % Cell(4,0): 一致率0.0 % Cell(5,0): 一致率0.0 % Cell(6,0): 一致率0.0 % Cell(7,0): 一致率0.0 % Cell(0,1): 一致率0.0 % Cell(1,1): 一致率0.0 % Cell(2,1): 一致率0.0 % Cell(3,1): 一致率0.0 % Cell(4,1): 一致率0.0 % Cell(5,1): 一致率0.0 % Cell(6,1): 一致率0.0 % Cell(7,1): 一致率0.0 % Cell(0,2): 一致率0.0 % Cell(1,2): 一致率0.0 % Cell(2,2): 一致率0.0 % Cell(3,2): 一致率0.0 % Cell(4,2): 一致率0.0 % Cell(5,2): 一致率0.0 % Cell(6,2): 一致率0.0 % Cell(7,2): 一致率0.0 % Cell(0,3): 一致率0.0 % Cell(1,3): 一致率0.0 % Cell(2,3): 一致率0.0 % Cell(3,3): 一致率0.0 % Cell(4,3): 一致率0.0 % Cell(5,3): 一致率0.0 % Cell(6,3): 一致率0.0 % Cell(7,3): 一致率0.0 % Cell(0,4): 一致率0.0 % Cell(1,4): 一致率0.0 % Cell(2,4): 一致率0.0 % Cell(3,4): 一致率0.0 % Cell(4,4): 一致率0.0 % Cell(5,4): 一致率0.0 % Cell(6,4): 一致率0.0 % Cell(7,4): 一致率0.0 % Cell(0,5): 一致率0.0 % Cell(1,5): 一致率0.0 % Cell(2,5): 一致率0.0 % Cell(3,5): 一致率0.0 % Cell(4,5): 一致率0.0 % Cell(5,5): 一致率0.0 % Cell(6,5): 一致率0.0 % Cell(7,5): 一致率0.0 % Cell(0,6): 一致率0.0 % Cell(1,6): 一致率0.0 % Cell(2,6): 一致率0.0 % Cell(3,6): 一致率0.0 % Cell(4,6): 一致率0.0 % Cell(5,6): 一致率0.0 % Cell(6,6): 一致率0.0 % Cell(7,6): 一致率0.0 % "
Stage196,Hex,35,35,あり,なし,0.0 %,"Cell(0,0): 一致率0.0 % Cell(1,0): 一致率0.0 % Cell(2,0): 一致率0.0 % Cell(3,0): 一致率0.0 % Cell(4,0): 一致率0.0 % Cell(0,1): 一致率0.0 % Cell(1,1): 一致率0.0 % Cell(2,1): 一致率0.0 % Cell(3,1): 一致率0.0 % Cell(4,1): 一致率0.0 % Cell(0,2): 一致率0.0 % Cell(1,2): 一致率0.0 % Cell(2,2): 一致率0.0 % Cell(3,2): 一致率0.0 % Cell(4,2): 一致率0.0 % Cell(0,3): 一致率0.0 % Cell(1,3): 一致率0.0 % Cell(2,3): 一致率0.0 % Cell(3,3): 一致率0.0 % Cell(4,3): 一致率0.0 % Cell(0,4): 一致率0.0 % Cell(1,4): 一致率0.0 % Cell(2,4): 一致率0.0 % Cell(3,4): 一致率0.0 % Cell(4,4): 一致率0.0 % Cell(0,5): 一致率0.0 % Cell(1,5): 一致率0.0 % Cell(2,5): 一致率0.0 % Cell(3,5): 一致率0.0 % Cell(4,5): 一致率0.0 % Cell(0,6): 一致率0.0 % Cell(1,6): 一致率0.0 % Cell(2,6): 一致率0.0 % Cell(3,6): 一致率0.0 % Cell(4,6): 一致率0.0 % "
Stage197,Hex,35,35,あり,なし,0.0 %,"Cell(0,0): 一致率0.0 % Cell(1,0): 一致率0.0 % Cell(2,0): 一致率0.0 % Cell(3,0): 一致率0.0 % Cell(4,0): 一致率0.0 % Cell(0,1): 一致率0.0 % Cell(1,1): 一致率0.0 % Cell(2,1): 一致率0.0 % Cell(3,1): 一致率0.0 % Cell(4,1): 一致率0.0 % Cell(0,2): 一致率0.0 % Cell(1,2): 一致率0.0 % Cell(2,2): 一致率0.0 % Cell(3,2): 一致率0.0 % Cell(4,2): 一致率0.0 % Cell(0,3): 一致率0.0 % Cell(1,3): 一致率0.0 % Cell(2,3): 一致率0.0 % Cell(3,3): 一致率0.0 % Cell(4,3): 一致率0.0 % Cell(0,4): 一致率0.0 % Cell(1,4): 一致率0.0 % Cell(2,4): 一致率0.0 % Cell(3,4): 一致率0.0 % Cell(4,4): 一致率0.0 % Cell(0,5): 一致率0.0 % Cell(1,5): 一致率0.0 % Cell(2,5): 一致率0.0 % Cell(3,5): 一致率0.0 % Cell(4,5): 一致率0.0 % Cell(0,6): 一致率0.0 % Cell(1,6): 一致率0.0 % Cell(2,6): 一致率0.0 % Cell(3,6): 一致率0.0 % Cell(4,6): 一致率0.0 % "
Stage198,Hex,48,48,あり,なし,0.0 %,"Cell(0,0): 一致率0.0 % Cell(1,0): 一致率0.0 % Cell(2,0): 一致率0.0 % Cell(3,0): 一致率0.0 % Cell(4,0): 一致率0.0 % Cell(5,0): 一致率0.0 % Cell(0,1): 一致率0.0 % Cell(1,1): 一致率0.0 % Cell(2,1): 一致率0.0 % Cell(3,1): 一致率0.0 % Cell(4,1): 一致率0.0 % Cell(5,1): 一致率0.0 % Cell(0,2): 一致率0.0 % Cell(1,2): 一致率0.0 % Cell(2,2): 一致率0.0 % Cell(3,2): 一致率0.0 % Cell(4,2): 一致率0.0 % Cell(5,2): 一致率0.0 % Cell(0,3): 一致率0.0 % Cell(1,3): 一致率0.0 % Cell(2,3): 一致率0.0 % Cell(3,3): 一致率0.0 % Cell(4,3): 一致率0.0 % Cell(5,3): 一致率0.0 % Cell(0,4): 一致率0.0 % Cell(1,4): 一致率0.0 % Cell(2,4): 一致率0.0 % Cell(3,4): 一致率0.0 % Cell(4,4): 一致率0.0 % Cell(5,4): 一致率0.0 % Cell(0,5): 一致率0.0 % Cell(1,5): 一致率0.0 % Cell(2,5): 一致率0.0 % Cell(3,5): 一致率0.0 % Cell(4,5): 一致率0.0 % Cell(5,5): 一致率0.0 % Cell(0,6): 一致率0.0 % Cell(1,6): 一致率0.0 % Cell(2,6): 一致率0.0 % Cell(3,6): 一致率0.0 % Cell(4,6): 一致率0.0 % Cell(5,6): 一致率0.0 % Cell(0,7): 一致率0.0 % Cell(1,7): 一致率0.0 % Cell(2,7): 一致率0.0 % Cell(3,7): 一致率0.0 % Cell(4,7): 一致率0.0 % Cell(5,7): 一致率0.0 % "
Stage199,Square,35,35,あり,なし,0.0 %,"Cell(0,0): 一致率0.0 % Cell(1,0): 一致率0.0 % Cell(2,0): 一致率0.0 % Cell(3,0): 一致率0.0 % Cell(4,0): 一致率0.0 % Cell(0,1): 一致率0.0 % Cell(1,1): 一致率0.0 % Cell(2,1): 一致率0.0 % Cell(3,1): 一致率0.0 % Cell(4,1): 一致率0.0 % Cell(0,2): 一致率0.0 % Cell(1,2): 一致率0.0 % Cell(2,2): 一致率0.0 % Cell(3,2): 一致率0.0 % Cell(4,2): 一致率0.0 % Cell(0,3): 一致率0.0 % Cell(1,3): 一致率0.0 % Cell(2,3): 一致率0.0 % Cell(3,3): 一致率0.0 % Cell(4,3): 一致率0.0 % Cell(0,4): 一致率0.0 % Cell(1,4): 一致率0.0 % Cell(2,4): 一致率0.0 % Cell(3,4): 一致率0.0 % Cell(4,4): 一致率0.0 % Cell(0,5): 一致率0.0 % Cell(1,5): 一致率0.0 % Cell(2,5): 一致率0.0 % Cell(3,5): 一致率0.0 % Cell(4,5): 一致率0.0 % Cell(0,6): 一致率0.0 % Cell(1,6): 一致率0.0 % Cell(2,6): 一致率0.0 % Cell(3,6): 一致率0.0 % Cell(4,6): 一致率0.0 % "
Stage200,Square,35,0,なし,なし,100.0 %,"Texture取得失敗/読取不可: 35セル "
Stage201,Square,56,56,あり,なし,0.0 %,"Cell(0,0): 一致率0.0 % Cell(1,0): 一致率0.0 % Cell(2,0): 一致率0.0 % Cell(3,0): 一致率0.0 % Cell(4,0): 一致率0.0 % Cell(5,0): 一致率0.0 % Cell(6,0): 一致率0.0 % Cell(0,1): 一致率0.0 % Cell(1,1): 一致率0.0 % Cell(2,1): 一致率0.0 % Cell(3,1): 一致率0.0 % Cell(4,1): 一致率0.0 % Cell(5,1): 一致率0.0 % Cell(6,1): 一致率0.0 % Cell(0,2): 一致率0.0 % Cell(1,2): 一致率0.0 % Cell(2,2): 一致率0.0 % Cell(3,2): 一致率0.0 % Cell(4,2): 一致率0.0 % Cell(5,2): 一致率0.0 % Cell(6,2): 一致率0.0 % Cell(0,3): 一致率0.0 % Cell(1,3): 一致率0.0 % Cell(2,3): 一致率0.0 % Cell(3,3): 一致率0.0 % Cell(4,3): 一致率0.0 % Cell(5,3): 一致率0.0 % Cell(6,3): 一致率0.0 % Cell(0,4): 一致率0.0 % Cell(1,4): 一致率0.0 % Cell(2,4): 一致率0.0 % Cell(3,4): 一致率0.0 % Cell(4,4): 一致率0.0 % Cell(5,4): 一致率0.0 % Cell(6,4): 一致率0.0 % Cell(0,5): 一致率0.0 % Cell(1,5): 一致率0.0 % Cell(2,5): 一致率0.0 % Cell(3,5): 一致率0.0 % Cell(4,5): 一致率0.0 % Cell(5,5): 一致率0.0 % Cell(6,5): 一致率0.0 % Cell(0,6): 一致率0.0 % Cell(1,6): 一致率0.0 % Cell(2,6): 一致率0.0 % Cell(3,6): 一致率0.0 % Cell(4,6): 一致率0.0 % Cell(5,6): 一致率0.0 % Cell(6,6): 一致率0.0 % Cell(0,7): 一致率0.0 % Cell(1,7): 一致率0.0 % Cell(2,7): 一致率0.0 % Cell(3,7): 一致率0.0 % Cell(4,7): 一致率0.0 % Cell(5,7): 一致率0.0 % Cell(6,7): 一致率0.0 % "
Stage202,Triangle,36,36,あり,なし,0.0 %,"Cell(0,0): 一致率0.0 % Cell(1,0): 一致率2.0 % Cell(2,0): 一致率0.2 % Cell(3,0): 一致率1.2 % Cell(4,0): 一致率0.1 % Cell(5,0): 一致率0.0 % Cell(0,1): 一致率0.3 % Cell(1,1): 一致率1.3 % Cell(2,1): 一致率0.1 % Cell(3,1): 一致率3.1 % Cell(4,1): 一致率0.8 % Cell(5,1): 一致率0.0 % Cell(0,2): 一致率0.6 % Cell(1,2): 一致率0.9 % Cell(2,2): 一致率0.5 % Cell(3,2): 一致率1.1 % Cell(4,2): 一致率4.1 % Cell(5,2): 一致率0.0 % Cell(0,3): 一致率0.1 % Cell(1,3): 一致率0.4 % Cell(2,3): 一致率0.5 % Cell(3,3): 一致率0.2 % Cell(4,3): 一致率0.2 % Cell(5,3): 一致率0.0 % Cell(0,4): 一致率0.0 % Cell(1,4): 一致率0.0 % Cell(2,4): 一致率0.0 % Cell(3,4): 一致率0.1 % Cell(4,4): 一致率0.2 % Cell(5,4): 一致率0.0 % Cell(0,5): 一致率0.1 % Cell(1,5): 一致率0.3 % Cell(2,5): 一致率0.1 % Cell(3,5): 一致率0.0 % Cell(4,5): 一致率0.5 % Cell(5,5): 一致率0.0 % "
Stage203,Triangle,36,36,あり,なし,0.0 %,"Cell(0,0): 一致率0.0 % Cell(1,0): 一致率0.0 % Cell(2,0): 一致率0.0 % Cell(3,0): 一致率1.2 % Cell(4,0): 一致率0.1 % Cell(5,0): 一致率0.0 % Cell(0,1): 一致率0.0 % Cell(1,1): 一致率6.9 % Cell(2,1): 一致率0.0 % Cell(3,1): 一致率0.0 % Cell(4,1): 一致率0.0 % Cell(5,1): 一致率0.0 % Cell(0,2): 一致率0.0 % Cell(1,2): 一致率0.0 % Cell(2,2): 一致率0.0 % Cell(3,2): 一致率0.0 % Cell(4,2): 一致率0.0 % Cell(5,2): 一致率0.0 % Cell(0,3): 一致率0.0 % Cell(1,3): 一致率0.0 % Cell(2,3): 一致率0.0 % Cell(3,3): 一致率0.0 % Cell(4,3): 一致率0.0 % Cell(5,3): 一致率0.0 % Cell(0,4): 一致率0.1 % Cell(1,4): 一致率0.0 % Cell(2,4): 一致率0.0 % Cell(3,4): 一致率0.2 % Cell(4,4): 一致率0.1 % Cell(5,4): 一致率0.0 % Cell(0,5): 一致率0.5 % Cell(1,5): 一致率3.1 % Cell(2,5): 一致率0.5 % Cell(3,5): 一致率4.0 % Cell(4,5): 一致率6.8 % Cell(5,5): 一致率0.0 % "
Stage204,Triangle,49,49,あり,なし,0.0 %,"Cell(0,0): 一致率0.3 % Cell(1,0): 一致率0.1 % Cell(2,0): 一致率0.0 % Cell(3,0): 一致率0.0 % Cell(4,0): 一致率2.5 % Cell(5,0): 一致率0.0 % Cell(6,0): 一致率0.0 % Cell(0,1): 一致率0.0 % Cell(1,1): 一致率0.0 % Cell(2,1): 一致率1.6 % Cell(3,1): 一致率1.7 % Cell(4,1): 一致率2.2 % Cell(5,1): 一致率0.0 % Cell(6,1): 一致率0.0 % Cell(0,2): 一致率0.4 % Cell(1,2): 一致率0.1 % Cell(2,2): 一致率1.3 % Cell(3,2): 一致率1.2 % Cell(4,2): 一致率0.1 % Cell(5,2): 一致率0.0 % Cell(6,2): 一致率0.0 % Cell(0,3): 一致率0.0 % Cell(1,3): 一致率0.0 % Cell(2,3): 一致率2.5 % Cell(3,3): 一致率0.8 % Cell(4,3): 一致率0.2 % Cell(5,3): 一致率0.0 % Cell(6,3): 一致率0.0 % Cell(0,4): 一致率15.1 % Cell(1,4): 一致率0.0 % Cell(2,4): 一致率19.0 % Cell(3,4): 一致率26.0 % Cell(4,4): 一致率27.2 % Cell(5,4): 一致率0.0 % Cell(6,4): 一致率0.0 % Cell(0,5): 一致率44.9 % Cell(1,5): 一致率48.8 % Cell(2,5): 一致率49.5 % Cell(3,5): 一致率49.1 % Cell(4,5): 一致率41.6 % Cell(5,5): 一致率0.0 % Cell(6,5): 一致率0.0 % Cell(0,6): 一致率47.5 % Cell(1,6): 一致率48.7 % Cell(2,6): 一致率48.5 % Cell(3,6): 一致率49.0 % Cell(4,6): 一致率45.0 % Cell(5,6): 一致率0.0 % Cell(6,6): 一致率0.0 % "
Stage205,Hex,20,20,あり,なし,0.0 %,"Cell(0,0): 一致率0.0 % Cell(1,0): 一致率0.0 % Cell(2,0): 一致率0.0 % Cell(3,0): 一致率0.0 % Cell(0,1): 一致率0.0 % Cell(1,1): 一致率0.0 % Cell(2,1): 一致率0.0 % Cell(3,1): 一致率0.0 % Cell(0,2): 一致率0.0 % Cell(1,2): 一致率0.0 % Cell(2,2): 一致率0.0 % Cell(3,2): 一致率0.0 % Cell(0,3): 一致率0.0 % Cell(1,3): 一致率0.0 % Cell(2,3): 一致率0.0 % Cell(3,3): 一致率0.0 % Cell(0,4): 一致率0.0 % Cell(1,4): 一致率0.0 % Cell(2,4): 一致率0.0 % Cell(3,4): 一致率0.0 % "
Stage206,Hex,35,35,あり,なし,0.0 %,"Cell(0,0): 一致率0.0 % Cell(1,0): 一致率0.0 % Cell(2,0): 一致率0.0 % Cell(3,0): 一致率0.0 % Cell(4,0): 一致率0.0 % Cell(0,1): 一致率0.0 % Cell(1,1): 一致率0.0 % Cell(2,1): 一致率0.0 % Cell(3,1): 一致率0.0 % Cell(4,1): 一致率0.0 % Cell(0,2): 一致率0.0 % Cell(1,2): 一致率0.0 % Cell(2,2): 一致率0.0 % Cell(3,2): 一致率0.0 % Cell(4,2): 一致率0.0 % Cell(0,3): 一致率0.0 % Cell(1,3): 一致率0.0 % Cell(2,3): 一致率0.0 % Cell(3,3): 一致率0.0 % Cell(4,3): 一致率0.0 % Cell(0,4): 一致率0.0 % Cell(1,4): 一致率0.0 % Cell(2,4): 一致率0.0 % Cell(3,4): 一致率0.0 % Cell(4,4): 一致率0.0 % Cell(0,5): 一致率0.0 % Cell(1,5): 一致率0.0 % Cell(2,5): 一致率0.0 % Cell(3,5): 一致率0.0 % Cell(4,5): 一致率0.0 % Cell(0,6): 一致率0.0 % Cell(1,6): 一致率0.0 % Cell(2,6): 一致率0.0 % Cell(3,6): 一致率0.0 % Cell(4,6): 一致率0.0 % "
Stage207,Hex,48,0,なし,なし,100.0 %,"Texture取得失敗/読取不可: 48セル "
Stage208,Square,20,20,あり,なし,0.0 %,"Cell(0,0): 一致率0.0 % Cell(1,0): 一致率0.0 % Cell(2,0): 一致率0.0 % Cell(3,0): 一致率0.0 % Cell(0,1): 一致率0.0 % Cell(1,1): 一致率0.0 % Cell(2,1): 一致率0.0 % Cell(3,1): 一致率0.0 % Cell(0,2): 一致率0.0 % Cell(1,2): 一致率0.0 % Cell(2,2): 一致率0.0 % Cell(3,2): 一致率0.0 % Cell(0,3): 一致率0.0 % Cell(1,3): 一致率0.0 % Cell(2,3): 一致率0.0 % Cell(3,3): 一致率0.0 % Cell(0,4): 一致率0.0 % Cell(1,4): 一致率0.0 % Cell(2,4): 一致率0.0 % Cell(3,4): 一致率0.0 % "
Stage209,Square,35,35,あり,なし,0.0 %,"Cell(0,0): 一致率0.0 % Cell(1,0): 一致率0.0 % Cell(2,0): 一致率0.0 % Cell(3,0): 一致率0.0 % Cell(4,0): 一致率0.0 % Cell(0,1): 一致率0.0 % Cell(1,1): 一致率0.0 % Cell(2,1): 一致率0.0 % Cell(3,1): 一致率0.0 % Cell(4,1): 一致率0.0 % Cell(0,2): 一致率0.0 % Cell(1,2): 一致率0.0 % Cell(2,2): 一致率0.0 % Cell(3,2): 一致率0.0 % Cell(4,2): 一致率0.0 % Cell(0,3): 一致率0.0 % Cell(1,3): 一致率0.0 % Cell(2,3): 一致率0.0 % Cell(3,3): 一致率0.0 % Cell(4,3): 一致率0.0 % Cell(0,4): 一致率0.0 % Cell(1,4): 一致率0.0 % Cell(2,4): 一致率0.0 % Cell(3,4): 一致率0.0 % Cell(4,4): 一致率0.0 % Cell(0,5): 一致率0.0 % Cell(1,5): 一致率0.0 % Cell(2,5): 一致率0.0 % Cell(3,5): 一致率0.0 % Cell(4,5): 一致率0.0 % Cell(0,6): 一致率0.0 % Cell(1,6): 一致率0.0 % Cell(2,6): 一致率0.0 % Cell(3,6): 一致率0.0 % Cell(4,6): 一致率0.0 % "
Stage210,Square,48,48,あり,なし,0.0 %,"Cell(0,0): 一致率0.0 % Cell(1,0): 一致率0.0 % Cell(2,0): 一致率0.0 % Cell(3,0): 一致率0.0 % Cell(4,0): 一致率0.0 % Cell(5,0): 一致率0.0 % Cell(0,1): 一致率0.0 % Cell(1,1): 一致率0.0 % Cell(2,1): 一致率0.0 % Cell(3,1): 一致率0.0 % Cell(4,1): 一致率0.0 % Cell(5,1): 一致率0.0 % Cell(0,2): 一致率0.0 % Cell(1,2): 一致率0.0 % Cell(2,2): 一致率0.0 % Cell(3,2): 一致率0.0 % Cell(4,2): 一致率0.0 % Cell(5,2): 一致率0.0 % Cell(0,3): 一致率0.0 % Cell(1,3): 一致率0.0 % Cell(2,3): 一致率0.0 % Cell(3,3): 一致率0.0 % Cell(4,3): 一致率0.0 % Cell(5,3): 一致率0.0 % Cell(0,4): 一致率0.0 % Cell(1,4): 一致率0.0 % Cell(2,4): 一致率0.0 % Cell(3,4): 一致率0.0 % Cell(4,4): 一致率0.0 % Cell(5,4): 一致率0.0 % Cell(0,5): 一致率0.0 % Cell(1,5): 一致率0.0 % Cell(2,5): 一致率0.0 % Cell(3,5): 一致率0.0 % Cell(4,5): 一致率0.0 % Cell(5,5): 一致率0.0 % Cell(0,6): 一致率0.0 % Cell(1,6): 一致率0.0 % Cell(2,6): 一致率0.0 % Cell(3,6): 一致率0.0 % Cell(4,6): 一致率0.0 % Cell(5,6): 一致率0.0 % Cell(0,7): 一致率0.0 % Cell(1,7): 一致率0.0 % Cell(2,7): 一致率0.0 % Cell(3,7): 一致率0.0 % Cell(4,7): 一致率0.0 % Cell(5,7): 一致率0.0 % "
Stage211,Triangle,36,36,あり,なし,0.0 %,"Cell(0,0): 一致率0.4 % Cell(1,0): 一致率0.3 % Cell(2,0): 一致率0.0 % Cell(3,0): 一致率0.3 % Cell(4,0): 一致率0.0 % Cell(5,0): 一致率0.0 % Cell(0,1): 一致率0.1 % Cell(1,1): 一致率0.2 % Cell(2,1): 一致率0.0 % Cell(3,1): 一致率1.5 % Cell(4,1): 一致率0.0 % Cell(5,1): 一致率0.0 % Cell(0,2): 一致率0.0 % Cell(1,2): 一致率0.1 % Cell(2,2): 一致率0.0 % Cell(3,2): 一致率0.9 % Cell(4,2): 一致率0.2 % Cell(5,2): 一致率0.0 % Cell(0,3): 一致率1.1 % Cell(1,3): 一致率1.7 % Cell(2,3): 一致率1.6 % Cell(3,3): 一致率0.6 % Cell(4,3): 一致率0.0 % Cell(5,3): 一致率0.0 % Cell(0,4): 一致率1.0 % Cell(1,4): 一致率0.9 % Cell(2,4): 一致率1.6 % Cell(3,4): 一致率1.9 % Cell(4,4): 一致率0.8 % Cell(5,4): 一致率0.0 % Cell(0,5): 一致率0.2 % Cell(1,5): 一致率1.1 % Cell(2,5): 一致率1.2 % Cell(3,5): 一致率0.9 % Cell(4,5): 一致率2.2 % Cell(5,5): 一致率0.0 % "
Stage212,Triangle,36,36,あり,なし,0.0 %,"Cell(0,0): 一致率2.6 % Cell(1,0): 一致率8.7 % Cell(2,0): 一致率8.3 % Cell(3,0): 一致率16.0 % Cell(4,0): 一致率18.3 % Cell(5,0): 一致率0.0 % Cell(0,1): 一致率14.6 % Cell(1,1): 一致率6.0 % Cell(2,1): 一致率11.9 % Cell(3,1): 一致率1.4 % Cell(4,1): 一致率11.7 % Cell(5,1): 一致率0.0 % Cell(0,2): 一致率0.5 % Cell(1,2): 一致率1.2 % Cell(2,2): 一致率0.1 % Cell(3,2): 一致率0.3 % Cell(4,2): 一致率2.8 % Cell(5,2): 一致率0.0 % Cell(0,3): 一致率0.6 % Cell(1,3): 一致率0.2 % Cell(2,3): 一致率0.1 % Cell(3,3): 一致率0.0 % Cell(4,3): 一致率2.5 % Cell(5,3): 一致率0.0 % Cell(0,4): 一致率0.2 % Cell(1,4): 一致率0.3 % Cell(2,4): 一致率0.1 % Cell(3,4): 一致率0.2 % Cell(4,4): 一致率1.4 % Cell(5,4): 一致率0.0 % Cell(0,5): 一致率0.1 % Cell(1,5): 一致率0.1 % Cell(2,5): 一致率0.1 % Cell(3,5): 一致率0.2 % Cell(4,5): 一致率6.8 % Cell(5,5): 一致率0.0 % "
Stage213,Triangle,56,56,あり,なし,0.0 %,"Cell(0,0): 一致率0.0 % Cell(1,0): 一致率0.0 % Cell(2,0): 一致率0.0 % Cell(3,0): 一致率0.0 % Cell(4,0): 一致率0.0 % Cell(5,0): 一致率0.0 % Cell(6,0): 一致率0.0 % Cell(7,0): 一致率0.0 % Cell(0,1): 一致率0.0 % Cell(1,1): 一致率0.0 % Cell(2,1): 一致率0.0 % Cell(3,1): 一致率0.0 % Cell(4,1): 一致率0.0 % Cell(5,1): 一致率0.0 % Cell(6,1): 一致率0.0 % Cell(7,1): 一致率0.0 % Cell(0,2): 一致率0.0 % Cell(1,2): 一致率0.0 % Cell(2,2): 一致率0.0 % Cell(3,2): 一致率0.0 % Cell(4,2): 一致率0.0 % Cell(5,2): 一致率0.0 % Cell(6,2): 一致率0.0 % Cell(7,2): 一致率0.0 % Cell(0,3): 一致率0.0 % Cell(1,3): 一致率0.0 % Cell(2,3): 一致率0.0 % Cell(3,3): 一致率0.0 % Cell(4,3): 一致率0.0 % Cell(5,3): 一致率0.0 % Cell(6,3): 一致率0.0 % Cell(7,3): 一致率0.0 % Cell(0,4): 一致率0.0 % Cell(1,4): 一致率0.0 % Cell(2,4): 一致率0.0 % Cell(3,4): 一致率0.0 % Cell(4,4): 一致率0.0 % Cell(5,4): 一致率0.0 % Cell(6,4): 一致率0.0 % Cell(7,4): 一致率0.0 % Cell(0,5): 一致率0.0 % Cell(1,5): 一致率0.0 % Cell(2,5): 一致率0.0 % Cell(3,5): 一致率0.0 % Cell(4,5): 一致率0.0 % Cell(5,5): 一致率0.0 % Cell(6,5): 一致率0.0 % Cell(7,5): 一致率0.0 % Cell(0,6): 一致率0.0 % Cell(1,6): 一致率0.0 % Cell(2,6): 一致率0.0 % Cell(3,6): 一致率0.0 % Cell(4,6): 一致率0.0 % Cell(5,6): 一致率0.0 % Cell(6,6): 一致率0.0 % Cell(7,6): 一致率0.0 % "
Stage214,Hex,35,35,あり,なし,0.0 %,"Cell(0,0): 一致率0.0 % Cell(1,0): 一致率0.0 % Cell(2,0): 一致率0.0 % Cell(3,0): 一致率0.0 % Cell(4,0): 一致率0.0 % Cell(0,1): 一致率0.0 % Cell(1,1): 一致率0.0 % Cell(2,1): 一致率0.0 % Cell(3,1): 一致率0.0 % Cell(4,1): 一致率0.0 % Cell(0,2): 一致率0.0 % Cell(1,2): 一致率0.0 % Cell(2,2): 一致率0.0 % Cell(3,2): 一致率0.0 % Cell(4,2): 一致率0.0 % Cell(0,3): 一致率0.0 % Cell(1,3): 一致率0.0 % Cell(2,3): 一致率0.0 % Cell(3,3): 一致率0.0 % Cell(4,3): 一致率0.0 % Cell(0,4): 一致率0.0 % Cell(1,4): 一致率0.0 % Cell(2,4): 一致率0.0 % Cell(3,4): 一致率0.0 % Cell(4,4): 一致率0.0 % Cell(0,5): 一致率0.0 % Cell(1,5): 一致率0.0 % Cell(2,5): 一致率0.0 % Cell(3,5): 一致率0.0 % Cell(4,5): 一致率0.0 % Cell(0,6): 一致率0.0 % Cell(1,6): 一致率0.0 % Cell(2,6): 一致率0.0 % Cell(3,6): 一致率0.0 % Cell(4,6): 一致率0.0 % "
Stage215,Hex,35,35,あり,なし,0.0 %,"Cell(0,0): 一致率0.0 % Cell(1,0): 一致率0.0 % Cell(2,0): 一致率0.0 % Cell(3,0): 一致率0.0 % Cell(4,0): 一致率0.0 % Cell(0,1): 一致率0.0 % Cell(1,1): 一致率0.0 % Cell(2,1): 一致率0.0 % Cell(3,1): 一致率0.0 % Cell(4,1): 一致率0.0 % Cell(0,2): 一致率0.0 % Cell(1,2): 一致率0.0 % Cell(2,2): 一致率0.0 % Cell(3,2): 一致率0.0 % Cell(4,2): 一致率0.0 % Cell(0,3): 一致率0.0 % Cell(1,3): 一致率0.0 % Cell(2,3): 一致率0.0 % Cell(3,3): 一致率0.0 % Cell(4,3): 一致率0.0 % Cell(0,4): 一致率0.0 % Cell(1,4): 一致率0.0 % Cell(2,4): 一致率0.0 % Cell(3,4): 一致率0.0 % Cell(4,4): 一致率0.0 % Cell(0,5): 一致率0.0 % Cell(1,5): 一致率0.0 % Cell(2,5): 一致率0.0 % Cell(3,5): 一致率0.0 % Cell(4,5): 一致率0.0 % Cell(0,6): 一致率0.0 % Cell(1,6): 一致率0.0 % Cell(2,6): 一致率0.0 % Cell(3,6): 一致率0.0 % Cell(4,6): 一致率0.0 % "
Stage216,Hex,56,56,あり,なし,0.0 %,"Cell(0,0): 一致率0.0 % Cell(1,0): 一致率0.0 % Cell(2,0): 一致率0.0 % Cell(3,0): 一致率0.0 % Cell(4,0): 一致率0.0 % Cell(5,0): 一致率0.0 % Cell(6,0): 一致率0.0 % Cell(0,1): 一致率0.0 % Cell(1,1): 一致率0.0 % Cell(2,1): 一致率0.0 % Cell(3,1): 一致率0.0 % Cell(4,1): 一致率0.0 % Cell(5,1): 一致率0.0 % Cell(6,1): 一致率0.0 % Cell(0,2): 一致率0.0 % Cell(1,2): 一致率0.0 % Cell(2,2): 一致率0.0 % Cell(3,2): 一致率0.0 % Cell(4,2): 一致率0.0 % Cell(5,2): 一致率0.0 % Cell(6,2): 一致率0.0 % Cell(0,3): 一致率0.0 % Cell(1,3): 一致率0.0 % Cell(2,3): 一致率0.0 % Cell(3,3): 一致率0.0 % Cell(4,3): 一致率0.0 % Cell(5,3): 一致率0.0 % Cell(6,3): 一致率0.0 % Cell(0,4): 一致率0.0 % Cell(1,4): 一致率0.0 % Cell(2,4): 一致率0.0 % Cell(3,4): 一致率0.0 % Cell(4,4): 一致率0.0 % Cell(5,4): 一致率0.0 % Cell(6,4): 一致率0.0 % Cell(0,5): 一致率0.0 % Cell(1,5): 一致率0.0 % Cell(2,5): 一致率0.0 % Cell(3,5): 一致率0.0 % Cell(4,5): 一致率0.0 % Cell(5,5): 一致率0.0 % Cell(6,5): 一致率0.0 % Cell(0,6): 一致率0.0 % Cell(1,6): 一致率0.0 % Cell(2,6): 一致率0.0 % Cell(3,6): 一致率0.0 % Cell(4,6): 一致率0.0 % Cell(5,6): 一致率0.0 % Cell(6,6): 一致率0.0 % Cell(0,7): 一致率0.0 % Cell(1,7): 一致率0.0 % Cell(2,7): 一致率0.0 % Cell(3,7): 一致率0.0 % Cell(4,7): 一致率0.0 % Cell(5,7): 一致率0.0 % Cell(6,7): 一致率0.0 % "
Stage217,Square,20,20,あり,なし,0.0 %,"Cell(0,0): 一致率0.0 % Cell(1,0): 一致率0.0 % Cell(2,0): 一致率0.0 % Cell(3,0): 一致率0.0 % Cell(0,1): 一致率0.0 % Cell(1,1): 一致率0.0 % Cell(2,1): 一致率0.0 % Cell(3,1): 一致率0.0 % Cell(0,2): 一致率0.0 % Cell(1,2): 一致率0.0 % Cell(2,2): 一致率0.0 % Cell(3,2): 一致率0.0 % Cell(0,3): 一致率0.0 % Cell(1,3): 一致率0.0 % Cell(2,3): 一致率0.0 % Cell(3,3): 一致率0.0 % Cell(0,4): 一致率0.0 % Cell(1,4): 一致率0.0 % Cell(2,4): 一致率0.0 % Cell(3,4): 一致率0.0 % "
Stage218,Square,35,35,あり,なし,0.0 %,"Cell(0,0): 一致率0.0 % Cell(1,0): 一致率0.0 % Cell(2,0): 一致率0.0 % Cell(3,0): 一致率0.0 % Cell(4,0): 一致率0.0 % Cell(0,1): 一致率0.0 % Cell(1,1): 一致率0.0 % Cell(2,1): 一致率0.0 % Cell(3,1): 一致率0.0 % Cell(4,1): 一致率0.0 % Cell(0,2): 一致率0.0 % Cell(1,2): 一致率0.0 % Cell(2,2): 一致率0.0 % Cell(3,2): 一致率0.0 % Cell(4,2): 一致率0.0 % Cell(0,3): 一致率0.0 % Cell(1,3): 一致率0.0 % Cell(2,3): 一致率0.0 % Cell(3,3): 一致率0.0 % Cell(4,3): 一致率0.0 % Cell(0,4): 一致率0.0 % Cell(1,4): 一致率0.0 % Cell(2,4): 一致率0.0 % Cell(3,4): 一致率0.0 % Cell(4,4): 一致率0.0 % Cell(0,5): 一致率0.0 % Cell(1,5): 一致率0.0 % Cell(2,5): 一致率0.0 % Cell(3,5): 一致率0.0 % Cell(4,5): 一致率0.0 % Cell(0,6): 一致率0.0 % Cell(1,6): 一致率0.0 % Cell(2,6): 一致率0.0 % Cell(3,6): 一致率0.0 % Cell(4,6): 一致率0.0 % "
Stage219,Square,48,48,あり,なし,0.0 %,"Cell(0,0): 一致率0.0 % Cell(1,0): 一致率0.0 % Cell(2,0): 一致率0.0 % Cell(3,0): 一致率0.0 % Cell(4,0): 一致率0.0 % Cell(5,0): 一致率0.0 % Cell(0,1): 一致率0.0 % Cell(1,1): 一致率0.0 % Cell(2,1): 一致率0.0 % Cell(3,1): 一致率0.0 % Cell(4,1): 一致率0.0 % Cell(5,1): 一致率0.0 % Cell(0,2): 一致率0.0 % Cell(1,2): 一致率0.0 % Cell(2,2): 一致率0.0 % Cell(3,2): 一致率0.0 % Cell(4,2): 一致率0.0 % Cell(5,2): 一致率0.0 % Cell(0,3): 一致率0.0 % Cell(1,3): 一致率0.0 % Cell(2,3): 一致率0.0 % Cell(3,3): 一致率0.0 % Cell(4,3): 一致率0.0 % Cell(5,3): 一致率0.0 % Cell(0,4): 一致率0.0 % Cell(1,4): 一致率0.0 % Cell(2,4): 一致率0.0 % Cell(3,4): 一致率0.0 % Cell(4,4): 一致率0.0 % Cell(5,4): 一致率0.0 % Cell(0,5): 一致率0.0 % Cell(1,5): 一致率0.0 % Cell(2,5): 一致率0.0 % Cell(3,5): 一致率0.0 % Cell(4,5): 一致率0.0 % Cell(5,5): 一致率0.0 % Cell(0,6): 一致率0.0 % Cell(1,6): 一致率0.0 % Cell(2,6): 一致率0.0 % Cell(3,6): 一致率0.0 % Cell(4,6): 一致率0.0 % Cell(5,6): 一致率0.0 % Cell(0,7): 一致率0.0 % Cell(1,7): 一致率0.0 % Cell(2,7): 一致率0.0 % Cell(3,7): 一致率0.0 % Cell(4,7): 一致率0.0 % Cell(5,7): 一致率0.0 % "
Stage220,Triangle,20,20,あり,なし,0.0 %,"Cell(0,0): 一致率0.1 % Cell(1,0): 一致率7.6 % Cell(2,0): 一致率5.9 % Cell(3,0): 一致率0.0 % Cell(0,1): 一致率0.3 % Cell(1,1): 一致率0.5 % Cell(2,1): 一致率0.7 % Cell(3,1): 一致率0.0 % Cell(0,2): 一致率1.1 % Cell(1,2): 一致率0.4 % Cell(2,2): 一致率0.4 % Cell(3,2): 一致率0.0 % Cell(0,3): 一致率4.7 % Cell(1,3): 一致率1.3 % Cell(2,3): 一致率1.9 % Cell(3,3): 一致率0.0 % Cell(0,4): 一致率0.1 % Cell(1,4): 一致率1.9 % Cell(2,4): 一致率1.6 % Cell(3,4): 一致率0.0 % "
Stage221,Triangle,36,36,あり,なし,0.0 %,"Cell(0,0): 一致率0.1 % Cell(1,0): 一致率0.2 % Cell(2,0): 一致率0.1 % Cell(3,0): 一致率0.1 % Cell(4,0): 一致率0.2 % Cell(5,0): 一致率0.0 % Cell(0,1): 一致率1.1 % Cell(1,1): 一致率0.0 % Cell(2,1): 一致率0.0 % Cell(3,1): 一致率0.0 % Cell(4,1): 一致率0.0 % Cell(5,1): 一致率0.0 % Cell(0,2): 一致率0.1 % Cell(1,2): 一致率0.0 % Cell(2,2): 一致率0.1 % Cell(3,2): 一致率0.2 % Cell(4,2): 一致率0.4 % Cell(5,2): 一致率0.0 % Cell(0,3): 一致率0.2 % Cell(1,3): 一致率0.1 % Cell(2,3): 一致率0.0 % Cell(3,3): 一致率0.0 % Cell(4,3): 一致率0.0 % Cell(5,3): 一致率0.0 % Cell(0,4): 一致率3.4 % Cell(1,4): 一致率0.0 % Cell(2,4): 一致率0.0 % Cell(3,4): 一致率0.1 % Cell(4,4): 一致率0.0 % Cell(5,4): 一致率0.0 % Cell(0,5): 一致率11.5 % Cell(1,5): 一致率1.2 % Cell(2,5): 一致率0.2 % Cell(3,5): 一致率0.3 % Cell(4,5): 一致率0.0 % Cell(5,5): 一致率0.0 % "
Stage222,Triangle,49,49,あり,なし,0.0 %,"Cell(0,0): 一致率0.6 % Cell(1,0): 一致率1.5 % Cell(2,0): 一致率0.5 % Cell(3,0): 一致率0.2 % Cell(4,0): 一致率0.4 % Cell(5,0): 一致率0.0 % Cell(6,0): 一致率0.0 % Cell(0,1): 一致率0.5 % Cell(1,1): 一致率0.2 % Cell(2,1): 一致率0.2 % Cell(3,1): 一致率0.1 % Cell(4,1): 一致率0.6 % Cell(5,1): 一致率0.0 % Cell(6,1): 一致率0.0 % Cell(0,2): 一致率0.0 % Cell(1,2): 一致率0.2 % Cell(2,2): 一致率0.0 % Cell(3,2): 一致率0.0 % Cell(4,2): 一致率0.0 % Cell(5,2): 一致率0.0 % Cell(6,2): 一致率0.0 % Cell(0,3): 一致率0.1 % Cell(1,3): 一致率0.5 % Cell(2,3): 一致率0.5 % Cell(3,3): 一致率0.1 % Cell(4,3): 一致率0.0 % Cell(5,3): 一致率0.0 % Cell(6,3): 一致率0.0 % Cell(0,4): 一致率0.0 % Cell(1,4): 一致率0.0 % Cell(2,4): 一致率1.7 % Cell(3,4): 一致率0.0 % Cell(4,4): 一致率0.0 % Cell(5,4): 一致率0.0 % Cell(6,4): 一致率0.0 % Cell(0,5): 一致率0.2 % Cell(1,5): 一致率0.7 % Cell(2,5): 一致率0.9 % Cell(3,5): 一致率4.1 % Cell(4,5): 一致率0.6 % Cell(5,5): 一致率0.0 % Cell(6,5): 一致率0.0 % Cell(0,6): 一致率1.2 % Cell(1,6): 一致率2.0 % Cell(2,6): 一致率0.8 % Cell(3,6): 一致率6.9 % Cell(4,6): 一致率22.3 % Cell(5,6): 一致率0.0 % Cell(6,6): 一致率0.0 % "
Stage223,Hex,20,20,あり,なし,0.0 %,"Cell(0,0): 一致率0.0 % Cell(1,0): 一致率0.0 % Cell(2,0): 一致率0.0 % Cell(3,0): 一致率0.0 % Cell(0,1): 一致率0.0 % Cell(1,1): 一致率0.0 % Cell(2,1): 一致率0.0 % Cell(3,1): 一致率0.0 % Cell(0,2): 一致率0.0 % Cell(1,2): 一致率0.0 % Cell(2,2): 一致率0.0 % Cell(3,2): 一致率0.0 % Cell(0,3): 一致率0.0 % Cell(1,3): 一致率0.0 % Cell(2,3): 一致率0.0 % Cell(3,3): 一致率0.0 % Cell(0,4): 一致率0.0 % Cell(1,4): 一致率0.0 % Cell(2,4): 一致率0.0 % Cell(3,4): 一致率0.0 % "
Stage224,Hex,35,35,あり,なし,0.0 %,"Cell(0,0): 一致率0.0 % Cell(1,0): 一致率0.0 % Cell(2,0): 一致率0.0 % Cell(3,0): 一致率0.0 % Cell(4,0): 一致率0.0 % Cell(0,1): 一致率0.0 % Cell(1,1): 一致率0.0 % Cell(2,1): 一致率0.0 % Cell(3,1): 一致率0.0 % Cell(4,1): 一致率0.0 % Cell(0,2): 一致率0.0 % Cell(1,2): 一致率0.0 % Cell(2,2): 一致率0.0 % Cell(3,2): 一致率0.0 % Cell(4,2): 一致率0.0 % Cell(0,3): 一致率0.0 % Cell(1,3): 一致率0.0 % Cell(2,3): 一致率0.0 % Cell(3,3): 一致率0.0 % Cell(4,3): 一致率0.0 % Cell(0,4): 一致率0.0 % Cell(1,4): 一致率0.0 % Cell(2,4): 一致率0.0 % Cell(3,4): 一致率0.0 % Cell(4,4): 一致率0.0 % Cell(0,5): 一致率0.0 % Cell(1,5): 一致率0.0 % Cell(2,5): 一致率0.0 % Cell(3,5): 一致率0.0 % Cell(4,5): 一致率0.0 % Cell(0,6): 一致率0.0 % Cell(1,6): 一致率0.0 % Cell(2,6): 一致率0.0 % Cell(3,6): 一致率0.0 % Cell(4,6): 一致率0.0 % "
Stage225,Hex,48,48,あり,なし,0.0 %,"Cell(0,0): 一致率0.0 % Cell(1,0): 一致率0.0 % Cell(2,0): 一致率0.0 % Cell(3,0): 一致率0.0 % Cell(4,0): 一致率0.0 % Cell(5,0): 一致率0.0 % Cell(0,1): 一致率0.0 % Cell(1,1): 一致率0.0 % Cell(2,1): 一致率0.0 % Cell(3,1): 一致率0.0 % Cell(4,1): 一致率0.0 % Cell(5,1): 一致率0.0 % Cell(0,2): 一致率0.0 % Cell(1,2): 一致率0.0 % Cell(2,2): 一致率0.0 % Cell(3,2): 一致率0.0 % Cell(4,2): 一致率0.0 % Cell(5,2): 一致率0.0 % Cell(0,3): 一致率0.0 % Cell(1,3): 一致率0.0 % Cell(2,3): 一致率0.0 % Cell(3,3): 一致率0.0 % Cell(4,3): 一致率0.0 % Cell(5,3): 一致率0.0 % Cell(0,4): 一致率0.0 % Cell(1,4): 一致率0.0 % Cell(2,4): 一致率0.0 % Cell(3,4): 一致率0.0 % Cell(4,4): 一致率0.0 % Cell(5,4): 一致率0.0 % Cell(0,5): 一致率0.0 % Cell(1,5): 一致率0.0 % Cell(2,5): 一致率0.0 % Cell(3,5): 一致率0.0 % Cell(4,5): 一致率0.0 % Cell(5,5): 一致率0.0 % Cell(0,6): 一致率0.0 % Cell(1,6): 一致率0.0 % Cell(2,6): 一致率0.0 % Cell(3,6): 一致率0.0 % Cell(4,6): 一致率0.0 % Cell(5,6): 一致率0.0 % Cell(0,7): 一致率0.0 % Cell(1,7): 一致率0.0 % Cell(2,7): 一致率0.0 % Cell(3,7): 一致率0.0 % Cell(4,7): 一致率0.0 % Cell(5,7): 一致率0.0 % "
Stage226,Square,35,35,あり,なし,0.0 %,"Cell(0,0): 一致率0.0 % Cell(1,0): 一致率0.0 % Cell(2,0): 一致率0.0 % Cell(3,0): 一致率0.0 % Cell(4,0): 一致率0.0 % Cell(0,1): 一致率0.0 % Cell(1,1): 一致率0.0 % Cell(2,1): 一致率0.0 % Cell(3,1): 一致率0.0 % Cell(4,1): 一致率0.0 % Cell(0,2): 一致率0.0 % Cell(1,2): 一致率0.0 % Cell(2,2): 一致率0.0 % Cell(3,2): 一致率0.0 % Cell(4,2): 一致率0.0 % Cell(0,3): 一致率0.0 % Cell(1,3): 一致率0.0 % Cell(2,3): 一致率0.0 % Cell(3,3): 一致率0.0 % Cell(4,3): 一致率0.0 % Cell(0,4): 一致率0.0 % Cell(1,4): 一致率0.0 % Cell(2,4): 一致率0.0 % Cell(3,4): 一致率0.0 % Cell(4,4): 一致率0.0 % Cell(0,5): 一致率0.0 % Cell(1,5): 一致率0.0 % Cell(2,5): 一致率0.0 % Cell(3,5): 一致率0.0 % Cell(4,5): 一致率0.0 % Cell(0,6): 一致率0.0 % Cell(1,6): 一致率0.0 % Cell(2,6): 一致率0.0 % Cell(3,6): 一致率0.0 % Cell(4,6): 一致率0.0 % "
Stage227,Square,35,35,あり,なし,0.0 %,"Cell(0,0): 一致率0.0 % Cell(1,0): 一致率0.0 % Cell(2,0): 一致率0.0 % Cell(3,0): 一致率0.0 % Cell(4,0): 一致率0.0 % Cell(0,1): 一致率0.0 % Cell(1,1): 一致率0.0 % Cell(2,1): 一致率0.0 % Cell(3,1): 一致率0.0 % Cell(4,1): 一致率0.0 % Cell(0,2): 一致率0.0 % Cell(1,2): 一致率0.0 % Cell(2,2): 一致率0.0 % Cell(3,2): 一致率0.0 % Cell(4,2): 一致率0.0 % Cell(0,3): 一致率0.0 % Cell(1,3): 一致率0.0 % Cell(2,3): 一致率0.0 % Cell(3,3): 一致率0.0 % Cell(4,3): 一致率0.0 % Cell(0,4): 一致率0.0 % Cell(1,4): 一致率0.0 % Cell(2,4): 一致率0.0 % Cell(3,4): 一致率0.0 % Cell(4,4): 一致率0.0 % Cell(0,5): 一致率0.0 % Cell(1,5): 一致率0.0 % Cell(2,5): 一致率0.0 % Cell(3,5): 一致率0.0 % Cell(4,5): 一致率0.0 % Cell(0,6): 一致率0.0 % Cell(1,6): 一致率0.0 % Cell(2,6): 一致率0.0 % Cell(3,6): 一致率0.0 % Cell(4,6): 一致率0.0 % "
Stage228,Square,48,48,あり,なし,0.0 %,"Cell(0,0): 一致率0.0 % Cell(1,0): 一致率0.0 % Cell(2,0): 一致率0.0 % Cell(3,0): 一致率0.0 % Cell(4,0): 一致率0.0 % Cell(5,0): 一致率0.0 % Cell(0,1): 一致率0.0 % Cell(1,1): 一致率0.0 % Cell(2,1): 一致率0.0 % Cell(3,1): 一致率0.0 % Cell(4,1): 一致率0.0 % Cell(5,1): 一致率0.0 % Cell(0,2): 一致率0.0 % Cell(1,2): 一致率0.0 % Cell(2,2): 一致率0.0 % Cell(3,2): 一致率0.0 % Cell(4,2): 一致率0.0 % Cell(5,2): 一致率0.0 % Cell(0,3): 一致率0.0 % Cell(1,3): 一致率0.0 % Cell(2,3): 一致率0.0 % Cell(3,3): 一致率0.0 % Cell(4,3): 一致率0.0 % Cell(5,3): 一致率0.0 % Cell(0,4): 一致率0.0 % Cell(1,4): 一致率0.0 % Cell(2,4): 一致率0.0 % Cell(3,4): 一致率0.0 % Cell(4,4): 一致率0.0 % Cell(5,4): 一致率0.0 % Cell(0,5): 一致率0.0 % Cell(1,5): 一致率0.0 % Cell(2,5): 一致率0.0 % Cell(3,5): 一致率0.0 % Cell(4,5): 一致率0.0 % Cell(5,5): 一致率0.0 % Cell(0,6): 一致率0.0 % Cell(1,6): 一致率0.0 % Cell(2,6): 一致率0.0 % Cell(3,6): 一致率0.0 % Cell(4,6): 一致率0.0 % Cell(5,6): 一致率0.0 % Cell(0,7): 一致率0.0 % Cell(1,7): 一致率0.0 % Cell(2,7): 一致率0.0 % Cell(3,7): 一致率0.0 % Cell(4,7): 一致率0.0 % Cell(5,7): 一致率0.0 % "
Stage229,Triangle,36,36,あり,なし,0.0 %,"Cell(0,0): 一致率0.9 % Cell(1,0): 一致率0.6 % Cell(2,0): 一致率0.4 % Cell(3,0): 一致率0.0 % Cell(4,0): 一致率0.0 % Cell(5,0): 一致率0.0 % Cell(0,1): 一致率0.1 % Cell(1,1): 一致率0.1 % Cell(2,1): 一致率0.3 % Cell(3,1): 一致率0.0 % Cell(4,1): 一致率0.1 % Cell(5,1): 一致率0.0 % Cell(0,2): 一致率0.5 % Cell(1,2): 一致率0.0 % Cell(2,2): 一致率0.0 % Cell(3,2): 一致率0.0 % Cell(4,2): 一致率0.5 % Cell(5,2): 一致率0.0 % Cell(0,3): 一致率0.0 % Cell(1,3): 一致率0.0 % Cell(2,3): 一致率0.1 % Cell(3,3): 一致率0.0 % Cell(4,3): 一致率2.3 % Cell(5,3): 一致率0.0 % Cell(0,4): 一致率0.0 % Cell(1,4): 一致率0.0 % Cell(2,4): 一致率0.3 % Cell(3,4): 一致率0.3 % Cell(4,4): 一致率0.6 % Cell(5,4): 一致率0.0 % Cell(0,5): 一致率1.7 % Cell(1,5): 一致率0.0 % Cell(2,5): 一致率0.1 % Cell(3,5): 一致率0.0 % Cell(4,5): 一致率4.1 % Cell(5,5): 一致率0.0 % "
Stage230,Triangle,36,36,あり,なし,0.0 %,"Cell(0,0): 一致率2.9 % Cell(1,0): 一致率3.2 % Cell(2,0): 一致率0.0 % Cell(3,0): 一致率1.7 % Cell(4,0): 一致率1.5 % Cell(5,0): 一致率0.0 % Cell(0,1): 一致率0.8 % Cell(1,1): 一致率0.3 % Cell(2,1): 一致率1.9 % Cell(3,1): 一致率0.4 % Cell(4,1): 一致率0.0 % Cell(5,1): 一致率0.0 % Cell(0,2): 一致率0.0 % Cell(1,2): 一致率0.7 % Cell(2,2): 一致率0.6 % Cell(3,2): 一致率0.5 % Cell(4,2): 一致率0.2 % Cell(5,2): 一致率0.0 % Cell(0,3): 一致率0.1 % Cell(1,3): 一致率0.2 % Cell(2,3): 一致率0.1 % Cell(3,3): 一致率0.0 % Cell(4,3): 一致率0.0 % Cell(5,3): 一致率0.0 % Cell(0,4): 一致率1.1 % Cell(1,4): 一致率0.4 % Cell(2,4): 一致率0.0 % Cell(3,4): 一致率0.2 % Cell(4,4): 一致率0.1 % Cell(5,4): 一致率0.0 % Cell(0,5): 一致率0.3 % Cell(1,5): 一致率0.0 % Cell(2,5): 一致率0.1 % Cell(3,5): 一致率0.2 % Cell(4,5): 一致率0.1 % Cell(5,5): 一致率0.0 % "
Stage231,Triangle,56,56,あり,なし,0.0 %,"Cell(0,0): 一致率0.0 % Cell(1,0): 一致率0.0 % Cell(2,0): 一致率0.0 % Cell(3,0): 一致率0.0 % Cell(4,0): 一致率0.0 % Cell(5,0): 一致率0.0 % Cell(6,0): 一致率0.0 % Cell(7,0): 一致率0.0 % Cell(0,1): 一致率0.0 % Cell(1,1): 一致率0.0 % Cell(2,1): 一致率0.0 % Cell(3,1): 一致率0.0 % Cell(4,1): 一致率0.0 % Cell(5,1): 一致率0.0 % Cell(6,1): 一致率0.0 % Cell(7,1): 一致率0.0 % Cell(0,2): 一致率0.0 % Cell(1,2): 一致率0.0 % Cell(2,2): 一致率0.0 % Cell(3,2): 一致率0.0 % Cell(4,2): 一致率0.0 % Cell(5,2): 一致率0.0 % Cell(6,2): 一致率0.0 % Cell(7,2): 一致率0.0 % Cell(0,3): 一致率0.0 % Cell(1,3): 一致率0.0 % Cell(2,3): 一致率0.0 % Cell(3,3): 一致率0.0 % Cell(4,3): 一致率0.0 % Cell(5,3): 一致率0.0 % Cell(6,3): 一致率0.0 % Cell(7,3): 一致率0.0 % Cell(0,4): 一致率0.0 % Cell(1,4): 一致率0.0 % Cell(2,4): 一致率0.0 % Cell(3,4): 一致率0.0 % Cell(4,4): 一致率0.0 % Cell(5,4): 一致率0.0 % Cell(6,4): 一致率0.0 % Cell(7,4): 一致率0.0 % Cell(0,5): 一致率0.0 % Cell(1,5): 一致率0.0 % Cell(2,5): 一致率0.0 % Cell(3,5): 一致率0.0 % Cell(4,5): 一致率0.0 % Cell(5,5): 一致率0.0 % Cell(6,5): 一致率0.0 % Cell(7,5): 一致率0.0 % Cell(0,6): 一致率0.0 % Cell(1,6): 一致率0.0 % Cell(2,6): 一致率0.0 % Cell(3,6): 一致率0.0 % Cell(4,6): 一致率0.0 % Cell(5,6): 一致率0.0 % Cell(6,6): 一致率0.0 % Cell(7,6): 一致率0.0 % "
Stage232,Hex,35,35,あり,なし,0.0 %,"Cell(0,0): 一致率0.0 % Cell(1,0): 一致率0.0 % Cell(2,0): 一致率0.0 % Cell(3,0): 一致率0.0 % Cell(4,0): 一致率0.0 % Cell(0,1): 一致率0.0 % Cell(1,1): 一致率0.0 % Cell(2,1): 一致率0.0 % Cell(3,1): 一致率0.0 % Cell(4,1): 一致率0.0 % Cell(0,2): 一致率0.0 % Cell(1,2): 一致率0.0 % Cell(2,2): 一致率0.0 % Cell(3,2): 一致率0.0 % Cell(4,2): 一致率0.0 % Cell(0,3): 一致率0.0 % Cell(1,3): 一致率0.0 % Cell(2,3): 一致率0.0 % Cell(3,3): 一致率0.0 % Cell(4,3): 一致率0.0 % Cell(0,4): 一致率0.0 % Cell(1,4): 一致率0.0 % Cell(2,4): 一致率0.0 % Cell(3,4): 一致率0.0 % Cell(4,4): 一致率0.0 % Cell(0,5): 一致率0.0 % Cell(1,5): 一致率0.0 % Cell(2,5): 一致率0.0 % Cell(3,5): 一致率0.0 % Cell(4,5): 一致率0.0 % Cell(0,6): 一致率0.0 % Cell(1,6): 一致率0.0 % Cell(2,6): 一致率0.0 % Cell(3,6): 一致率0.0 % Cell(4,6): 一致率0.0 % "
Stage233,Hex,35,35,あり,なし,0.0 %,"Cell(0,0): 一致率0.0 % Cell(1,0): 一致率0.0 % Cell(2,0): 一致率0.0 % Cell(3,0): 一致率0.0 % Cell(4,0): 一致率0.0 % Cell(0,1): 一致率0.0 % Cell(1,1): 一致率0.0 % Cell(2,1): 一致率0.0 % Cell(3,1): 一致率0.0 % Cell(4,1): 一致率0.0 % Cell(0,2): 一致率0.0 % Cell(1,2): 一致率0.0 % Cell(2,2): 一致率0.0 % Cell(3,2): 一致率0.0 % Cell(4,2): 一致率0.0 % Cell(0,3): 一致率0.0 % Cell(1,3): 一致率0.0 % Cell(2,3): 一致率0.0 % Cell(3,3): 一致率0.0 % Cell(4,3): 一致率0.0 % Cell(0,4): 一致率0.0 % Cell(1,4): 一致率0.0 % Cell(2,4): 一致率0.0 % Cell(3,4): 一致率0.0 % Cell(4,4): 一致率0.0 % Cell(0,5): 一致率0.0 % Cell(1,5): 一致率0.0 % Cell(2,5): 一致率0.0 % Cell(3,5): 一致率0.0 % Cell(4,5): 一致率0.0 % Cell(0,6): 一致率0.0 % Cell(1,6): 一致率0.0 % Cell(2,6): 一致率0.0 % Cell(3,6): 一致率0.0 % Cell(4,6): 一致率0.0 % "
Stage234,Hex,48,0,なし,なし,100.0 %,"Texture取得失敗/読取不可: 48セル "
Stage235,Square,35,35,あり,なし,0.0 %,"Cell(0,0): 一致率0.0 % Cell(1,0): 一致率0.0 % Cell(2,0): 一致率0.0 % Cell(3,0): 一致率0.0 % Cell(4,0): 一致率0.0 % Cell(0,1): 一致率0.0 % Cell(1,1): 一致率0.0 % Cell(2,1): 一致率0.0 % Cell(3,1): 一致率0.0 % Cell(4,1): 一致率0.0 % Cell(0,2): 一致率0.0 % Cell(1,2): 一致率0.0 % Cell(2,2): 一致率0.0 % Cell(3,2): 一致率0.0 % Cell(4,2): 一致率0.0 % Cell(0,3): 一致率0.0 % Cell(1,3): 一致率0.0 % Cell(2,3): 一致率0.0 % Cell(3,3): 一致率0.0 % Cell(4,3): 一致率0.0 % Cell(0,4): 一致率0.0 % Cell(1,4): 一致率0.0 % Cell(2,4): 一致率0.0 % Cell(3,4): 一致率0.0 % Cell(4,4): 一致率0.0 % Cell(0,5): 一致率0.0 % Cell(1,5): 一致率0.0 % Cell(2,5): 一致率0.0 % Cell(3,5): 一致率0.0 % Cell(4,5): 一致率0.0 % Cell(0,6): 一致率0.0 % Cell(1,6): 一致率0.0 % Cell(2,6): 一致率0.0 % Cell(3,6): 一致率0.0 % Cell(4,6): 一致率0.0 % "
Stage236,Square,35,35,あり,なし,0.0 %,"Cell(0,0): 一致率0.0 % Cell(1,0): 一致率0.0 % Cell(2,0): 一致率0.0 % Cell(3,0): 一致率0.0 % Cell(4,0): 一致率0.0 % Cell(0,1): 一致率0.0 % Cell(1,1): 一致率0.0 % Cell(2,1): 一致率0.0 % Cell(3,1): 一致率0.0 % Cell(4,1): 一致率0.0 % Cell(0,2): 一致率0.0 % Cell(1,2): 一致率0.0 % Cell(2,2): 一致率0.0 % Cell(3,2): 一致率0.0 % Cell(4,2): 一致率0.0 % Cell(0,3): 一致率0.0 % Cell(1,3): 一致率0.0 % Cell(2,3): 一致率0.0 % Cell(3,3): 一致率0.0 % Cell(4,3): 一致率0.0 % Cell(0,4): 一致率0.0 % Cell(1,4): 一致率0.0 % Cell(2,4): 一致率0.0 % Cell(3,4): 一致率0.0 % Cell(4,4): 一致率0.0 % Cell(0,5): 一致率0.0 % Cell(1,5): 一致率0.0 % Cell(2,5): 一致率0.0 % Cell(3,5): 一致率0.0 % Cell(4,5): 一致率0.0 % Cell(0,6): 一致率0.0 % Cell(1,6): 一致率0.0 % Cell(2,6): 一致率0.0 % Cell(3,6): 一致率0.0 % Cell(4,6): 一致率0.0 % "
Stage237,Square,56,56,あり,なし,0.0 %,"Cell(0,0): 一致率0.0 % Cell(1,0): 一致率0.0 % Cell(2,0): 一致率0.0 % Cell(3,0): 一致率0.0 % Cell(4,0): 一致率0.0 % Cell(5,0): 一致率0.0 % Cell(6,0): 一致率0.0 % Cell(0,1): 一致率0.0 % Cell(1,1): 一致率0.0 % Cell(2,1): 一致率0.0 % Cell(3,1): 一致率0.0 % Cell(4,1): 一致率0.0 % Cell(5,1): 一致率0.0 % Cell(6,1): 一致率0.0 % Cell(0,2): 一致率0.0 % Cell(1,2): 一致率0.0 % Cell(2,2): 一致率0.0 % Cell(3,2): 一致率0.0 % Cell(4,2): 一致率0.0 % Cell(5,2): 一致率0.0 % Cell(6,2): 一致率0.0 % Cell(0,3): 一致率0.0 % Cell(1,3): 一致率0.0 % Cell(2,3): 一致率0.0 % Cell(3,3): 一致率0.0 % Cell(4,3): 一致率0.0 % Cell(5,3): 一致率0.0 % Cell(6,3): 一致率0.0 % Cell(0,4): 一致率0.0 % Cell(1,4): 一致率0.0 % Cell(2,4): 一致率0.0 % Cell(3,4): 一致率0.0 % Cell(4,4): 一致率0.0 % Cell(5,4): 一致率0.0 % Cell(6,4): 一致率0.0 % Cell(0,5): 一致率0.0 % Cell(1,5): 一致率0.0 % Cell(2,5): 一致率0.0 % Cell(3,5): 一致率0.0 % Cell(4,5): 一致率0.0 % Cell(5,5): 一致率0.0 % Cell(6,5): 一致率0.0 % Cell(0,6): 一致率0.0 % Cell(1,6): 一致率0.0 % Cell(2,6): 一致率0.0 % Cell(3,6): 一致率0.0 % Cell(4,6): 一致率0.0 % Cell(5,6): 一致率0.0 % Cell(6,6): 一致率0.0 % Cell(0,7): 一致率0.0 % Cell(1,7): 一致率0.0 % Cell(2,7): 一致率0.0 % Cell(3,7): 一致率0.0 % Cell(4,7): 一致率0.0 % Cell(5,7): 一致率0.0 % Cell(6,7): 一致率0.0 % "
Stage238,Triangle,20,20,あり,なし,0.0 %,"Cell(0,0): 一致率0.8 % Cell(1,0): 一致率0.4 % Cell(2,0): 一致率0.0 % Cell(3,0): 一致率0.0 % Cell(0,1): 一致率0.1 % Cell(1,1): 一致率0.0 % Cell(2,1): 一致率0.0 % Cell(3,1): 一致率0.0 % Cell(0,2): 一致率1.6 % Cell(1,2): 一致率2.9 % Cell(2,2): 一致率0.2 % Cell(3,2): 一致率0.0 % Cell(0,3): 一致率18.6 % Cell(1,3): 一致率5.2 % Cell(2,3): 一致率7.2 % Cell(3,3): 一致率0.0 % Cell(0,4): 一致率0.5 % Cell(1,4): 一致率9.5 % Cell(2,4): 一致率4.2 % Cell(3,4): 一致率0.0 % "
Stage239,Triangle,36,0,なし,なし,100.0 %,"Texture取得失敗/読取不可: 36セル "
Stage240,Triangle,56,56,あり,なし,0.0 %,"Cell(0,0): 一致率0.0 % Cell(1,0): 一致率0.0 % Cell(2,0): 一致率0.0 % Cell(3,0): 一致率0.0 % Cell(4,0): 一致率0.0 % Cell(5,0): 一致率0.0 % Cell(6,0): 一致率0.0 % Cell(7,0): 一致率0.0 % Cell(0,1): 一致率0.0 % Cell(1,1): 一致率0.0 % Cell(2,1): 一致率0.0 % Cell(3,1): 一致率0.0 % Cell(4,1): 一致率0.0 % Cell(5,1): 一致率0.0 % Cell(6,1): 一致率0.0 % Cell(7,1): 一致率0.0 % Cell(0,2): 一致率0.0 % Cell(1,2): 一致率0.0 % Cell(2,2): 一致率0.0 % Cell(3,2): 一致率0.0 % Cell(4,2): 一致率0.0 % Cell(5,2): 一致率0.0 % Cell(6,2): 一致率0.0 % Cell(7,2): 一致率0.0 % Cell(0,3): 一致率0.0 % Cell(1,3): 一致率0.0 % Cell(2,3): 一致率0.0 % Cell(3,3): 一致率0.0 % Cell(4,3): 一致率0.0 % Cell(5,3): 一致率0.0 % Cell(6,3): 一致率0.0 % Cell(7,3): 一致率0.0 % Cell(0,4): 一致率0.0 % Cell(1,4): 一致率0.0 % Cell(2,4): 一致率0.0 % Cell(3,4): 一致率0.0 % Cell(4,4): 一致率0.0 % Cell(5,4): 一致率0.0 % Cell(6,4): 一致率0.0 % Cell(7,4): 一致率0.0 % Cell(0,5): 一致率0.0 % Cell(1,5): 一致率0.0 % Cell(2,5): 一致率0.0 % Cell(3,5): 一致率0.0 % Cell(4,5): 一致率0.0 % Cell(5,5): 一致率0.0 % Cell(6,5): 一致率0.0 % Cell(7,5): 一致率0.0 % Cell(0,6): 一致率0.0 % Cell(1,6): 一致率0.0 % Cell(2,6): 一致率0.0 % Cell(3,6): 一致率0.0 % Cell(4,6): 一致率0.0 % Cell(5,6): 一致率0.0 % Cell(6,6): 一致率0.0 % Cell(7,6): 一致率0.0 % "
Stage241,Hex,20,20,あり,なし,0.0 %,"Cell(0,0): 一致率0.0 % Cell(1,0): 一致率0.0 % Cell(2,0): 一致率0.0 % Cell(3,0): 一致率0.0 % Cell(0,1): 一致率0.0 % Cell(1,1): 一致率0.0 % Cell(2,1): 一致率0.0 % Cell(3,1): 一致率0.0 % Cell(0,2): 一致率0.0 % Cell(1,2): 一致率0.0 % Cell(2,2): 一致率0.0 % Cell(3,2): 一致率0.0 % Cell(0,3): 一致率0.0 % Cell(1,3): 一致率0.0 % Cell(2,3): 一致率0.0 % Cell(3,3): 一致率0.0 % Cell(0,4): 一致率0.0 % Cell(1,4): 一致率0.0 % Cell(2,4): 一致率0.0 % Cell(3,4): 一致率0.0 % "
Stage242,Hex,35,35,あり,なし,0.0 %,"Cell(0,0): 一致率0.0 % Cell(1,0): 一致率0.0 % Cell(2,0): 一致率0.0 % Cell(3,0): 一致率0.0 % Cell(4,0): 一致率0.0 % Cell(0,1): 一致率0.0 % Cell(1,1): 一致率0.0 % Cell(2,1): 一致率0.0 % Cell(3,1): 一致率0.0 % Cell(4,1): 一致率0.0 % Cell(0,2): 一致率0.0 % Cell(1,2): 一致率0.0 % Cell(2,2): 一致率0.0 % Cell(3,2): 一致率0.0 % Cell(4,2): 一致率0.0 % Cell(0,3): 一致率0.0 % Cell(1,3): 一致率0.0 % Cell(2,3): 一致率0.0 % Cell(3,3): 一致率0.0 % Cell(4,3): 一致率0.0 % Cell(0,4): 一致率0.0 % Cell(1,4): 一致率0.0 % Cell(2,4): 一致率0.0 % Cell(3,4): 一致率0.0 % Cell(4,4): 一致率0.0 % Cell(0,5): 一致率0.0 % Cell(1,5): 一致率0.0 % Cell(2,5): 一致率0.0 % Cell(3,5): 一致率0.0 % Cell(4,5): 一致率0.0 % Cell(0,6): 一致率0.0 % Cell(1,6): 一致率0.0 % Cell(2,6): 一致率0.0 % Cell(3,6): 一致率0.0 % Cell(4,6): 一致率0.0 % "
Stage243,Hex,56,56,あり,なし,0.0 %,"Cell(0,0): 一致率0.0 % Cell(1,0): 一致率0.0 % Cell(2,0): 一致率0.0 % Cell(3,0): 一致率0.0 % Cell(4,0): 一致率0.0 % Cell(5,0): 一致率0.0 % Cell(6,0): 一致率0.0 % Cell(0,1): 一致率0.0 % Cell(1,1): 一致率0.0 % Cell(2,1): 一致率0.0 % Cell(3,1): 一致率0.0 % Cell(4,1): 一致率0.0 % Cell(5,1): 一致率0.0 % Cell(6,1): 一致率0.0 % Cell(0,2): 一致率0.0 % Cell(1,2): 一致率0.0 % Cell(2,2): 一致率0.0 % Cell(3,2): 一致率0.0 % Cell(4,2): 一致率0.0 % Cell(5,2): 一致率0.0 % Cell(6,2): 一致率0.0 % Cell(0,3): 一致率0.0 % Cell(1,3): 一致率0.0 % Cell(2,3): 一致率0.0 % Cell(3,3): 一致率0.0 % Cell(4,3): 一致率0.0 % Cell(5,3): 一致率0.0 % Cell(6,3): 一致率0.0 % Cell(0,4): 一致率0.0 % Cell(1,4): 一致率0.0 % Cell(2,4): 一致率0.0 % Cell(3,4): 一致率0.0 % Cell(4,4): 一致率0.0 % Cell(5,4): 一致率0.0 % Cell(6,4): 一致率0.0 % Cell(0,5): 一致率0.0 % Cell(1,5): 一致率0.0 % Cell(2,5): 一致率0.0 % Cell(3,5): 一致率0.0 % Cell(4,5): 一致率0.0 % Cell(5,5): 一致率0.0 % Cell(6,5): 一致率0.0 % Cell(0,6): 一致率0.0 % Cell(1,6): 一致率0.0 % Cell(2,6): 一致率0.0 % Cell(3,6): 一致率0.0 % Cell(4,6): 一致率0.0 % Cell(5,6): 一致率0.0 % Cell(6,6): 一致率0.0 % Cell(0,7): 一致率0.0 % Cell(1,7): 一致率0.0 % Cell(2,7): 一致率0.0 % Cell(3,7): 一致率0.0 % Cell(4,7): 一致率0.0 % Cell(5,7): 一致率0.0 % Cell(6,7): 一致率0.0 % "
Stage244,Square,35,35,あり,なし,0.0 %,"Cell(0,0): 一致率0.0 % Cell(1,0): 一致率0.0 % Cell(2,0): 一致率0.0 % Cell(3,0): 一致率0.0 % Cell(4,0): 一致率0.0 % Cell(0,1): 一致率0.0 % Cell(1,1): 一致率0.0 % Cell(2,1): 一致率0.0 % Cell(3,1): 一致率0.0 % Cell(4,1): 一致率0.0 % Cell(0,2): 一致率0.0 % Cell(1,2): 一致率0.0 % Cell(2,2): 一致率0.0 % Cell(3,2): 一致率0.0 % Cell(4,2): 一致率0.0 % Cell(0,3): 一致率0.0 % Cell(1,3): 一致率0.0 % Cell(2,3): 一致率0.0 % Cell(3,3): 一致率0.0 % Cell(4,3): 一致率0.0 % Cell(0,4): 一致率0.0 % Cell(1,4): 一致率0.0 % Cell(2,4): 一致率0.0 % Cell(3,4): 一致率0.0 % Cell(4,4): 一致率0.0 % Cell(0,5): 一致率0.0 % Cell(1,5): 一致率0.0 % Cell(2,5): 一致率0.0 % Cell(3,5): 一致率0.0 % Cell(4,5): 一致率0.0 % Cell(0,6): 一致率0.0 % Cell(1,6): 一致率0.0 % Cell(2,6): 一致率0.0 % Cell(3,6): 一致率0.0 % Cell(4,6): 一致率0.0 % "
Stage245,Square,35,35,あり,なし,0.0 %,"Cell(0,0): 一致率0.0 % Cell(1,0): 一致率0.0 % Cell(2,0): 一致率0.0 % Cell(3,0): 一致率0.0 % Cell(4,0): 一致率0.0 % Cell(0,1): 一致率0.0 % Cell(1,1): 一致率0.0 % Cell(2,1): 一致率0.0 % Cell(3,1): 一致率0.0 % Cell(4,1): 一致率0.0 % Cell(0,2): 一致率0.0 % Cell(1,2): 一致率0.0 % Cell(2,2): 一致率0.0 % Cell(3,2): 一致率0.0 % Cell(4,2): 一致率0.0 % Cell(0,3): 一致率0.0 % Cell(1,3): 一致率0.0 % Cell(2,3): 一致率0.0 % Cell(3,3): 一致率0.0 % Cell(4,3): 一致率0.0 % Cell(0,4): 一致率0.0 % Cell(1,4): 一致率0.0 % Cell(2,4): 一致率0.0 % Cell(3,4): 一致率0.0 % Cell(4,4): 一致率0.0 % Cell(0,5): 一致率0.0 % Cell(1,5): 一致率0.0 % Cell(2,5): 一致率0.0 % Cell(3,5): 一致率0.0 % Cell(4,5): 一致率0.0 % Cell(0,6): 一致率0.0 % Cell(1,6): 一致率0.0 % Cell(2,6): 一致率0.0 % Cell(3,6): 一致率0.0 % Cell(4,6): 一致率0.0 % "
Stage246,Square,56,56,あり,なし,0.0 %,"Cell(0,0): 一致率0.0 % Cell(1,0): 一致率0.0 % Cell(2,0): 一致率0.0 % Cell(3,0): 一致率0.0 % Cell(4,0): 一致率0.0 % Cell(5,0): 一致率0.0 % Cell(6,0): 一致率0.0 % Cell(0,1): 一致率0.0 % Cell(1,1): 一致率0.0 % Cell(2,1): 一致率0.0 % Cell(3,1): 一致率0.0 % Cell(4,1): 一致率0.0 % Cell(5,1): 一致率0.0 % Cell(6,1): 一致率0.0 % Cell(0,2): 一致率0.0 % Cell(1,2): 一致率0.0 % Cell(2,2): 一致率0.0 % Cell(3,2): 一致率0.0 % Cell(4,2): 一致率0.0 % Cell(5,2): 一致率0.0 % Cell(6,2): 一致率0.0 % Cell(0,3): 一致率0.0 % Cell(1,3): 一致率0.0 % Cell(2,3): 一致率0.0 % Cell(3,3): 一致率0.0 % Cell(4,3): 一致率0.0 % Cell(5,3): 一致率0.0 % Cell(6,3): 一致率0.0 % Cell(0,4): 一致率0.0 % Cell(1,4): 一致率0.0 % Cell(2,4): 一致率0.0 % Cell(3,4): 一致率0.0 % Cell(4,4): 一致率0.0 % Cell(5,4): 一致率0.0 % Cell(6,4): 一致率0.0 % Cell(0,5): 一致率0.0 % Cell(1,5): 一致率0.0 % Cell(2,5): 一致率0.0 % Cell(3,5): 一致率0.0 % Cell(4,5): 一致率0.0 % Cell(5,5): 一致率0.0 % Cell(6,5): 一致率0.0 % Cell(0,6): 一致率0.0 % Cell(1,6): 一致率0.0 % Cell(2,6): 一致率0.0 % Cell(3,6): 一致率0.0 % Cell(4,6): 一致率0.0 % Cell(5,6): 一致率0.0 % Cell(6,6): 一致率0.0 % Cell(0,7): 一致率0.0 % Cell(1,7): 一致率0.0 % Cell(2,7): 一致率0.0 % Cell(3,7): 一致率0.0 % Cell(4,7): 一致率0.0 % Cell(5,7): 一致率0.0 % Cell(6,7): 一致率0.0 % "
Stage247,Triangle,36,36,あり,なし,0.0 %,"Cell(0,0): 一致率0.1 % Cell(1,0): 一致率5.4 % Cell(2,0): 一致率3.7 % Cell(3,0): 一致率0.0 % Cell(4,0): 一致率0.1 % Cell(5,0): 一致率0.0 % Cell(0,1): 一致率0.8 % Cell(1,1): 一致率3.9 % Cell(2,1): 一致率0.7 % Cell(3,1): 一致率0.0 % Cell(4,1): 一致率0.7 % Cell(5,1): 一致率0.0 % Cell(0,2): 一致率0.5 % Cell(1,2): 一致率1.0 % Cell(2,2): 一致率0.4 % Cell(3,2): 一致率0.0 % Cell(4,2): 一致率0.2 % Cell(5,2): 一致率0.0 % Cell(0,3): 一致率0.0 % Cell(1,3): 一致率0.3 % Cell(2,3): 一致率0.3 % Cell(3,3): 一致率0.2 % Cell(4,3): 一致率0.2 % Cell(5,3): 一致率0.0 % Cell(0,4): 一致率2.9 % Cell(1,4): 一致率2.7 % Cell(2,4): 一致率0.6 % Cell(3,4): 一致率0.7 % Cell(4,4): 一致率1.2 % Cell(5,4): 一致率0.0 % Cell(0,5): 一致率0.3 % Cell(1,5): 一致率1.2 % Cell(2,5): 一致率3.8 % Cell(3,5): 一致率0.1 % Cell(4,5): 一致率8.8 % Cell(5,5): 一致率0.0 % "
Stage248,Triangle,36,36,あり,なし,0.0 %,"Cell(0,0): 一致率20.5 % Cell(1,0): 一致率3.3 % Cell(2,0): 一致率24.3 % Cell(3,0): 一致率6.3 % Cell(4,0): 一致率15.5 % Cell(5,0): 一致率0.0 % Cell(0,1): 一致率10.9 % Cell(1,1): 一致率0.4 % Cell(2,1): 一致率7.0 % Cell(3,1): 一致率0.3 % Cell(4,1): 一致率0.0 % Cell(5,1): 一致率0.0 % Cell(0,2): 一致率0.1 % Cell(1,2): 一致率0.5 % Cell(2,2): 一致率0.4 % Cell(3,2): 一致率0.3 % Cell(4,2): 一致率0.0 % Cell(5,2): 一致率0.0 % Cell(0,3): 一致率0.0 % Cell(1,3): 一致率0.0 % Cell(2,3): 一致率0.1 % Cell(3,3): 一致率1.3 % Cell(4,3): 一致率0.1 % Cell(5,3): 一致率0.0 % Cell(0,4): 一致率39.7 % Cell(1,4): 一致率2.5 % Cell(2,4): 一致率5.3 % Cell(3,4): 一致率17.2 % Cell(4,4): 一致率14.0 % Cell(5,4): 一致率0.0 % Cell(0,5): 一致率42.1 % Cell(1,5): 一致率5.9 % Cell(2,5): 一致率17.0 % Cell(3,5): 一致率26.5 % Cell(4,5): 一致率9.0 % Cell(5,5): 一致率0.0 % "
Stage249,Triangle,56,56,あり,なし,0.0 %,"Cell(0,0): 一致率0.0 % Cell(1,0): 一致率0.0 % Cell(2,0): 一致率0.0 % Cell(3,0): 一致率0.0 % Cell(4,0): 一致率0.0 % Cell(5,0): 一致率0.0 % Cell(6,0): 一致率0.0 % Cell(7,0): 一致率0.0 % Cell(0,1): 一致率0.0 % Cell(1,1): 一致率0.0 % Cell(2,1): 一致率0.0 % Cell(3,1): 一致率0.0 % Cell(4,1): 一致率0.0 % Cell(5,1): 一致率0.0 % Cell(6,1): 一致率0.0 % Cell(7,1): 一致率0.0 % Cell(0,2): 一致率0.0 % Cell(1,2): 一致率0.0 % Cell(2,2): 一致率0.0 % Cell(3,2): 一致率0.0 % Cell(4,2): 一致率0.0 % Cell(5,2): 一致率0.0 % Cell(6,2): 一致率0.0 % Cell(7,2): 一致率0.0 % Cell(0,3): 一致率0.0 % Cell(1,3): 一致率0.0 % Cell(2,3): 一致率0.0 % Cell(3,3): 一致率0.0 % Cell(4,3): 一致率0.0 % Cell(5,3): 一致率0.0 % Cell(6,3): 一致率0.0 % Cell(7,3): 一致率0.0 % Cell(0,4): 一致率0.0 % Cell(1,4): 一致率0.0 % Cell(2,4): 一致率0.0 % Cell(3,4): 一致率0.0 % Cell(4,4): 一致率0.0 % Cell(5,4): 一致率0.0 % Cell(6,4): 一致率0.0 % Cell(7,4): 一致率0.0 % Cell(0,5): 一致率0.0 % Cell(1,5): 一致率0.0 % Cell(2,5): 一致率0.0 % Cell(3,5): 一致率0.0 % Cell(4,5): 一致率0.0 % Cell(5,5): 一致率0.0 % Cell(6,5): 一致率0.0 % Cell(7,5): 一致率0.0 % Cell(0,6): 一致率0.0 % Cell(1,6): 一致率0.0 % Cell(2,6): 一致率0.0 % Cell(3,6): 一致率0.0 % Cell(4,6): 一致率0.0 % Cell(5,6): 一致率0.0 % Cell(6,6): 一致率0.0 % Cell(7,6): 一致率0.0 % "
Stage250,Hex,35,35,あり,なし,0.0 %,"Cell(0,0): 一致率0.0 % Cell(1,0): 一致率0.0 % Cell(2,0): 一致率0.0 % Cell(3,0): 一致率0.0 % Cell(4,0): 一致率0.0 % Cell(0,1): 一致率0.0 % Cell(1,1): 一致率0.0 % Cell(2,1): 一致率0.0 % Cell(3,1): 一致率0.0 % Cell(4,1): 一致率0.0 % Cell(0,2): 一致率0.0 % Cell(1,2): 一致率0.0 % Cell(2,2): 一致率0.0 % Cell(3,2): 一致率0.0 % Cell(4,2): 一致率0.0 % Cell(0,3): 一致率0.0 % Cell(1,3): 一致率0.0 % Cell(2,3): 一致率0.0 % Cell(3,3): 一致率0.0 % Cell(4,3): 一致率0.0 % Cell(0,4): 一致率0.0 % Cell(1,4): 一致率0.0 % Cell(2,4): 一致率0.0 % Cell(3,4): 一致率0.0 % Cell(4,4): 一致率0.0 % Cell(0,5): 一致率0.0 % Cell(1,5): 一致率0.0 % Cell(2,5): 一致率0.0 % Cell(3,5): 一致率0.0 % Cell(4,5): 一致率0.0 % Cell(0,6): 一致率0.0 % Cell(1,6): 一致率0.0 % Cell(2,6): 一致率0.0 % Cell(3,6): 一致率0.0 % Cell(4,6): 一致率0.0 % "
Stage251,Hex,35,35,あり,なし,0.0 %,"Cell(0,0): 一致率0.0 % Cell(1,0): 一致率0.0 % Cell(2,0): 一致率0.0 % Cell(3,0): 一致率0.0 % Cell(4,0): 一致率0.0 % Cell(0,1): 一致率0.0 % Cell(1,1): 一致率0.0 % Cell(2,1): 一致率0.0 % Cell(3,1): 一致率0.0 % Cell(4,1): 一致率0.0 % Cell(0,2): 一致率0.0 % Cell(1,2): 一致率0.0 % Cell(2,2): 一致率0.0 % Cell(3,2): 一致率0.0 % Cell(4,2): 一致率0.0 % Cell(0,3): 一致率0.0 % Cell(1,3): 一致率0.0 % Cell(2,3): 一致率0.0 % Cell(3,3): 一致率0.0 % Cell(4,3): 一致率0.0 % Cell(0,4): 一致率0.0 % Cell(1,4): 一致率0.0 % Cell(2,4): 一致率0.0 % Cell(3,4): 一致率0.0 % Cell(4,4): 一致率0.0 % Cell(0,5): 一致率0.0 % Cell(1,5): 一致率0.0 % Cell(2,5): 一致率0.0 % Cell(3,5): 一致率0.0 % Cell(4,5): 一致率0.0 % Cell(0,6): 一致率0.0 % Cell(1,6): 一致率0.0 % Cell(2,6): 一致率0.0 % Cell(3,6): 一致率0.0 % Cell(4,6): 一致率0.0 % "
Stage252,Hex,56,56,あり,なし,0.0 %,"Cell(0,0): 一致率0.0 % Cell(1,0): 一致率0.0 % Cell(2,0): 一致率0.0 % Cell(3,0): 一致率0.0 % Cell(4,0): 一致率0.0 % Cell(5,0): 一致率0.0 % Cell(6,0): 一致率0.0 % Cell(0,1): 一致率0.0 % Cell(1,1): 一致率0.0 % Cell(2,1): 一致率0.0 % Cell(3,1): 一致率0.0 % Cell(4,1): 一致率0.0 % Cell(5,1): 一致率0.0 % Cell(6,1): 一致率0.0 % Cell(0,2): 一致率0.0 % Cell(1,2): 一致率0.0 % Cell(2,2): 一致率0.0 % Cell(3,2): 一致率0.0 % Cell(4,2): 一致率0.0 % Cell(5,2): 一致率0.0 % Cell(6,2): 一致率0.0 % Cell(0,3): 一致率0.0 % Cell(1,3): 一致率0.0 % Cell(2,3): 一致率0.0 % Cell(3,3): 一致率0.0 % Cell(4,3): 一致率0.0 % Cell(5,3): 一致率0.0 % Cell(6,3): 一致率0.0 % Cell(0,4): 一致率0.0 % Cell(1,4): 一致率0.0 % Cell(2,4): 一致率0.0 % Cell(3,4): 一致率0.0 % Cell(4,4): 一致率0.0 % Cell(5,4): 一致率0.0 % Cell(6,4): 一致率0.0 % Cell(0,5): 一致率0.0 % Cell(1,5): 一致率0.0 % Cell(2,5): 一致率0.0 % Cell(3,5): 一致率0.0 % Cell(4,5): 一致率0.0 % Cell(5,5): 一致率0.0 % Cell(6,5): 一致率0.0 % Cell(0,6): 一致率0.0 % Cell(1,6): 一致率0.0 % Cell(2,6): 一致率0.0 % Cell(3,6): 一致率0.0 % Cell(4,6): 一致率0.0 % Cell(5,6): 一致率0.0 % Cell(6,6): 一致率0.0 % Cell(0,7): 一致率0.0 % Cell(1,7): 一致率0.0 % Cell(2,7): 一致率0.0 % Cell(3,7): 一致率0.0 % Cell(4,7): 一致率0.0 % Cell(5,7): 一致率0.0 % Cell(6,7): 一致率0.0 % "
Stage253,Square,20,20,あり,なし,0.0 %,"Cell(0,0): 一致率0.0 % Cell(1,0): 一致率0.0 % Cell(2,0): 一致率0.0 % Cell(3,0): 一致率0.0 % Cell(0,1): 一致率0.0 % Cell(1,1): 一致率0.0 % Cell(2,1): 一致率0.0 % Cell(3,1): 一致率0.0 % Cell(0,2): 一致率0.0 % Cell(1,2): 一致率0.0 % Cell(2,2): 一致率0.0 % Cell(3,2): 一致率0.0 % Cell(0,3): 一致率0.0 % Cell(1,3): 一致率0.0 % Cell(2,3): 一致率0.0 % Cell(3,3): 一致率0.0 % Cell(0,4): 一致率0.0 % Cell(1,4): 一致率0.0 % Cell(2,4): 一致率0.0 % Cell(3,4): 一致率0.0 % "
Stage254,Square,35,35,あり,なし,0.0 %,"Cell(0,0): 一致率0.0 % Cell(1,0): 一致率0.0 % Cell(2,0): 一致率0.0 % Cell(3,0): 一致率0.0 % Cell(4,0): 一致率0.0 % Cell(0,1): 一致率0.0 % Cell(1,1): 一致率0.0 % Cell(2,1): 一致率0.0 % Cell(3,1): 一致率0.0 % Cell(4,1): 一致率0.0 % Cell(0,2): 一致率0.0 % Cell(1,2): 一致率0.0 % Cell(2,2): 一致率0.0 % Cell(3,2): 一致率0.0 % Cell(4,2): 一致率0.0 % Cell(0,3): 一致率0.0 % Cell(1,3): 一致率0.0 % Cell(2,3): 一致率0.0 % Cell(3,3): 一致率0.0 % Cell(4,3): 一致率0.0 % Cell(0,4): 一致率0.0 % Cell(1,4): 一致率0.0 % Cell(2,4): 一致率0.0 % Cell(3,4): 一致率0.0 % Cell(4,4): 一致率0.0 % Cell(0,5): 一致率0.0 % Cell(1,5): 一致率0.0 % Cell(2,5): 一致率0.0 % Cell(3,5): 一致率0.0 % Cell(4,5): 一致率0.0 % Cell(0,6): 一致率0.0 % Cell(1,6): 一致率0.0 % Cell(2,6): 一致率0.0 % Cell(3,6): 一致率0.0 % Cell(4,6): 一致率0.0 % "
Stage255,Square,48,48,あり,なし,0.0 %,"Cell(0,0): 一致率0.0 % Cell(1,0): 一致率0.0 % Cell(2,0): 一致率0.0 % Cell(3,0): 一致率0.0 % Cell(4,0): 一致率0.0 % Cell(5,0): 一致率0.0 % Cell(0,1): 一致率0.0 % Cell(1,1): 一致率0.0 % Cell(2,1): 一致率0.0 % Cell(3,1): 一致率0.0 % Cell(4,1): 一致率0.0 % Cell(5,1): 一致率0.0 % Cell(0,2): 一致率0.0 % Cell(1,2): 一致率0.0 % Cell(2,2): 一致率0.0 % Cell(3,2): 一致率0.0 % Cell(4,2): 一致率0.0 % Cell(5,2): 一致率0.0 % Cell(0,3): 一致率0.0 % Cell(1,3): 一致率0.0 % Cell(2,3): 一致率0.0 % Cell(3,3): 一致率0.0 % Cell(4,3): 一致率0.0 % Cell(5,3): 一致率0.0 % Cell(0,4): 一致率0.0 % Cell(1,4): 一致率0.0 % Cell(2,4): 一致率0.0 % Cell(3,4): 一致率0.0 % Cell(4,4): 一致率0.0 % Cell(5,4): 一致率0.0 % Cell(0,5): 一致率0.0 % Cell(1,5): 一致率0.0 % Cell(2,5): 一致率0.0 % Cell(3,5): 一致率0.0 % Cell(4,5): 一致率0.0 % Cell(5,5): 一致率0.0 % Cell(0,6): 一致率0.0 % Cell(1,6): 一致率0.0 % Cell(2,6): 一致率0.0 % Cell(3,6): 一致率0.0 % Cell(4,6): 一致率0.0 % Cell(5,6): 一致率0.0 % Cell(0,7): 一致率0.0 % Cell(1,7): 一致率0.0 % Cell(2,7): 一致率0.0 % Cell(3,7): 一致率0.0 % Cell(4,7): 一致率0.0 % Cell(5,7): 一致率0.0 % "
Stage256,Triangle,36,36,あり,なし,0.0 %,"Cell(0,0): 一致率0.8 % Cell(1,0): 一致率0.5 % Cell(2,0): 一致率0.2 % Cell(3,0): 一致率0.2 % Cell(4,0): 一致率0.4 % Cell(5,0): 一致率0.0 % Cell(0,1): 一致率1.1 % Cell(1,1): 一致率0.5 % Cell(2,1): 一致率0.7 % Cell(3,1): 一致率0.4 % Cell(4,1): 一致率0.1 % Cell(5,1): 一致率0.0 % Cell(0,2): 一致率0.2 % Cell(1,2): 一致率0.2 % Cell(2,2): 一致率0.2 % Cell(3,2): 一致率0.1 % Cell(4,2): 一致率0.3 % Cell(5,2): 一致率0.0 % Cell(0,3): 一致率0.3 % Cell(1,3): 一致率0.3 % Cell(2,3): 一致率0.3 % Cell(3,3): 一致率0.2 % Cell(4,3): 一致率0.2 % Cell(5,3): 一致率0.0 % Cell(0,4): 一致率4.2 % Cell(1,4): 一致率2.7 % Cell(2,4): 一致率5.9 % Cell(3,4): 一致率0.3 % Cell(4,4): 一致率0.0 % Cell(5,4): 一致率0.0 % Cell(0,5): 一致率5.8 % Cell(1,5): 一致率1.1 % Cell(2,5): 一致率14.3 % Cell(3,5): 一致率22.5 % Cell(4,5): 一致率4.2 % Cell(5,5): 一致率0.0 % "
Stage257,Triangle,36,36,あり,なし,0.0 %,"Cell(0,0): 一致率5.6 % Cell(1,0): 一致率0.8 % Cell(2,0): 一致率0.7 % Cell(3,0): 一致率0.1 % Cell(4,0): 一致率0.0 % Cell(5,0): 一致率0.0 % Cell(0,1): 一致率0.1 % Cell(1,1): 一致率0.0 % Cell(2,1): 一致率0.0 % Cell(3,1): 一致率0.0 % Cell(4,1): 一致率0.0 % Cell(5,1): 一致率0.0 % Cell(0,2): 一致率0.2 % Cell(1,2): 一致率0.0 % Cell(2,2): 一致率0.0 % Cell(3,2): 一致率0.0 % Cell(4,2): 一致率0.0 % Cell(5,2): 一致率0.0 % Cell(0,3): 一致率0.0 % Cell(1,3): 一致率0.2 % Cell(2,3): 一致率0.0 % Cell(3,3): 一致率0.1 % Cell(4,3): 一致率0.0 % Cell(5,3): 一致率0.0 % Cell(0,4): 一致率0.0 % Cell(1,4): 一致率0.0 % Cell(2,4): 一致率0.7 % Cell(3,4): 一致率0.2 % Cell(4,4): 一致率1.4 % Cell(5,4): 一致率0.0 % Cell(0,5): 一致率0.0 % Cell(1,5): 一致率9.0 % Cell(2,5): 一致率6.3 % Cell(3,5): 一致率0.0 % Cell(4,5): 一致率1.1 % Cell(5,5): 一致率0.0 % "
Stage258,Triangle,49,49,あり,なし,0.0 %,"Cell(0,0): 一致率0.1 % Cell(1,0): 一致率1.0 % Cell(2,0): 一致率0.9 % Cell(3,0): 一致率0.9 % Cell(4,0): 一致率0.1 % Cell(5,0): 一致率0.0 % Cell(6,0): 一致率0.0 % Cell(0,1): 一致率0.0 % Cell(1,1): 一致率0.1 % Cell(2,1): 一致率0.7 % Cell(3,1): 一致率0.1 % Cell(4,1): 一致率0.4 % Cell(5,1): 一致率0.0 % Cell(6,1): 一致率0.0 % Cell(0,2): 一致率0.2 % Cell(1,2): 一致率0.7 % Cell(2,2): 一致率0.1 % Cell(3,2): 一致率0.1 % Cell(4,2): 一致率0.1 % Cell(5,2): 一致率0.0 % Cell(6,2): 一致率0.0 % Cell(0,3): 一致率0.0 % Cell(1,3): 一致率0.1 % Cell(2,3): 一致率0.0 % Cell(3,3): 一致率0.1 % Cell(4,3): 一致率0.0 % Cell(5,3): 一致率0.0 % Cell(6,3): 一致率0.0 % Cell(0,4): 一致率0.0 % Cell(1,4): 一致率0.0 % Cell(2,4): 一致率0.0 % Cell(3,4): 一致率0.3 % Cell(4,4): 一致率0.0 % Cell(5,4): 一致率0.0 % Cell(6,4): 一致率0.0 % Cell(0,5): 一致率0.1 % Cell(1,5): 一致率0.0 % Cell(2,5): 一致率0.0 % Cell(3,5): 一致率0.4 % Cell(4,5): 一致率0.8 % Cell(5,5): 一致率0.0 % Cell(6,5): 一致率0.0 % Cell(0,6): 一致率0.7 % Cell(1,6): 一致率0.0 % Cell(2,6): 一致率0.0 % Cell(3,6): 一致率0.8 % Cell(4,6): 一致率0.1 % Cell(5,6): 一致率0.0 % Cell(6,6): 一致率0.0 % "
Stage259,Hex,20,20,あり,なし,0.0 %,"Cell(0,0): 一致率0.0 % Cell(1,0): 一致率0.0 % Cell(2,0): 一致率0.0 % Cell(3,0): 一致率0.0 % Cell(0,1): 一致率0.0 % Cell(1,1): 一致率0.0 % Cell(2,1): 一致率0.0 % Cell(3,1): 一致率0.0 % Cell(0,2): 一致率0.0 % Cell(1,2): 一致率0.0 % Cell(2,2): 一致率0.0 % Cell(3,2): 一致率0.0 % Cell(0,3): 一致率0.0 % Cell(1,3): 一致率0.0 % Cell(2,3): 一致率0.0 % Cell(3,3): 一致率0.0 % Cell(0,4): 一致率0.0 % Cell(1,4): 一致率0.0 % Cell(2,4): 一致率0.0 % Cell(3,4): 一致率0.0 % "
Stage260,Hex,35,35,あり,なし,0.0 %,"Cell(0,0): 一致率0.0 % Cell(1,0): 一致率0.0 % Cell(2,0): 一致率0.0 % Cell(3,0): 一致率0.0 % Cell(4,0): 一致率0.0 % Cell(0,1): 一致率0.0 % Cell(1,1): 一致率0.0 % Cell(2,1): 一致率0.0 % Cell(3,1): 一致率0.0 % Cell(4,1): 一致率0.0 % Cell(0,2): 一致率0.0 % Cell(1,2): 一致率0.0 % Cell(2,2): 一致率0.0 % Cell(3,2): 一致率0.0 % Cell(4,2): 一致率0.0 % Cell(0,3): 一致率0.0 % Cell(1,3): 一致率0.0 % Cell(2,3): 一致率0.0 % Cell(3,3): 一致率0.0 % Cell(4,3): 一致率0.0 % Cell(0,4): 一致率0.0 % Cell(1,4): 一致率0.0 % Cell(2,4): 一致率0.0 % Cell(3,4): 一致率0.0 % Cell(4,4): 一致率0.0 % Cell(0,5): 一致率0.0 % Cell(1,5): 一致率0.0 % Cell(2,5): 一致率0.0 % Cell(3,5): 一致率0.0 % Cell(4,5): 一致率0.0 % Cell(0,6): 一致率0.0 % Cell(1,6): 一致率0.0 % Cell(2,6): 一致率0.0 % Cell(3,6): 一致率0.0 % Cell(4,6): 一致率0.0 % "
Stage261,Hex,48,48,あり,なし,0.0 %,"Cell(0,0): 一致率0.0 % Cell(1,0): 一致率0.0 % Cell(2,0): 一致率0.0 % Cell(3,0): 一致率0.0 % Cell(4,0): 一致率0.0 % Cell(5,0): 一致率0.0 % Cell(0,1): 一致率0.0 % Cell(1,1): 一致率0.0 % Cell(2,1): 一致率0.0 % Cell(3,1): 一致率0.0 % Cell(4,1): 一致率0.0 % Cell(5,1): 一致率0.0 % Cell(0,2): 一致率0.0 % Cell(1,2): 一致率0.0 % Cell(2,2): 一致率0.0 % Cell(3,2): 一致率0.0 % Cell(4,2): 一致率0.0 % Cell(5,2): 一致率0.0 % Cell(0,3): 一致率0.0 % Cell(1,3): 一致率0.0 % Cell(2,3): 一致率0.0 % Cell(3,3): 一致率0.0 % Cell(4,3): 一致率0.0 % Cell(5,3): 一致率0.0 % Cell(0,4): 一致率0.0 % Cell(1,4): 一致率0.0 % Cell(2,4): 一致率0.0 % Cell(3,4): 一致率0.0 % Cell(4,4): 一致率0.0 % Cell(5,4): 一致率0.0 % Cell(0,5): 一致率0.0 % Cell(1,5): 一致率0.0 % Cell(2,5): 一致率0.0 % Cell(3,5): 一致率0.0 % Cell(4,5): 一致率0.0 % Cell(5,5): 一致率0.0 % Cell(0,6): 一致率0.0 % Cell(1,6): 一致率0.0 % Cell(2,6): 一致率0.0 % Cell(3,6): 一致率0.0 % Cell(4,6): 一致率0.0 % Cell(5,6): 一致率0.0 % Cell(0,7): 一致率0.0 % Cell(1,7): 一致率0.0 % Cell(2,7): 一致率0.0 % Cell(3,7): 一致率0.0 % Cell(4,7): 一致率0.0 % Cell(5,7): 一致率0.0 % "
Stage262,Square,20,20,あり,なし,0.0 %,"Cell(0,0): 一致率0.0 % Cell(1,0): 一致率0.0 % Cell(2,0): 一致率0.0 % Cell(3,0): 一致率0.0 % Cell(0,1): 一致率0.0 % Cell(1,1): 一致率0.0 % Cell(2,1): 一致率0.0 % Cell(3,1): 一致率0.0 % Cell(0,2): 一致率0.0 % Cell(1,2): 一致率0.0 % Cell(2,2): 一致率0.0 % Cell(3,2): 一致率0.0 % Cell(0,3): 一致率0.0 % Cell(1,3): 一致率0.0 % Cell(2,3): 一致率0.0 % Cell(3,3): 一致率0.0 % Cell(0,4): 一致率0.0 % Cell(1,4): 一致率0.0 % Cell(2,4): 一致率0.0 % Cell(3,4): 一致率0.0 % "
Stage263,Square,35,35,あり,なし,0.0 %,"Cell(0,0): 一致率0.0 % Cell(1,0): 一致率0.0 % Cell(2,0): 一致率0.0 % Cell(3,0): 一致率0.0 % Cell(4,0): 一致率0.0 % Cell(0,1): 一致率0.0 % Cell(1,1): 一致率0.0 % Cell(2,1): 一致率0.0 % Cell(3,1): 一致率0.0 % Cell(4,1): 一致率0.0 % Cell(0,2): 一致率0.0 % Cell(1,2): 一致率0.0 % Cell(2,2): 一致率0.0 % Cell(3,2): 一致率0.0 % Cell(4,2): 一致率0.0 % Cell(0,3): 一致率0.0 % Cell(1,3): 一致率0.0 % Cell(2,3): 一致率0.0 % Cell(3,3): 一致率0.0 % Cell(4,3): 一致率0.0 % Cell(0,4): 一致率0.0 % Cell(1,4): 一致率0.0 % Cell(2,4): 一致率0.0 % Cell(3,4): 一致率0.0 % Cell(4,4): 一致率0.0 % Cell(0,5): 一致率0.0 % Cell(1,5): 一致率0.0 % Cell(2,5): 一致率0.0 % Cell(3,5): 一致率0.0 % Cell(4,5): 一致率0.0 % Cell(0,6): 一致率0.0 % Cell(1,6): 一致率0.0 % Cell(2,6): 一致率0.0 % Cell(3,6): 一致率0.0 % Cell(4,6): 一致率0.0 % "
Stage264,Square,56,56,あり,なし,0.0 %,"Cell(0,0): 一致率0.0 % Cell(1,0): 一致率0.0 % Cell(2,0): 一致率0.0 % Cell(3,0): 一致率0.0 % Cell(4,0): 一致率0.0 % Cell(5,0): 一致率0.0 % Cell(6,0): 一致率0.0 % Cell(0,1): 一致率0.0 % Cell(1,1): 一致率0.0 % Cell(2,1): 一致率0.0 % Cell(3,1): 一致率0.0 % Cell(4,1): 一致率0.0 % Cell(5,1): 一致率0.0 % Cell(6,1): 一致率0.0 % Cell(0,2): 一致率0.0 % Cell(1,2): 一致率0.0 % Cell(2,2): 一致率0.0 % Cell(3,2): 一致率0.0 % Cell(4,2): 一致率0.0 % Cell(5,2): 一致率0.0 % Cell(6,2): 一致率0.0 % Cell(0,3): 一致率0.0 % Cell(1,3): 一致率0.0 % Cell(2,3): 一致率0.0 % Cell(3,3): 一致率0.0 % Cell(4,3): 一致率0.0 % Cell(5,3): 一致率0.0 % Cell(6,3): 一致率0.0 % Cell(0,4): 一致率0.0 % Cell(1,4): 一致率0.0 % Cell(2,4): 一致率0.0 % Cell(3,4): 一致率0.0 % Cell(4,4): 一致率0.0 % Cell(5,4): 一致率0.0 % Cell(6,4): 一致率0.0 % Cell(0,5): 一致率0.0 % Cell(1,5): 一致率0.0 % Cell(2,5): 一致率0.0 % Cell(3,5): 一致率0.0 % Cell(4,5): 一致率0.0 % Cell(5,5): 一致率0.0 % Cell(6,5): 一致率0.0 % Cell(0,6): 一致率0.0 % Cell(1,6): 一致率0.0 % Cell(2,6): 一致率0.0 % Cell(3,6): 一致率0.0 % Cell(4,6): 一致率0.0 % Cell(5,6): 一致率0.0 % Cell(6,6): 一致率0.0 % Cell(0,7): 一致率0.0 % Cell(1,7): 一致率0.0 % Cell(2,7): 一致率0.0 % Cell(3,7): 一致率0.0 % Cell(4,7): 一致率0.0 % Cell(5,7): 一致率0.0 % Cell(6,7): 一致率0.0 % "
Stage265,Triangle,20,20,あり,なし,0.0 %,"Cell(0,0): 一致率0.1 % Cell(1,0): 一致率0.1 % Cell(2,0): 一致率0.1 % Cell(3,0): 一致率0.0 % Cell(0,1): 一致率0.0 % Cell(1,1): 一致率0.0 % Cell(2,1): 一致率0.0 % Cell(3,1): 一致率0.0 % Cell(0,2): 一致率0.0 % Cell(1,2): 一致率0.0 % Cell(2,2): 一致率0.0 % Cell(3,2): 一致率0.0 % Cell(0,3): 一致率0.0 % Cell(1,3): 一致率0.3 % Cell(2,3): 一致率0.1 % Cell(3,3): 一致率0.0 % Cell(0,4): 一致率6.6 % Cell(1,4): 一致率1.5 % Cell(2,4): 一致率1.5 % Cell(3,4): 一致率0.0 % "
Stage266,Triangle,36,36,あり,なし,0.0 %,"Cell(0,0): 一致率0.0 % Cell(1,0): 一致率0.4 % Cell(2,0): 一致率1.7 % Cell(3,0): 一致率2.0 % Cell(4,0): 一致率0.2 % Cell(5,0): 一致率0.0 % Cell(0,1): 一致率0.1 % Cell(1,1): 一致率0.5 % Cell(2,1): 一致率0.0 % Cell(3,1): 一致率0.8 % Cell(4,1): 一致率0.0 % Cell(5,1): 一致率0.0 % Cell(0,2): 一致率0.3 % Cell(1,2): 一致率0.7 % Cell(2,2): 一致率0.0 % Cell(3,2): 一致率0.0 % Cell(4,2): 一致率0.5 % Cell(5,2): 一致率0.0 % Cell(0,3): 一致率0.2 % Cell(1,3): 一致率12.1 % Cell(2,3): 一致率2.1 % Cell(3,3): 一致率0.0 % Cell(4,3): 一致率0.6 % Cell(5,3): 一致率0.0 % Cell(0,4): 一致率1.7 % Cell(1,4): 一致率9.3 % Cell(2,4): 一致率0.1 % Cell(3,4): 一致率0.0 % Cell(4,4): 一致率4.2 % Cell(5,4): 一致率0.0 % Cell(0,5): 一致率36.6 % Cell(1,5): 一致率37.4 % Cell(2,5): 一致率3.5 % Cell(3,5): 一致率30.3 % Cell(4,5): 一致率22.4 % Cell(5,5): 一致率0.0 % "
Stage267,Triangle,49,49,あり,なし,0.0 %,"Cell(0,0): 一致率1.6 % Cell(1,0): 一致率1.1 % Cell(2,0): 一致率0.6 % Cell(3,0): 一致率1.2 % Cell(4,0): 一致率1.1 % Cell(5,0): 一致率0.0 % Cell(6,0): 一致率0.0 % Cell(0,1): 一致率1.9 % Cell(1,1): 一致率1.1 % Cell(2,1): 一致率0.9 % Cell(3,1): 一致率0.2 % Cell(4,1): 一致率0.2 % Cell(5,1): 一致率0.0 % Cell(6,1): 一致率0.0 % Cell(0,2): 一致率0.0 % Cell(1,2): 一致率0.1 % Cell(2,2): 一致率0.0 % Cell(3,2): 一致率0.0 % Cell(4,2): 一致率0.0 % Cell(5,2): 一致率0.0 % Cell(6,2): 一致率0.0 % Cell(0,3): 一致率0.0 % Cell(1,3): 一致率0.1 % Cell(2,3): 一致率1.5 % Cell(3,3): 一致率3.0 % Cell(4,3): 一致率0.0 % Cell(5,3): 一致率0.0 % Cell(6,3): 一致率0.0 % Cell(0,4): 一致率0.0 % Cell(1,4): 一致率0.1 % Cell(2,4): 一致率1.1 % Cell(3,4): 一致率3.2 % Cell(4,4): 一致率0.8 % Cell(5,4): 一致率0.0 % Cell(6,4): 一致率0.0 % Cell(0,5): 一致率1.8 % Cell(1,5): 一致率0.8 % Cell(2,5): 一致率0.1 % Cell(3,5): 一致率0.6 % Cell(4,5): 一致率1.0 % Cell(5,5): 一致率0.0 % Cell(6,5): 一致率0.0 % Cell(0,6): 一致率47.1 % Cell(1,6): 一致率29.4 % Cell(2,6): 一致率22.3 % Cell(3,6): 一致率4.8 % Cell(4,6): 一致率3.6 % Cell(5,6): 一致率0.0 % Cell(6,6): 一致率0.0 % "
Stage268,Hex,35,35,あり,なし,0.0 %,"Cell(0,0): 一致率0.0 % Cell(1,0): 一致率0.0 % Cell(2,0): 一致率0.0 % Cell(3,0): 一致率0.0 % Cell(4,0): 一致率0.0 % Cell(0,1): 一致率0.0 % Cell(1,1): 一致率0.0 % Cell(2,1): 一致率0.0 % Cell(3,1): 一致率0.0 % Cell(4,1): 一致率0.0 % Cell(0,2): 一致率0.0 % Cell(1,2): 一致率0.0 % Cell(2,2): 一致率0.0 % Cell(3,2): 一致率0.0 % Cell(4,2): 一致率0.0 % Cell(0,3): 一致率0.0 % Cell(1,3): 一致率0.0 % Cell(2,3): 一致率0.0 % Cell(3,3): 一致率0.0 % Cell(4,3): 一致率0.0 % Cell(0,4): 一致率0.0 % Cell(1,4): 一致率0.0 % Cell(2,4): 一致率0.0 % Cell(3,4): 一致率0.0 % Cell(4,4): 一致率0.0 % Cell(0,5): 一致率0.0 % Cell(1,5): 一致率0.0 % Cell(2,5): 一致率0.0 % Cell(3,5): 一致率0.0 % Cell(4,5): 一致率0.0 % Cell(0,6): 一致率0.0 % Cell(1,6): 一致率0.0 % Cell(2,6): 一致率0.0 % Cell(3,6): 一致率0.0 % Cell(4,6): 一致率0.0 % "
Stage269,Hex,35,35,あり,なし,0.0 %,"Cell(0,0): 一致率0.0 % Cell(1,0): 一致率0.0 % Cell(2,0): 一致率0.0 % Cell(3,0): 一致率0.0 % Cell(4,0): 一致率0.0 % Cell(0,1): 一致率0.0 % Cell(1,1): 一致率0.0 % Cell(2,1): 一致率0.0 % Cell(3,1): 一致率0.0 % Cell(4,1): 一致率0.0 % Cell(0,2): 一致率0.0 % Cell(1,2): 一致率0.0 % Cell(2,2): 一致率0.0 % Cell(3,2): 一致率0.0 % Cell(4,2): 一致率0.0 % Cell(0,3): 一致率0.0 % Cell(1,3): 一致率0.0 % Cell(2,3): 一致率0.0 % Cell(3,3): 一致率0.0 % Cell(4,3): 一致率0.0 % Cell(0,4): 一致率0.0 % Cell(1,4): 一致率0.0 % Cell(2,4): 一致率0.0 % Cell(3,4): 一致率0.0 % Cell(4,4): 一致率0.0 % Cell(0,5): 一致率0.0 % Cell(1,5): 一致率0.0 % Cell(2,5): 一致率0.0 % Cell(3,5): 一致率0.0 % Cell(4,5): 一致率0.0 % Cell(0,6): 一致率0.0 % Cell(1,6): 一致率0.0 % Cell(2,6): 一致率0.0 % Cell(3,6): 一致率0.0 % Cell(4,6): 一致率0.0 % "
Stage270,Hex,48,48,あり,なし,0.0 %,"Cell(0,0): 一致率0.0 % Cell(1,0): 一致率0.0 % Cell(2,0): 一致率0.0 % Cell(3,0): 一致率0.0 % Cell(4,0): 一致率0.0 % Cell(5,0): 一致率0.0 % Cell(0,1): 一致率0.0 % Cell(1,1): 一致率0.0 % Cell(2,1): 一致率0.0 % Cell(3,1): 一致率0.0 % Cell(4,1): 一致率0.0 % Cell(5,1): 一致率0.0 % Cell(0,2): 一致率0.0 % Cell(1,2): 一致率0.0 % Cell(2,2): 一致率0.0 % Cell(3,2): 一致率0.0 % Cell(4,2): 一致率0.0 % Cell(5,2): 一致率0.0 % Cell(0,3): 一致率0.0 % Cell(1,3): 一致率0.0 % Cell(2,3): 一致率0.0 % Cell(3,3): 一致率0.0 % Cell(4,3): 一致率0.0 % Cell(5,3): 一致率0.0 % Cell(0,4): 一致率0.0 % Cell(1,4): 一致率0.0 % Cell(2,4): 一致率0.0 % Cell(3,4): 一致率0.0 % Cell(4,4): 一致率0.0 % Cell(5,4): 一致率0.0 % Cell(0,5): 一致率0.0 % Cell(1,5): 一致率0.0 % Cell(2,5): 一致率0.0 % Cell(3,5): 一致率0.0 % Cell(4,5): 一致率0.0 % Cell(5,5): 一致率0.0 % Cell(0,6): 一致率0.0 % Cell(1,6): 一致率0.0 % Cell(2,6): 一致率0.0 % Cell(3,6): 一致率0.0 % Cell(4,6): 一致率0.0 % Cell(5,6): 一致率0.0 % Cell(0,7): 一致率0.0 % Cell(1,7): 一致率0.0 % Cell(2,7): 一致率0.0 % Cell(3,7): 一致率0.0 % Cell(4,7): 一致率0.0 % Cell(5,7): 一致率0.0 % "
Stage271,Square,35,35,あり,なし,0.0 %,"Cell(0,0): 一致率0.0 % Cell(1,0): 一致率0.0 % Cell(2,0): 一致率0.0 % Cell(3,0): 一致率0.0 % Cell(4,0): 一致率0.0 % Cell(0,1): 一致率0.0 % Cell(1,1): 一致率0.0 % Cell(2,1): 一致率0.0 % Cell(3,1): 一致率0.0 % Cell(4,1): 一致率0.0 % Cell(0,2): 一致率0.0 % Cell(1,2): 一致率0.0 % Cell(2,2): 一致率0.0 % Cell(3,2): 一致率0.0 % Cell(4,2): 一致率0.0 % Cell(0,3): 一致率0.0 % Cell(1,3): 一致率0.0 % Cell(2,3): 一致率0.0 % Cell(3,3): 一致率0.0 % Cell(4,3): 一致率0.0 % Cell(0,4): 一致率0.0 % Cell(1,4): 一致率0.0 % Cell(2,4): 一致率0.0 % Cell(3,4): 一致率0.0 % Cell(4,4): 一致率0.0 % Cell(0,5): 一致率0.0 % Cell(1,5): 一致率0.0 % Cell(2,5): 一致率0.0 % Cell(3,5): 一致率0.0 % Cell(4,5): 一致率0.0 % Cell(0,6): 一致率0.0 % Cell(1,6): 一致率0.0 % Cell(2,6): 一致率0.0 % Cell(3,6): 一致率0.0 % Cell(4,6): 一致率0.0 % "
Stage272,Square,35,35,あり,なし,0.0 %,"Cell(0,0): 一致率0.0 % Cell(1,0): 一致率0.0 % Cell(2,0): 一致率0.0 % Cell(3,0): 一致率0.0 % Cell(4,0): 一致率0.0 % Cell(0,1): 一致率0.0 % Cell(1,1): 一致率0.0 % Cell(2,1): 一致率0.0 % Cell(3,1): 一致率0.0 % Cell(4,1): 一致率0.0 % Cell(0,2): 一致率0.0 % Cell(1,2): 一致率0.0 % Cell(2,2): 一致率0.0 % Cell(3,2): 一致率0.0 % Cell(4,2): 一致率0.0 % Cell(0,3): 一致率0.0 % Cell(1,3): 一致率0.0 % Cell(2,3): 一致率0.0 % Cell(3,3): 一致率0.0 % Cell(4,3): 一致率0.0 % Cell(0,4): 一致率0.0 % Cell(1,4): 一致率0.0 % Cell(2,4): 一致率0.0 % Cell(3,4): 一致率0.0 % Cell(4,4): 一致率0.0 % Cell(0,5): 一致率0.0 % Cell(1,5): 一致率0.0 % Cell(2,5): 一致率0.0 % Cell(3,5): 一致率0.0 % Cell(4,5): 一致率0.0 % Cell(0,6): 一致率0.0 % Cell(1,6): 一致率0.0 % Cell(2,6): 一致率0.0 % Cell(3,6): 一致率0.0 % Cell(4,6): 一致率0.0 % "
Stage273,Square,48,48,あり,なし,0.0 %,"Cell(0,0): 一致率0.0 % Cell(1,0): 一致率0.0 % Cell(2,0): 一致率0.0 % Cell(3,0): 一致率0.0 % Cell(4,0): 一致率0.0 % Cell(5,0): 一致率0.0 % Cell(0,1): 一致率0.0 % Cell(1,1): 一致率0.0 % Cell(2,1): 一致率0.0 % Cell(3,1): 一致率0.0 % Cell(4,1): 一致率0.0 % Cell(5,1): 一致率0.0 % Cell(0,2): 一致率0.0 % Cell(1,2): 一致率0.0 % Cell(2,2): 一致率0.0 % Cell(3,2): 一致率0.0 % Cell(4,2): 一致率0.0 % Cell(5,2): 一致率0.0 % Cell(0,3): 一致率0.0 % Cell(1,3): 一致率0.0 % Cell(2,3): 一致率0.0 % Cell(3,3): 一致率0.0 % Cell(4,3): 一致率0.0 % Cell(5,3): 一致率0.0 % Cell(0,4): 一致率0.0 % Cell(1,4): 一致率0.0 % Cell(2,4): 一致率0.0 % Cell(3,4): 一致率0.0 % Cell(4,4): 一致率0.0 % Cell(5,4): 一致率0.0 % Cell(0,5): 一致率0.0 % Cell(1,5): 一致率0.0 % Cell(2,5): 一致率0.0 % Cell(3,5): 一致率0.0 % Cell(4,5): 一致率0.0 % Cell(5,5): 一致率0.0 % Cell(0,6): 一致率0.0 % Cell(1,6): 一致率0.0 % Cell(2,6): 一致率0.0 % Cell(3,6): 一致率0.0 % Cell(4,6): 一致率0.0 % Cell(5,6): 一致率0.0 % Cell(0,7): 一致率0.0 % Cell(1,7): 一致率0.0 % Cell(2,7): 一致率0.0 % Cell(3,7): 一致率0.0 % Cell(4,7): 一致率0.0 % Cell(5,7): 一致率0.0 % "
Stage274,Triangle,36,0,なし,なし,100.0 %,"Texture取得失敗/読取不可: 36セル "
Stage275,Triangle,36,36,あり,なし,0.0 %,"Cell(0,0): 一致率0.5 % Cell(1,0): 一致率0.5 % Cell(2,0): 一致率0.9 % Cell(3,0): 一致率0.2 % Cell(4,0): 一致率0.0 % Cell(5,0): 一致率0.0 % Cell(0,1): 一致率1.0 % Cell(1,1): 一致率0.8 % Cell(2,1): 一致率0.7 % Cell(3,1): 一致率0.5 % Cell(4,1): 一致率0.2 % Cell(5,1): 一致率0.0 % Cell(0,2): 一致率0.4 % Cell(1,2): 一致率1.3 % Cell(2,2): 一致率1.0 % Cell(3,2): 一致率0.8 % Cell(4,2): 一致率1.8 % Cell(5,2): 一致率0.0 % Cell(0,3): 一致率0.4 % Cell(1,3): 一致率1.3 % Cell(2,3): 一致率2.0 % Cell(3,3): 一致率0.3 % Cell(4,3): 一致率0.0 % Cell(5,3): 一致率0.0 % Cell(0,4): 一致率15.1 % Cell(1,4): 一致率16.2 % Cell(2,4): 一致率9.8 % Cell(3,4): 一致率0.3 % Cell(4,4): 一致率0.2 % Cell(5,4): 一致率0.0 % Cell(0,5): 一致率10.3 % Cell(1,5): 一致率9.9 % Cell(2,5): 一致率18.3 % Cell(3,5): 一致率11.0 % Cell(4,5): 一致率5.2 % Cell(5,5): 一致率0.0 % "
Stage276,Triangle,49,49,あり,なし,0.0 %,"Cell(0,0): 一致率0.0 % Cell(1,0): 一致率0.2 % Cell(2,0): 一致率3.5 % Cell(3,0): 一致率0.7 % Cell(4,0): 一致率0.1 % Cell(5,0): 一致率0.0 % Cell(6,0): 一致率0.0 % Cell(0,1): 一致率0.0 % Cell(1,1): 一致率0.0 % Cell(2,1): 一致率0.3 % Cell(3,1): 一致率0.0 % Cell(4,1): 一致率0.0 % Cell(5,1): 一致率0.0 % Cell(6,1): 一致率0.0 % Cell(0,2): 一致率0.0 % Cell(1,2): 一致率0.0 % Cell(2,2): 一致率0.0 % Cell(3,2): 一致率0.0 % Cell(4,2): 一致率0.0 % Cell(5,2): 一致率0.0 % Cell(6,2): 一致率0.0 % Cell(0,3): 一致率0.0 % Cell(1,3): 一致率0.0 % Cell(2,3): 一致率0.0 % Cell(3,3): 一致率0.0 % Cell(4,3): 一致率0.0 % Cell(5,3): 一致率0.0 % Cell(6,3): 一致率0.0 % Cell(0,4): 一致率0.0 % Cell(1,4): 一致率0.0 % Cell(2,4): 一致率0.1 % Cell(3,4): 一致率0.0 % Cell(4,4): 一致率0.0 % Cell(5,4): 一致率0.0 % Cell(6,4): 一致率0.0 % Cell(0,5): 一致率0.0 % Cell(1,5): 一致率0.4 % Cell(2,5): 一致率2.7 % Cell(3,5): 一致率0.0 % Cell(4,5): 一致率0.0 % Cell(5,5): 一致率0.0 % Cell(6,5): 一致率0.0 % Cell(0,6): 一致率11.1 % Cell(1,6): 一致率0.4 % Cell(2,6): 一致率0.0 % Cell(3,6): 一致率0.0 % Cell(4,6): 一致率0.0 % Cell(5,6): 一致率0.0 % Cell(6,6): 一致率0.0 % "
Stage277,Hex,20,20,あり,なし,0.0 %,"Cell(0,0): 一致率0.0 % Cell(1,0): 一致率0.0 % Cell(2,0): 一致率0.0 % Cell(3,0): 一致率0.0 % Cell(0,1): 一致率0.0 % Cell(1,1): 一致率0.0 % Cell(2,1): 一致率0.0 % Cell(3,1): 一致率0.0 % Cell(0,2): 一致率0.0 % Cell(1,2): 一致率0.0 % Cell(2,2): 一致率0.0 % Cell(3,2): 一致率0.0 % Cell(0,3): 一致率0.0 % Cell(1,3): 一致率0.0 % Cell(2,3): 一致率0.0 % Cell(3,3): 一致率0.0 % Cell(0,4): 一致率0.0 % Cell(1,4): 一致率0.0 % Cell(2,4): 一致率0.0 % Cell(3,4): 一致率0.0 % "
Stage278,Hex,35,35,あり,なし,0.0 %,"Cell(0,0): 一致率0.0 % Cell(1,0): 一致率0.0 % Cell(2,0): 一致率0.0 % Cell(3,0): 一致率0.0 % Cell(4,0): 一致率0.0 % Cell(0,1): 一致率0.0 % Cell(1,1): 一致率0.0 % Cell(2,1): 一致率0.0 % Cell(3,1): 一致率0.0 % Cell(4,1): 一致率0.0 % Cell(0,2): 一致率0.0 % Cell(1,2): 一致率0.0 % Cell(2,2): 一致率0.0 % Cell(3,2): 一致率0.0 % Cell(4,2): 一致率0.0 % Cell(0,3): 一致率0.0 % Cell(1,3): 一致率0.0 % Cell(2,3): 一致率0.0 % Cell(3,3): 一致率0.0 % Cell(4,3): 一致率0.0 % Cell(0,4): 一致率0.0 % Cell(1,4): 一致率0.0 % Cell(2,4): 一致率0.0 % Cell(3,4): 一致率0.0 % Cell(4,4): 一致率0.0 % Cell(0,5): 一致率0.0 % Cell(1,5): 一致率0.0 % Cell(2,5): 一致率0.0 % Cell(3,5): 一致率0.0 % Cell(4,5): 一致率0.0 % Cell(0,6): 一致率0.0 % Cell(1,6): 一致率0.0 % Cell(2,6): 一致率0.0 % Cell(3,6): 一致率0.0 % Cell(4,6): 一致率0.0 % "
Stage279,Hex,48,48,あり,なし,0.0 %,"Cell(0,0): 一致率0.0 % Cell(1,0): 一致率0.0 % Cell(2,0): 一致率0.0 % Cell(3,0): 一致率0.0 % Cell(4,0): 一致率0.0 % Cell(5,0): 一致率0.0 % Cell(0,1): 一致率0.0 % Cell(1,1): 一致率0.0 % Cell(2,1): 一致率0.0 % Cell(3,1): 一致率0.0 % Cell(4,1): 一致率0.0 % Cell(5,1): 一致率0.0 % Cell(0,2): 一致率0.0 % Cell(1,2): 一致率0.0 % Cell(2,2): 一致率0.0 % Cell(3,2): 一致率0.0 % Cell(4,2): 一致率0.0 % Cell(5,2): 一致率0.0 % Cell(0,3): 一致率0.0 % Cell(1,3): 一致率0.0 % Cell(2,3): 一致率0.0 % Cell(3,3): 一致率0.0 % Cell(4,3): 一致率0.0 % Cell(5,3): 一致率0.0 % Cell(0,4): 一致率0.0 % Cell(1,4): 一致率0.0 % Cell(2,4): 一致率0.0 % Cell(3,4): 一致率0.0 % Cell(4,4): 一致率0.0 % Cell(5,4): 一致率0.0 % Cell(0,5): 一致率0.0 % Cell(1,5): 一致率0.0 % Cell(2,5): 一致率0.0 % Cell(3,5): 一致率0.0 % Cell(4,5): 一致率0.0 % Cell(5,5): 一致率0.0 % Cell(0,6): 一致率0.0 % Cell(1,6): 一致率0.0 % Cell(2,6): 一致率0.0 % Cell(3,6): 一致率0.0 % Cell(4,6): 一致率0.0 % Cell(5,6): 一致率0.0 % Cell(0,7): 一致率0.0 % Cell(1,7): 一致率0.0 % Cell(2,7): 一致率0.0 % Cell(3,7): 一致率0.0 % Cell(4,7): 一致率0.0 % Cell(5,7): 一致率0.0 % "
Stage280,Square,35,35,あり,なし,0.0 %,"Cell(0,0): 一致率0.0 % Cell(1,0): 一致率0.0 % Cell(2,0): 一致率0.0 % Cell(3,0): 一致率0.0 % Cell(4,0): 一致率0.0 % Cell(0,1): 一致率0.0 % Cell(1,1): 一致率0.0 % Cell(2,1): 一致率0.0 % Cell(3,1): 一致率0.0 % Cell(4,1): 一致率0.0 % Cell(0,2): 一致率0.0 % Cell(1,2): 一致率0.0 % Cell(2,2): 一致率0.0 % Cell(3,2): 一致率0.0 % Cell(4,2): 一致率0.0 % Cell(0,3): 一致率0.0 % Cell(1,3): 一致率0.0 % Cell(2,3): 一致率0.0 % Cell(3,3): 一致率0.0 % Cell(4,3): 一致率0.0 % Cell(0,4): 一致率0.0 % Cell(1,4): 一致率0.0 % Cell(2,4): 一致率0.0 % Cell(3,4): 一致率0.0 % Cell(4,4): 一致率0.0 % Cell(0,5): 一致率0.0 % Cell(1,5): 一致率0.0 % Cell(2,5): 一致率0.0 % Cell(3,5): 一致率0.0 % Cell(4,5): 一致率0.0 % Cell(0,6): 一致率0.0 % Cell(1,6): 一致率0.0 % Cell(2,6): 一致率0.0 % Cell(3,6): 一致率0.0 % Cell(4,6): 一致率0.0 % "
Stage281,Square,35,35,あり,なし,0.0 %,"Cell(0,0): 一致率0.0 % Cell(1,0): 一致率0.0 % Cell(2,0): 一致率0.0 % Cell(3,0): 一致率0.0 % Cell(4,0): 一致率0.0 % Cell(0,1): 一致率0.0 % Cell(1,1): 一致率0.0 % Cell(2,1): 一致率0.0 % Cell(3,1): 一致率0.0 % Cell(4,1): 一致率0.0 % Cell(0,2): 一致率0.0 % Cell(1,2): 一致率0.0 % Cell(2,2): 一致率0.0 % Cell(3,2): 一致率0.0 % Cell(4,2): 一致率0.0 % Cell(0,3): 一致率0.0 % Cell(1,3): 一致率0.0 % Cell(2,3): 一致率0.0 % Cell(3,3): 一致率0.0 % Cell(4,3): 一致率0.0 % Cell(0,4): 一致率0.0 % Cell(1,4): 一致率0.0 % Cell(2,4): 一致率0.0 % Cell(3,4): 一致率0.0 % Cell(4,4): 一致率0.0 % Cell(0,5): 一致率0.0 % Cell(1,5): 一致率0.0 % Cell(2,5): 一致率0.0 % Cell(3,5): 一致率0.0 % Cell(4,5): 一致率0.0 % Cell(0,6): 一致率0.0 % Cell(1,6): 一致率0.0 % Cell(2,6): 一致率0.0 % Cell(3,6): 一致率0.0 % Cell(4,6): 一致率0.0 % "
Stage282,Square,48,48,あり,なし,0.0 %,"Cell(0,0): 一致率0.0 % Cell(1,0): 一致率0.0 % Cell(2,0): 一致率0.0 % Cell(3,0): 一致率0.0 % Cell(4,0): 一致率0.0 % Cell(5,0): 一致率0.0 % Cell(0,1): 一致率0.0 % Cell(1,1): 一致率0.0 % Cell(2,1): 一致率0.0 % Cell(3,1): 一致率0.0 % Cell(4,1): 一致率0.0 % Cell(5,1): 一致率0.0 % Cell(0,2): 一致率0.0 % Cell(1,2): 一致率0.0 % Cell(2,2): 一致率0.0 % Cell(3,2): 一致率0.0 % Cell(4,2): 一致率0.0 % Cell(5,2): 一致率0.0 % Cell(0,3): 一致率0.0 % Cell(1,3): 一致率0.0 % Cell(2,3): 一致率0.0 % Cell(3,3): 一致率0.0 % Cell(4,3): 一致率0.0 % Cell(5,3): 一致率0.0 % Cell(0,4): 一致率0.0 % Cell(1,4): 一致率0.0 % Cell(2,4): 一致率0.0 % Cell(3,4): 一致率0.0 % Cell(4,4): 一致率0.0 % Cell(5,4): 一致率0.0 % Cell(0,5): 一致率0.0 % Cell(1,5): 一致率0.0 % Cell(2,5): 一致率0.0 % Cell(3,5): 一致率0.0 % Cell(4,5): 一致率0.0 % Cell(5,5): 一致率0.0 % Cell(0,6): 一致率0.0 % Cell(1,6): 一致率0.0 % Cell(2,6): 一致率0.0 % Cell(3,6): 一致率0.0 % Cell(4,6): 一致率0.0 % Cell(5,6): 一致率0.0 % Cell(0,7): 一致率0.0 % Cell(1,7): 一致率0.0 % Cell(2,7): 一致率0.0 % Cell(3,7): 一致率0.0 % Cell(4,7): 一致率0.0 % Cell(5,7): 一致率0.0 % "
Stage283,Triangle,36,36,あり,なし,0.0 %,"Cell(0,0): 一致率1.3 % Cell(1,0): 一致率2.0 % Cell(2,0): 一致率1.2 % Cell(3,0): 一致率1.6 % Cell(4,0): 一致率0.9 % Cell(5,0): 一致率0.0 % Cell(0,1): 一致率1.6 % Cell(1,1): 一致率1.4 % Cell(2,1): 一致率0.6 % Cell(3,1): 一致率0.2 % Cell(4,1): 一致率1.1 % Cell(5,1): 一致率0.0 % Cell(0,2): 一致率0.1 % Cell(1,2): 一致率0.4 % Cell(2,2): 一致率0.4 % Cell(3,2): 一致率0.3 % Cell(4,2): 一致率0.1 % Cell(5,2): 一致率0.0 % Cell(0,3): 一致率0.0 % Cell(1,3): 一致率3.3 % Cell(2,3): 一致率0.0 % Cell(3,3): 一致率7.5 % Cell(4,3): 一致率0.3 % Cell(5,3): 一致率0.0 % Cell(0,4): 一致率6.7 % Cell(1,4): 一致率2.0 % Cell(2,4): 一致率0.2 % Cell(3,4): 一致率7.8 % Cell(4,4): 一致率8.0 % Cell(5,4): 一致率0.0 % Cell(0,5): 一致率0.5 % Cell(1,5): 一致率0.1 % Cell(2,5): 一致率0.0 % Cell(3,5): 一致率1.5 % Cell(4,5): 一致率1.6 % Cell(5,5): 一致率0.0 % "
Stage284,Triangle,36,36,あり,なし,0.0 %,"Cell(0,0): 一致率0.2 % Cell(1,0): 一致率0.4 % Cell(2,0): 一致率0.2 % Cell(3,0): 一致率0.0 % Cell(4,0): 一致率0.2 % Cell(5,0): 一致率0.0 % Cell(0,1): 一致率0.3 % Cell(1,1): 一致率0.0 % Cell(2,1): 一致率0.1 % Cell(3,1): 一致率0.2 % Cell(4,1): 一致率0.2 % Cell(5,1): 一致率0.0 % Cell(0,2): 一致率0.0 % Cell(1,2): 一致率0.3 % Cell(2,2): 一致率0.2 % Cell(3,2): 一致率0.4 % Cell(4,2): 一致率0.0 % Cell(5,2): 一致率0.0 % Cell(0,3): 一致率0.0 % Cell(1,3): 一致率0.0 % Cell(2,3): 一致率0.0 % Cell(3,3): 一致率1.0 % Cell(4,3): 一致率1.6 % Cell(5,3): 一致率0.0 % Cell(0,4): 一致率0.0 % Cell(1,4): 一致率0.1 % Cell(2,4): 一致率0.0 % Cell(3,4): 一致率0.0 % Cell(4,4): 一致率0.0 % Cell(5,4): 一致率0.0 % Cell(0,5): 一致率0.0 % Cell(1,5): 一致率0.1 % Cell(2,5): 一致率0.0 % Cell(3,5): 一致率0.0 % Cell(4,5): 一致率0.1 % Cell(5,5): 一致率0.0 % "
Stage285,Triangle,56,56,あり,なし,0.0 %,"Cell(0,0): 一致率0.0 % Cell(1,0): 一致率0.0 % Cell(2,0): 一致率0.0 % Cell(3,0): 一致率0.0 % Cell(4,0): 一致率0.0 % Cell(5,0): 一致率0.0 % Cell(6,0): 一致率0.0 % Cell(7,0): 一致率0.0 % Cell(0,1): 一致率0.0 % Cell(1,1): 一致率0.0 % Cell(2,1): 一致率0.0 % Cell(3,1): 一致率0.0 % Cell(4,1): 一致率0.0 % Cell(5,1): 一致率0.0 % Cell(6,1): 一致率0.0 % Cell(7,1): 一致率0.0 % Cell(0,2): 一致率0.0 % Cell(1,2): 一致率0.0 % Cell(2,2): 一致率0.0 % Cell(3,2): 一致率0.0 % Cell(4,2): 一致率0.0 % Cell(5,2): 一致率0.0 % Cell(6,2): 一致率0.0 % Cell(7,2): 一致率0.0 % Cell(0,3): 一致率0.0 % Cell(1,3): 一致率0.0 % Cell(2,3): 一致率0.0 % Cell(3,3): 一致率0.0 % Cell(4,3): 一致率0.0 % Cell(5,3): 一致率0.0 % Cell(6,3): 一致率0.0 % Cell(7,3): 一致率0.0 % Cell(0,4): 一致率0.0 % Cell(1,4): 一致率0.0 % Cell(2,4): 一致率0.0 % Cell(3,4): 一致率0.0 % Cell(4,4): 一致率0.0 % Cell(5,4): 一致率0.0 % Cell(6,4): 一致率0.0 % Cell(7,4): 一致率0.0 % Cell(0,5): 一致率0.0 % Cell(1,5): 一致率0.0 % Cell(2,5): 一致率0.0 % Cell(3,5): 一致率0.0 % Cell(4,5): 一致率0.0 % Cell(5,5): 一致率0.0 % Cell(6,5): 一致率0.0 % Cell(7,5): 一致率0.0 % Cell(0,6): 一致率0.0 % Cell(1,6): 一致率0.0 % Cell(2,6): 一致率0.0 % Cell(3,6): 一致率0.0 % Cell(4,6): 一致率0.0 % Cell(5,6): 一致率0.0 % Cell(6,6): 一致率0.0 % Cell(7,6): 一致率0.0 % "
Stage286,Hex,20,20,あり,なし,0.0 %,"Cell(0,0): 一致率0.0 % Cell(1,0): 一致率0.0 % Cell(2,0): 一致率0.0 % Cell(3,0): 一致率0.0 % Cell(0,1): 一致率0.0 % Cell(1,1): 一致率0.0 % Cell(2,1): 一致率0.0 % Cell(3,1): 一致率0.0 % Cell(0,2): 一致率0.0 % Cell(1,2): 一致率0.0 % Cell(2,2): 一致率0.0 % Cell(3,2): 一致率0.0 % Cell(0,3): 一致率0.0 % Cell(1,3): 一致率0.0 % Cell(2,3): 一致率0.0 % Cell(3,3): 一致率0.0 % Cell(0,4): 一致率0.0 % Cell(1,4): 一致率0.0 % Cell(2,4): 一致率0.0 % Cell(3,4): 一致率0.0 % "
Stage287,Hex,35,35,あり,なし,0.0 %,"Cell(0,0): 一致率0.0 % Cell(1,0): 一致率0.0 % Cell(2,0): 一致率0.0 % Cell(3,0): 一致率0.0 % Cell(4,0): 一致率0.0 % Cell(0,1): 一致率0.0 % Cell(1,1): 一致率0.0 % Cell(2,1): 一致率0.0 % Cell(3,1): 一致率0.0 % Cell(4,1): 一致率0.0 % Cell(0,2): 一致率0.0 % Cell(1,2): 一致率0.0 % Cell(2,2): 一致率0.0 % Cell(3,2): 一致率0.0 % Cell(4,2): 一致率0.0 % Cell(0,3): 一致率0.0 % Cell(1,3): 一致率0.0 % Cell(2,3): 一致率0.0 % Cell(3,3): 一致率0.0 % Cell(4,3): 一致率0.0 % Cell(0,4): 一致率0.0 % Cell(1,4): 一致率0.0 % Cell(2,4): 一致率0.0 % Cell(3,4): 一致率0.0 % Cell(4,4): 一致率0.0 % Cell(0,5): 一致率0.0 % Cell(1,5): 一致率0.0 % Cell(2,5): 一致率0.0 % Cell(3,5): 一致率0.0 % Cell(4,5): 一致率0.0 % Cell(0,6): 一致率0.0 % Cell(1,6): 一致率0.0 % Cell(2,6): 一致率0.0 % Cell(3,6): 一致率0.0 % Cell(4,6): 一致率0.0 % "
Stage288,Hex,56,56,あり,なし,0.0 %,"Cell(0,0): 一致率0.0 % Cell(1,0): 一致率0.0 % Cell(2,0): 一致率0.0 % Cell(3,0): 一致率0.0 % Cell(4,0): 一致率0.0 % Cell(5,0): 一致率0.0 % Cell(6,0): 一致率0.0 % Cell(0,1): 一致率0.0 % Cell(1,1): 一致率0.0 % Cell(2,1): 一致率0.0 % Cell(3,1): 一致率0.0 % Cell(4,1): 一致率0.0 % Cell(5,1): 一致率0.0 % Cell(6,1): 一致率0.0 % Cell(0,2): 一致率0.0 % Cell(1,2): 一致率0.0 % Cell(2,2): 一致率0.0 % Cell(3,2): 一致率0.0 % Cell(4,2): 一致率0.0 % Cell(5,2): 一致率0.0 % Cell(6,2): 一致率0.0 % Cell(0,3): 一致率0.0 % Cell(1,3): 一致率0.0 % Cell(2,3): 一致率0.0 % Cell(3,3): 一致率0.0 % Cell(4,3): 一致率0.0 % Cell(5,3): 一致率0.0 % Cell(6,3): 一致率0.0 % Cell(0,4): 一致率0.0 % Cell(1,4): 一致率0.0 % Cell(2,4): 一致率0.0 % Cell(3,4): 一致率0.0 % Cell(4,4): 一致率0.0 % Cell(5,4): 一致率0.0 % Cell(6,4): 一致率0.0 % Cell(0,5): 一致率0.0 % Cell(1,5): 一致率0.0 % Cell(2,5): 一致率0.0 % Cell(3,5): 一致率0.0 % Cell(4,5): 一致率0.0 % Cell(5,5): 一致率0.0 % Cell(6,5): 一致率0.0 % Cell(0,6): 一致率0.0 % Cell(1,6): 一致率0.0 % Cell(2,6): 一致率0.0 % Cell(3,6): 一致率0.0 % Cell(4,6): 一致率0.0 % Cell(5,6): 一致率0.0 % Cell(6,6): 一致率0.0 % Cell(0,7): 一致率0.0 % Cell(1,7): 一致率0.0 % Cell(2,7): 一致率0.0 % Cell(3,7): 一致率0.0 % Cell(4,7): 一致率0.0 % Cell(5,7): 一致率0.0 % Cell(6,7): 一致率0.0 % "
Stage289,Square,35,35,あり,なし,0.0 %,"Cell(0,0): 一致率0.0 % Cell(1,0): 一致率0.0 % Cell(2,0): 一致率0.0 % Cell(3,0): 一致率0.0 % Cell(4,0): 一致率0.0 % Cell(0,1): 一致率0.0 % Cell(1,1): 一致率0.0 % Cell(2,1): 一致率0.0 % Cell(3,1): 一致率0.0 % Cell(4,1): 一致率0.0 % Cell(0,2): 一致率0.0 % Cell(1,2): 一致率0.0 % Cell(2,2): 一致率0.0 % Cell(3,2): 一致率0.0 % Cell(4,2): 一致率0.0 % Cell(0,3): 一致率0.0 % Cell(1,3): 一致率0.0 % Cell(2,3): 一致率0.0 % Cell(3,3): 一致率0.0 % Cell(4,3): 一致率0.0 % Cell(0,4): 一致率0.0 % Cell(1,4): 一致率0.0 % Cell(2,4): 一致率0.0 % Cell(3,4): 一致率0.0 % Cell(4,4): 一致率0.0 % Cell(0,5): 一致率0.0 % Cell(1,5): 一致率0.0 % Cell(2,5): 一致率0.0 % Cell(3,5): 一致率0.0 % Cell(4,5): 一致率0.0 % Cell(0,6): 一致率0.0 % Cell(1,6): 一致率0.0 % Cell(2,6): 一致率0.0 % Cell(3,6): 一致率0.0 % Cell(4,6): 一致率0.0 % "
Stage290,Square,35,35,あり,なし,0.0 %,"Cell(0,0): 一致率0.0 % Cell(1,0): 一致率0.0 % Cell(2,0): 一致率0.0 % Cell(3,0): 一致率0.0 % Cell(4,0): 一致率0.0 % Cell(0,1): 一致率0.0 % Cell(1,1): 一致率0.0 % Cell(2,1): 一致率0.0 % Cell(3,1): 一致率0.0 % Cell(4,1): 一致率0.0 % Cell(0,2): 一致率0.0 % Cell(1,2): 一致率0.0 % Cell(2,2): 一致率0.0 % Cell(3,2): 一致率0.0 % Cell(4,2): 一致率0.0 % Cell(0,3): 一致率0.0 % Cell(1,3): 一致率0.0 % Cell(2,3): 一致率0.0 % Cell(3,3): 一致率0.0 % Cell(4,3): 一致率0.0 % Cell(0,4): 一致率0.0 % Cell(1,4): 一致率0.0 % Cell(2,4): 一致率0.0 % Cell(3,4): 一致率0.0 % Cell(4,4): 一致率0.0 % Cell(0,5): 一致率0.0 % Cell(1,5): 一致率0.0 % Cell(2,5): 一致率0.0 % Cell(3,5): 一致率0.0 % Cell(4,5): 一致率0.0 % Cell(0,6): 一致率0.0 % Cell(1,6): 一致率0.0 % Cell(2,6): 一致率0.0 % Cell(3,6): 一致率0.0 % Cell(4,6): 一致率0.0 % "
Stage291,Square,48,48,あり,なし,0.0 %,"Cell(0,0): 一致率0.0 % Cell(1,0): 一致率0.0 % Cell(2,0): 一致率0.0 % Cell(3,0): 一致率0.0 % Cell(4,0): 一致率0.0 % Cell(5,0): 一致率0.0 % Cell(0,1): 一致率0.0 % Cell(1,1): 一致率0.0 % Cell(2,1): 一致率0.0 % Cell(3,1): 一致率0.0 % Cell(4,1): 一致率0.0 % Cell(5,1): 一致率0.0 % Cell(0,2): 一致率0.0 % Cell(1,2): 一致率0.0 % Cell(2,2): 一致率0.0 % Cell(3,2): 一致率0.0 % Cell(4,2): 一致率0.0 % Cell(5,2): 一致率0.0 % Cell(0,3): 一致率0.0 % Cell(1,3): 一致率0.0 % Cell(2,3): 一致率0.0 % Cell(3,3): 一致率0.0 % Cell(4,3): 一致率0.0 % Cell(5,3): 一致率0.0 % Cell(0,4): 一致率0.0 % Cell(1,4): 一致率0.0 % Cell(2,4): 一致率0.0 % Cell(3,4): 一致率0.0 % Cell(4,4): 一致率0.0 % Cell(5,4): 一致率0.0 % Cell(0,5): 一致率0.0 % Cell(1,5): 一致率0.0 % Cell(2,5): 一致率0.0 % Cell(3,5): 一致率0.0 % Cell(4,5): 一致率0.0 % Cell(5,5): 一致率0.0 % Cell(0,6): 一致率0.0 % Cell(1,6): 一致率0.0 % Cell(2,6): 一致率0.0 % Cell(3,6): 一致率0.0 % Cell(4,6): 一致率0.0 % Cell(5,6): 一致率0.0 % Cell(0,7): 一致率0.0 % Cell(1,7): 一致率0.0 % Cell(2,7): 一致率0.0 % Cell(3,7): 一致率0.0 % Cell(4,7): 一致率0.0 % Cell(5,7): 一致率0.0 % "
Stage292,Triangle,36,36,あり,なし,0.0 %,"Cell(0,0): 一致率1.0 % Cell(1,0): 一致率0.8 % Cell(2,0): 一致率1.2 % Cell(3,0): 一致率1.6 % Cell(4,0): 一致率3.8 % Cell(5,0): 一致率0.0 % Cell(0,1): 一致率0.0 % Cell(1,1): 一致率0.1 % Cell(2,1): 一致率0.3 % Cell(3,1): 一致率0.3 % Cell(4,1): 一致率1.8 % Cell(5,1): 一致率0.0 % Cell(0,2): 一致率0.4 % Cell(1,2): 一致率0.7 % Cell(2,2): 一致率0.5 % Cell(3,2): 一致率0.2 % Cell(4,2): 一致率0.1 % Cell(5,2): 一致率0.0 % Cell(0,3): 一致率0.2 % Cell(1,3): 一致率0.4 % Cell(2,3): 一致率0.8 % Cell(3,3): 一致率0.8 % Cell(4,3): 一致率0.5 % Cell(5,3): 一致率0.0 % Cell(0,4): 一致率0.0 % Cell(1,4): 一致率0.0 % Cell(2,4): 一致率0.3 % Cell(3,4): 一致率0.8 % Cell(4,4): 一致率1.8 % Cell(5,4): 一致率0.0 % Cell(0,5): 一致率5.8 % Cell(1,5): 一致率5.8 % Cell(2,5): 一致率0.2 % Cell(3,5): 一致率5.6 % Cell(4,5): 一致率1.4 % Cell(5,5): 一致率0.0 % "
Stage293,Triangle,36,36,あり,なし,0.0 %,"Cell(0,0): 一致率1.0 % Cell(1,0): 一致率0.0 % Cell(2,0): 一致率0.0 % Cell(3,0): 一致率0.6 % Cell(4,0): 一致率0.0 % Cell(5,0): 一致率0.0 % Cell(0,1): 一致率2.5 % Cell(1,1): 一致率0.0 % Cell(2,1): 一致率0.0 % Cell(3,1): 一致率0.0 % Cell(4,1): 一致率0.1 % Cell(5,1): 一致率0.0 % Cell(0,2): 一致率0.4 % Cell(1,2): 一致率0.0 % Cell(2,2): 一致率0.0 % Cell(3,2): 一致率0.0 % Cell(4,2): 一致率0.2 % Cell(5,2): 一致率0.0 % Cell(0,3): 一致率0.2 % Cell(1,3): 一致率0.1 % Cell(2,3): 一致率0.0 % Cell(3,3): 一致率0.1 % Cell(4,3): 一致率0.2 % Cell(5,3): 一致率0.0 % Cell(0,4): 一致率0.3 % Cell(1,4): 一致率0.2 % Cell(2,4): 一致率2.5 % Cell(3,4): 一致率0.3 % Cell(4,4): 一致率0.1 % Cell(5,4): 一致率0.0 % Cell(0,5): 一致率0.4 % Cell(1,5): 一致率20.2 % Cell(2,5): 一致率3.5 % Cell(3,5): 一致率0.4 % Cell(4,5): 一致率0.0 % Cell(5,5): 一致率0.0 % "
Stage294,Triangle,56,56,あり,なし,0.0 %,"Cell(0,0): 一致率0.0 % Cell(1,0): 一致率0.0 % Cell(2,0): 一致率0.0 % Cell(3,0): 一致率0.0 % Cell(4,0): 一致率0.0 % Cell(5,0): 一致率0.0 % Cell(6,0): 一致率0.0 % Cell(7,0): 一致率0.0 % Cell(0,1): 一致率0.0 % Cell(1,1): 一致率0.0 % Cell(2,1): 一致率0.0 % Cell(3,1): 一致率0.0 % Cell(4,1): 一致率0.0 % Cell(5,1): 一致率0.0 % Cell(6,1): 一致率0.0 % Cell(7,1): 一致率0.0 % Cell(0,2): 一致率0.0 % Cell(1,2): 一致率0.0 % Cell(2,2): 一致率0.0 % Cell(3,2): 一致率0.0 % Cell(4,2): 一致率0.0 % Cell(5,2): 一致率0.0 % Cell(6,2): 一致率0.0 % Cell(7,2): 一致率0.0 % Cell(0,3): 一致率0.0 % Cell(1,3): 一致率0.0 % Cell(2,3): 一致率0.0 % Cell(3,3): 一致率0.0 % Cell(4,3): 一致率0.0 % Cell(5,3): 一致率0.0 % Cell(6,3): 一致率0.0 % Cell(7,3): 一致率0.0 % Cell(0,4): 一致率0.0 % Cell(1,4): 一致率0.0 % Cell(2,4): 一致率0.0 % Cell(3,4): 一致率0.0 % Cell(4,4): 一致率0.0 % Cell(5,4): 一致率0.0 % Cell(6,4): 一致率0.0 % Cell(7,4): 一致率0.0 % Cell(0,5): 一致率0.0 % Cell(1,5): 一致率0.0 % Cell(2,5): 一致率0.0 % Cell(3,5): 一致率0.0 % Cell(4,5): 一致率0.0 % Cell(5,5): 一致率0.0 % Cell(6,5): 一致率0.0 % Cell(7,5): 一致率0.0 % Cell(0,6): 一致率0.0 % Cell(1,6): 一致率0.0 % Cell(2,6): 一致率0.0 % Cell(3,6): 一致率0.0 % Cell(4,6): 一致率0.0 % Cell(5,6): 一致率0.0 % Cell(6,6): 一致率0.0 % Cell(7,6): 一致率0.0 % "
Stage295,Hex,35,35,あり,なし,0.0 %,"Cell(0,0): 一致率0.0 % Cell(1,0): 一致率0.0 % Cell(2,0): 一致率0.0 % Cell(3,0): 一致率0.0 % Cell(4,0): 一致率0.0 % Cell(0,1): 一致率0.0 % Cell(1,1): 一致率0.0 % Cell(2,1): 一致率0.0 % Cell(3,1): 一致率0.0 % Cell(4,1): 一致率0.0 % Cell(0,2): 一致率0.0 % Cell(1,2): 一致率0.0 % Cell(2,2): 一致率0.0 % Cell(3,2): 一致率0.0 % Cell(4,2): 一致率0.0 % Cell(0,3): 一致率0.0 % Cell(1,3): 一致率0.0 % Cell(2,3): 一致率0.0 % Cell(3,3): 一致率0.0 % Cell(4,3): 一致率0.0 % Cell(0,4): 一致率0.0 % Cell(1,4): 一致率0.0 % Cell(2,4): 一致率0.0 % Cell(3,4): 一致率0.0 % Cell(4,4): 一致率0.0 % Cell(0,5): 一致率0.0 % Cell(1,5): 一致率0.0 % Cell(2,5): 一致率0.0 % Cell(3,5): 一致率0.0 % Cell(4,5): 一致率0.0 % Cell(0,6): 一致率0.0 % Cell(1,6): 一致率0.0 % Cell(2,6): 一致率0.0 % Cell(3,6): 一致率0.0 % Cell(4,6): 一致率0.0 % "
Stage296,Hex,35,35,あり,なし,0.0 %,"Cell(0,0): 一致率0.0 % Cell(1,0): 一致率0.0 % Cell(2,0): 一致率0.0 % Cell(3,0): 一致率0.0 % Cell(4,0): 一致率0.0 % Cell(0,1): 一致率0.0 % Cell(1,1): 一致率0.0 % Cell(2,1): 一致率0.0 % Cell(3,1): 一致率0.0 % Cell(4,1): 一致率0.0 % Cell(0,2): 一致率0.0 % Cell(1,2): 一致率0.0 % Cell(2,2): 一致率0.0 % Cell(3,2): 一致率0.0 % Cell(4,2): 一致率0.0 % Cell(0,3): 一致率0.0 % Cell(1,3): 一致率0.0 % Cell(2,3): 一致率0.0 % Cell(3,3): 一致率0.0 % Cell(4,3): 一致率0.0 % Cell(0,4): 一致率0.0 % Cell(1,4): 一致率0.0 % Cell(2,4): 一致率0.0 % Cell(3,4): 一致率0.0 % Cell(4,4): 一致率0.0 % Cell(0,5): 一致率0.0 % Cell(1,5): 一致率0.0 % Cell(2,5): 一致率0.0 % Cell(3,5): 一致率0.0 % Cell(4,5): 一致率0.0 % Cell(0,6): 一致率0.0 % Cell(1,6): 一致率0.0 % Cell(2,6): 一致率0.0 % Cell(3,6): 一致率0.0 % Cell(4,6): 一致率0.0 % "
Stage297,Hex,48,0,なし,なし,100.0 %,"Texture取得失敗/読取不可: 48セル "
Stage298,Square,20,20,あり,なし,0.0 %,"Cell(0,0): 一致率0.0 % Cell(1,0): 一致率0.0 % Cell(2,0): 一致率0.0 % Cell(3,0): 一致率0.0 % Cell(0,1): 一致率0.0 % Cell(1,1): 一致率0.0 % Cell(2,1): 一致率0.0 % Cell(3,1): 一致率0.0 % Cell(0,2): 一致率0.0 % Cell(1,2): 一致率0.0 % Cell(2,2): 一致率0.0 % Cell(3,2): 一致率0.0 % Cell(0,3): 一致率0.0 % Cell(1,3): 一致率0.0 % Cell(2,3): 一致率0.0 % Cell(3,3): 一致率0.0 % Cell(0,4): 一致率0.0 % Cell(1,4): 一致率0.0 % Cell(2,4): 一致率0.0 % Cell(3,4): 一致率0.0 % "
Stage299,Square,35,35,あり,なし,0.0 %,"Cell(0,0): 一致率0.0 % Cell(1,0): 一致率0.0 % Cell(2,0): 一致率0.0 % Cell(3,0): 一致率0.0 % Cell(4,0): 一致率0.0 % Cell(0,1): 一致率0.0 % Cell(1,1): 一致率0.0 % Cell(2,1): 一致率0.0 % Cell(3,1): 一致率0.0 % Cell(4,1): 一致率0.0 % Cell(0,2): 一致率0.0 % Cell(1,2): 一致率0.0 % Cell(2,2): 一致率0.0 % Cell(3,2): 一致率0.0 % Cell(4,2): 一致率0.0 % Cell(0,3): 一致率0.0 % Cell(1,3): 一致率0.0 % Cell(2,3): 一致率0.0 % Cell(3,3): 一致率0.0 % Cell(4,3): 一致率0.0 % Cell(0,4): 一致率0.0 % Cell(1,4): 一致率0.0 % Cell(2,4): 一致率0.0 % Cell(3,4): 一致率0.0 % Cell(4,4): 一致率0.0 % Cell(0,5): 一致率0.0 % Cell(1,5): 一致率0.0 % Cell(2,5): 一致率0.0 % Cell(3,5): 一致率0.0 % Cell(4,5): 一致率0.0 % Cell(0,6): 一致率0.0 % Cell(1,6): 一致率0.0 % Cell(2,6): 一致率0.0 % Cell(3,6): 一致率0.0 % Cell(4,6): 一致率0.0 % "
Stage300,Square,56,56,あり,なし,0.0 %,"Cell(0,0): 一致率0.0 % Cell(1,0): 一致率0.0 % Cell(2,0): 一致率0.0 % Cell(3,0): 一致率0.0 % Cell(4,0): 一致率0.0 % Cell(5,0): 一致率0.0 % Cell(6,0): 一致率0.0 % Cell(0,1): 一致率0.0 % Cell(1,1): 一致率0.0 % Cell(2,1): 一致率0.0 % Cell(3,1): 一致率0.0 % Cell(4,1): 一致率0.0 % Cell(5,1): 一致率0.0 % Cell(6,1): 一致率0.0 % Cell(0,2): 一致率0.0 % Cell(1,2): 一致率0.0 % Cell(2,2): 一致率0.0 % Cell(3,2): 一致率0.0 % Cell(4,2): 一致率0.0 % Cell(5,2): 一致率0.0 % Cell(6,2): 一致率0.0 % Cell(0,3): 一致率0.0 % Cell(1,3): 一致率0.0 % Cell(2,3): 一致率0.0 % Cell(3,3): 一致率0.0 % Cell(4,3): 一致率0.0 % Cell(5,3): 一致率0.0 % Cell(6,3): 一致率0.0 % Cell(0,4): 一致率0.0 % Cell(1,4): 一致率0.0 % Cell(2,4): 一致率0.0 % Cell(3,4): 一致率0.0 % Cell(4,4): 一致率0.0 % Cell(5,4): 一致率0.0 % Cell(6,4): 一致率0.0 % Cell(0,5): 一致率0.0 % Cell(1,5): 一致率0.0 % Cell(2,5): 一致率0.0 % Cell(3,5): 一致率0.0 % Cell(4,5): 一致率0.0 % Cell(5,5): 一致率0.0 % Cell(6,5): 一致率0.0 % Cell(0,6): 一致率0.0 % Cell(1,6): 一致率0.0 % Cell(2,6): 一致率0.0 % Cell(3,6): 一致率0.0 % Cell(4,6): 一致率0.0 % Cell(5,6): 一致率0.0 % Cell(6,6): 一致率0.0 % Cell(0,7): 一致率0.0 % Cell(1,7): 一致率0.0 % Cell(2,7): 一致率0.0 % Cell(3,7): 一致率0.0 % Cell(4,7): 一致率0.0 % Cell(5,7): 一致率0.0 % Cell(6,7): 一致率0.0 % "
Stage301,Triangle,36,36,あり,なし,0.0 %,"Cell(0,0): 一致率0.7 % Cell(1,0): 一致率1.5 % Cell(2,0): 一致率2.2 % Cell(3,0): 一致率1.8 % Cell(4,0): 一致率0.2 % Cell(5,0): 一致率0.0 % Cell(0,1): 一致率0.2 % Cell(1,1): 一致率1.4 % Cell(2,1): 一致率2.1 % Cell(3,1): 一致率0.2 % Cell(4,1): 一致率0.5 % Cell(5,1): 一致率0.0 % Cell(0,2): 一致率0.0 % Cell(1,2): 一致率0.0 % Cell(2,2): 一致率2.9 % Cell(3,2): 一致率0.2 % Cell(4,2): 一致率0.3 % Cell(5,2): 一致率0.0 % Cell(0,3): 一致率0.2 % Cell(1,3): 一致率0.3 % Cell(2,3): 一致率0.1 % Cell(3,3): 一致率0.2 % Cell(4,3): 一致率0.1 % Cell(5,3): 一致率0.0 % Cell(0,4): 一致率0.9 % Cell(1,4): 一致率0.1 % Cell(2,4): 一致率0.2 % Cell(3,4): 一致率0.1 % Cell(4,4): 一致率3.1 % Cell(5,4): 一致率0.0 % Cell(0,5): 一致率5.6 % Cell(1,5): 一致率5.0 % Cell(2,5): 一致率4.4 % Cell(3,5): 一致率0.5 % Cell(4,5): 一致率2.6 % Cell(5,5): 一致率0.0 % "
Stage302,Triangle,36,36,あり,なし,0.0 %,"Cell(0,0): 一致率3.2 % Cell(1,0): 一致率3.0 % Cell(2,0): 一致率1.3 % Cell(3,0): 一致率0.7 % Cell(4,0): 一致率0.9 % Cell(5,0): 一致率0.0 % Cell(0,1): 一致率0.2 % Cell(1,1): 一致率0.2 % Cell(2,1): 一致率1.4 % Cell(3,1): 一致率0.4 % Cell(4,1): 一致率1.4 % Cell(5,1): 一致率0.0 % Cell(0,2): 一致率1.8 % Cell(1,2): 一致率0.5 % Cell(2,2): 一致率1.3 % Cell(3,2): 一致率1.1 % Cell(4,2): 一致率0.2 % Cell(5,2): 一致率0.0 % Cell(0,3): 一致率0.2 % Cell(1,3): 一致率0.3 % Cell(2,3): 一致率0.0 % Cell(3,3): 一致率0.5 % Cell(4,3): 一致率0.1 % Cell(5,3): 一致率0.0 % Cell(0,4): 一致率0.2 % Cell(1,4): 一致率0.0 % Cell(2,4): 一致率0.0 % Cell(3,4): 一致率0.2 % Cell(4,4): 一致率0.1 % Cell(5,4): 一致率0.0 % Cell(0,5): 一致率1.8 % Cell(1,5): 一致率0.0 % Cell(2,5): 一致率2.7 % Cell(3,5): 一致率1.0 % Cell(4,5): 一致率0.1 % Cell(5,5): 一致率0.0 % "
Stage303,Triangle,56,56,あり,なし,0.0 %,"Cell(0,0): 一致率0.0 % Cell(1,0): 一致率0.0 % Cell(2,0): 一致率0.0 % Cell(3,0): 一致率0.0 % Cell(4,0): 一致率0.0 % Cell(5,0): 一致率0.0 % Cell(6,0): 一致率0.0 % Cell(7,0): 一致率0.0 % Cell(0,1): 一致率0.0 % Cell(1,1): 一致率0.0 % Cell(2,1): 一致率0.0 % Cell(3,1): 一致率0.0 % Cell(4,1): 一致率0.0 % Cell(5,1): 一致率0.0 % Cell(6,1): 一致率0.0 % Cell(7,1): 一致率0.0 % Cell(0,2): 一致率0.0 % Cell(1,2): 一致率0.0 % Cell(2,2): 一致率0.0 % Cell(3,2): 一致率0.0 % Cell(4,2): 一致率0.0 % Cell(5,2): 一致率0.0 % Cell(6,2): 一致率0.0 % Cell(7,2): 一致率0.0 % Cell(0,3): 一致率0.0 % Cell(1,3): 一致率0.0 % Cell(2,3): 一致率0.0 % Cell(3,3): 一致率0.0 % Cell(4,3): 一致率0.0 % Cell(5,3): 一致率0.0 % Cell(6,3): 一致率0.0 % Cell(7,3): 一致率0.0 % Cell(0,4): 一致率0.0 % Cell(1,4): 一致率0.0 % Cell(2,4): 一致率0.0 % Cell(3,4): 一致率0.0 % Cell(4,4): 一致率0.0 % Cell(5,4): 一致率0.0 % Cell(6,4): 一致率0.0 % Cell(7,4): 一致率0.0 % Cell(0,5): 一致率0.0 % Cell(1,5): 一致率0.0 % Cell(2,5): 一致率0.0 % Cell(3,5): 一致率0.0 % Cell(4,5): 一致率0.0 % Cell(5,5): 一致率0.0 % Cell(6,5): 一致率0.0 % Cell(7,5): 一致率0.0 % Cell(0,6): 一致率0.0 % Cell(1,6): 一致率0.0 % Cell(2,6): 一致率0.0 % Cell(3,6): 一致率0.0 % Cell(4,6): 一致率0.0 % Cell(5,6): 一致率0.0 % Cell(6,6): 一致率0.0 % Cell(7,6): 一致率0.0 % "
Stage304,Hex,35,0,なし,なし,100.0 %,"Texture取得失敗/読取不可: 35セル "
Stage305,Hex,35,35,あり,なし,0.0 %,"Cell(0,0): 一致率0.0 % Cell(1,0): 一致率0.0 % Cell(2,0): 一致率0.0 % Cell(3,0): 一致率0.0 % Cell(4,0): 一致率0.0 % Cell(0,1): 一致率0.0 % Cell(1,1): 一致率0.0 % Cell(2,1): 一致率0.0 % Cell(3,1): 一致率0.0 % Cell(4,1): 一致率0.0 % Cell(0,2): 一致率0.0 % Cell(1,2): 一致率0.0 % Cell(2,2): 一致率0.0 % Cell(3,2): 一致率0.0 % Cell(4,2): 一致率0.0 % Cell(0,3): 一致率0.0 % Cell(1,3): 一致率0.0 % Cell(2,3): 一致率0.0 % Cell(3,3): 一致率0.0 % Cell(4,3): 一致率0.0 % Cell(0,4): 一致率0.0 % Cell(1,4): 一致率0.0 % Cell(2,4): 一致率0.0 % Cell(3,4): 一致率0.0 % Cell(4,4): 一致率0.0 % Cell(0,5): 一致率0.0 % Cell(1,5): 一致率0.0 % Cell(2,5): 一致率0.0 % Cell(3,5): 一致率0.0 % Cell(4,5): 一致率0.0 % Cell(0,6): 一致率0.0 % Cell(1,6): 一致率0.0 % Cell(2,6): 一致率0.0 % Cell(3,6): 一致率0.0 % Cell(4,6): 一致率0.0 % "
Stage306,Hex,56,56,あり,なし,0.0 %,"Cell(0,0): 一致率0.0 % Cell(1,0): 一致率0.0 % Cell(2,0): 一致率0.0 % Cell(3,0): 一致率0.0 % Cell(4,0): 一致率0.0 % Cell(5,0): 一致率0.0 % Cell(6,0): 一致率0.0 % Cell(0,1): 一致率0.0 % Cell(1,1): 一致率0.0 % Cell(2,1): 一致率0.0 % Cell(3,1): 一致率0.0 % Cell(4,1): 一致率0.0 % Cell(5,1): 一致率0.0 % Cell(6,1): 一致率0.0 % Cell(0,2): 一致率0.0 % Cell(1,2): 一致率0.0 % Cell(2,2): 一致率0.0 % Cell(3,2): 一致率0.0 % Cell(4,2): 一致率0.0 % Cell(5,2): 一致率0.0 % Cell(6,2): 一致率0.0 % Cell(0,3): 一致率0.0 % Cell(1,3): 一致率0.0 % Cell(2,3): 一致率0.0 % Cell(3,3): 一致率0.0 % Cell(4,3): 一致率0.0 % Cell(5,3): 一致率0.0 % Cell(6,3): 一致率0.0 % Cell(0,4): 一致率0.0 % Cell(1,4): 一致率0.0 % Cell(2,4): 一致率0.0 % Cell(3,4): 一致率0.0 % Cell(4,4): 一致率0.0 % Cell(5,4): 一致率0.0 % Cell(6,4): 一致率0.0 % Cell(0,5): 一致率0.0 % Cell(1,5): 一致率0.0 % Cell(2,5): 一致率0.0 % Cell(3,5): 一致率0.0 % Cell(4,5): 一致率0.0 % Cell(5,5): 一致率0.0 % Cell(6,5): 一致率0.0 % Cell(0,6): 一致率0.0 % Cell(1,6): 一致率0.0 % Cell(2,6): 一致率0.0 % Cell(3,6): 一致率0.0 % Cell(4,6): 一致率0.0 % Cell(5,6): 一致率0.0 % Cell(6,6): 一致率0.0 % Cell(0,7): 一致率0.0 % Cell(1,7): 一致率0.0 % Cell(2,7): 一致率0.0 % Cell(3,7): 一致率0.0 % Cell(4,7): 一致率0.0 % Cell(5,7): 一致率0.0 % Cell(6,7): 一致率0.0 % "
Stage307,Square,20,20,あり,なし,0.0 %,"Cell(0,0): 一致率0.0 % Cell(1,0): 一致率0.0 % Cell(2,0): 一致率0.0 % Cell(3,0): 一致率0.0 % Cell(0,1): 一致率0.0 % Cell(1,1): 一致率0.0 % Cell(2,1): 一致率0.0 % Cell(3,1): 一致率0.0 % Cell(0,2): 一致率0.0 % Cell(1,2): 一致率0.0 % Cell(2,2): 一致率0.0 % Cell(3,2): 一致率0.0 % Cell(0,3): 一致率0.0 % Cell(1,3): 一致率0.0 % Cell(2,3): 一致率0.0 % Cell(3,3): 一致率0.0 % Cell(0,4): 一致率0.0 % Cell(1,4): 一致率0.0 % Cell(2,4): 一致率0.0 % Cell(3,4): 一致率0.0 % "
Stage308,Square,35,35,あり,なし,0.0 %,"Cell(0,0): 一致率0.0 % Cell(1,0): 一致率0.0 % Cell(2,0): 一致率0.0 % Cell(3,0): 一致率0.0 % Cell(4,0): 一致率0.0 % Cell(0,1): 一致率0.0 % Cell(1,1): 一致率0.0 % Cell(2,1): 一致率0.0 % Cell(3,1): 一致率0.0 % Cell(4,1): 一致率0.0 % Cell(0,2): 一致率0.0 % Cell(1,2): 一致率0.0 % Cell(2,2): 一致率0.0 % Cell(3,2): 一致率0.0 % Cell(4,2): 一致率0.0 % Cell(0,3): 一致率0.0 % Cell(1,3): 一致率0.0 % Cell(2,3): 一致率0.0 % Cell(3,3): 一致率0.0 % Cell(4,3): 一致率0.0 % Cell(0,4): 一致率0.0 % Cell(1,4): 一致率0.0 % Cell(2,4): 一致率0.0 % Cell(3,4): 一致率0.0 % Cell(4,4): 一致率0.0 % Cell(0,5): 一致率0.0 % Cell(1,5): 一致率0.0 % Cell(2,5): 一致率0.0 % Cell(3,5): 一致率0.0 % Cell(4,5): 一致率0.0 % Cell(0,6): 一致率0.0 % Cell(1,6): 一致率0.0 % Cell(2,6): 一致率0.0 % Cell(3,6): 一致率0.0 % Cell(4,6): 一致率0.0 % "
Stage309,Square,48,48,あり,なし,0.0 %,"Cell(0,0): 一致率0.0 % Cell(1,0): 一致率0.0 % Cell(2,0): 一致率0.0 % Cell(3,0): 一致率0.0 % Cell(4,0): 一致率0.0 % Cell(5,0): 一致率0.0 % Cell(0,1): 一致率0.0 % Cell(1,1): 一致率0.0 % Cell(2,1): 一致率0.0 % Cell(3,1): 一致率0.0 % Cell(4,1): 一致率0.0 % Cell(5,1): 一致率0.0 % Cell(0,2): 一致率0.0 % Cell(1,2): 一致率0.0 % Cell(2,2): 一致率0.0 % Cell(3,2): 一致率0.0 % Cell(4,2): 一致率0.0 % Cell(5,2): 一致率0.0 % Cell(0,3): 一致率0.0 % Cell(1,3): 一致率0.0 % Cell(2,3): 一致率0.0 % Cell(3,3): 一致率0.0 % Cell(4,3): 一致率0.0 % Cell(5,3): 一致率0.0 % Cell(0,4): 一致率0.0 % Cell(1,4): 一致率0.0 % Cell(2,4): 一致率0.0 % Cell(3,4): 一致率0.0 % Cell(4,4): 一致率0.0 % Cell(5,4): 一致率0.0 % Cell(0,5): 一致率0.0 % Cell(1,5): 一致率0.0 % Cell(2,5): 一致率0.0 % Cell(3,5): 一致率0.0 % Cell(4,5): 一致率0.0 % Cell(5,5): 一致率0.0 % Cell(0,6): 一致率0.0 % Cell(1,6): 一致率0.0 % Cell(2,6): 一致率0.0 % Cell(3,6): 一致率0.0 % Cell(4,6): 一致率0.0 % Cell(5,6): 一致率0.0 % Cell(0,7): 一致率0.0 % Cell(1,7): 一致率0.0 % Cell(2,7): 一致率0.0 % Cell(3,7): 一致率0.0 % Cell(4,7): 一致率0.0 % Cell(5,7): 一致率0.0 % "
Stage310,Triangle,20,20,あり,なし,0.0 %,"Cell(0,0): 一致率0.4 % Cell(1,0): 一致率1.3 % Cell(2,0): 一致率1.5 % Cell(3,0): 一致率0.0 % Cell(0,1): 一致率0.8 % Cell(1,1): 一致率0.1 % Cell(2,1): 一致率2.2 % Cell(3,1): 一致率0.0 % Cell(0,2): 一致率3.4 % Cell(1,2): 一致率0.0 % Cell(2,2): 一致率0.2 % Cell(3,2): 一致率0.0 % Cell(0,3): 一致率2.0 % Cell(1,3): 一致率1.6 % Cell(2,3): 一致率2.6 % Cell(3,3): 一致率0.0 % Cell(0,4): 一致率0.3 % Cell(1,4): 一致率0.2 % Cell(2,4): 一致率0.0 % Cell(3,4): 一致率0.0 % "
Stage311,Triangle,36,36,あり,なし,0.0 %,"Cell(0,0): 一致率0.0 % Cell(1,0): 一致率0.0 % Cell(2,0): 一致率0.0 % Cell(3,0): 一致率0.1 % Cell(4,0): 一致率0.1 % Cell(5,0): 一致率0.0 % Cell(0,1): 一致率0.2 % Cell(1,1): 一致率1.3 % Cell(2,1): 一致率0.1 % Cell(3,1): 一致率0.2 % Cell(4,1): 一致率0.6 % Cell(5,1): 一致率0.0 % Cell(0,2): 一致率0.0 % Cell(1,2): 一致率0.2 % Cell(2,2): 一致率0.0 % Cell(3,2): 一致率0.0 % Cell(4,2): 一致率0.0 % Cell(5,2): 一致率0.0 % Cell(0,3): 一致率0.0 % Cell(1,3): 一致率0.1 % Cell(2,3): 一致率0.1 % Cell(3,3): 一致率0.0 % Cell(4,3): 一致率0.0 % Cell(5,3): 一致率0.0 % Cell(0,4): 一致率0.6 % Cell(1,4): 一致率0.1 % Cell(2,4): 一致率1.1 % Cell(3,4): 一致率0.6 % Cell(4,4): 一致率2.6 % Cell(5,4): 一致率0.0 % Cell(0,5): 一致率0.3 % Cell(1,5): 一致率0.1 % Cell(2,5): 一致率2.1 % Cell(3,5): 一致率7.2 % Cell(4,5): 一致率1.9 % Cell(5,5): 一致率0.0 % "
Stage312,Triangle,56,56,あり,なし,0.0 %,"Cell(0,0): 一致率0.0 % Cell(1,0): 一致率0.0 % Cell(2,0): 一致率0.0 % Cell(3,0): 一致率0.0 % Cell(4,0): 一致率0.0 % Cell(5,0): 一致率0.0 % Cell(6,0): 一致率0.0 % Cell(7,0): 一致率0.0 % Cell(0,1): 一致率0.0 % Cell(1,1): 一致率0.0 % Cell(2,1): 一致率0.0 % Cell(3,1): 一致率0.0 % Cell(4,1): 一致率0.0 % Cell(5,1): 一致率0.0 % Cell(6,1): 一致率0.0 % Cell(7,1): 一致率0.0 % Cell(0,2): 一致率0.0 % Cell(1,2): 一致率0.0 % Cell(2,2): 一致率0.0 % Cell(3,2): 一致率0.0 % Cell(4,2): 一致率0.0 % Cell(5,2): 一致率0.0 % Cell(6,2): 一致率0.0 % Cell(7,2): 一致率0.0 % Cell(0,3): 一致率0.0 % Cell(1,3): 一致率0.0 % Cell(2,3): 一致率0.0 % Cell(3,3): 一致率0.0 % Cell(4,3): 一致率0.0 % Cell(5,3): 一致率0.0 % Cell(6,3): 一致率0.0 % Cell(7,3): 一致率0.0 % Cell(0,4): 一致率0.0 % Cell(1,4): 一致率0.0 % Cell(2,4): 一致率0.0 % Cell(3,4): 一致率0.0 % Cell(4,4): 一致率0.0 % Cell(5,4): 一致率0.0 % Cell(6,4): 一致率0.0 % Cell(7,4): 一致率0.0 % Cell(0,5): 一致率0.0 % Cell(1,5): 一致率0.0 % Cell(2,5): 一致率0.0 % Cell(3,5): 一致率0.0 % Cell(4,5): 一致率0.0 % Cell(5,5): 一致率0.0 % Cell(6,5): 一致率0.0 % Cell(7,5): 一致率0.0 % Cell(0,6): 一致率0.0 % Cell(1,6): 一致率0.0 % Cell(2,6): 一致率0.0 % Cell(3,6): 一致率0.0 % Cell(4,6): 一致率0.0 % Cell(5,6): 一致率0.0 % Cell(6,6): 一致率0.0 % Cell(7,6): 一致率0.0 % "
Stage313,Hex,20,20,あり,なし,0.0 %,"Cell(0,0): 一致率0.0 % Cell(1,0): 一致率0.0 % Cell(2,0): 一致率0.0 % Cell(3,0): 一致率0.0 % Cell(0,1): 一致率0.0 % Cell(1,1): 一致率0.0 % Cell(2,1): 一致率0.0 % Cell(3,1): 一致率0.0 % Cell(0,2): 一致率0.0 % Cell(1,2): 一致率0.0 % Cell(2,2): 一致率0.0 % Cell(3,2): 一致率0.0 % Cell(0,3): 一致率0.0 % Cell(1,3): 一致率0.0 % Cell(2,3): 一致率0.0 % Cell(3,3): 一致率0.0 % Cell(0,4): 一致率0.0 % Cell(1,4): 一致率0.0 % Cell(2,4): 一致率0.0 % Cell(3,4): 一致率0.0 % "
Stage314,Hex,35,35,あり,なし,0.0 %,"Cell(0,0): 一致率0.0 % Cell(1,0): 一致率0.0 % Cell(2,0): 一致率0.0 % Cell(3,0): 一致率0.0 % Cell(4,0): 一致率0.0 % Cell(0,1): 一致率0.0 % Cell(1,1): 一致率0.0 % Cell(2,1): 一致率0.0 % Cell(3,1): 一致率0.0 % Cell(4,1): 一致率0.0 % Cell(0,2): 一致率0.0 % Cell(1,2): 一致率0.0 % Cell(2,2): 一致率0.0 % Cell(3,2): 一致率0.0 % Cell(4,2): 一致率0.0 % Cell(0,3): 一致率0.0 % Cell(1,3): 一致率0.0 % Cell(2,3): 一致率0.0 % Cell(3,3): 一致率0.0 % Cell(4,3): 一致率0.0 % Cell(0,4): 一致率0.0 % Cell(1,4): 一致率0.0 % Cell(2,4): 一致率0.0 % Cell(3,4): 一致率0.0 % Cell(4,4): 一致率0.0 % Cell(0,5): 一致率0.0 % Cell(1,5): 一致率0.0 % Cell(2,5): 一致率0.0 % Cell(3,5): 一致率0.0 % Cell(4,5): 一致率0.0 % Cell(0,6): 一致率0.0 % Cell(1,6): 一致率0.0 % Cell(2,6): 一致率0.0 % Cell(3,6): 一致率0.0 % Cell(4,6): 一致率0.0 % "
Stage315,Hex,56,56,あり,なし,0.0 %,"Cell(0,0): 一致率0.0 % Cell(1,0): 一致率0.0 % Cell(2,0): 一致率0.0 % Cell(3,0): 一致率0.0 % Cell(4,0): 一致率0.0 % Cell(5,0): 一致率0.0 % Cell(6,0): 一致率0.0 % Cell(0,1): 一致率0.0 % Cell(1,1): 一致率0.0 % Cell(2,1): 一致率0.0 % Cell(3,1): 一致率0.0 % Cell(4,1): 一致率0.0 % Cell(5,1): 一致率0.0 % Cell(6,1): 一致率0.0 % Cell(0,2): 一致率0.0 % Cell(1,2): 一致率0.0 % Cell(2,2): 一致率0.0 % Cell(3,2): 一致率0.0 % Cell(4,2): 一致率0.0 % Cell(5,2): 一致率0.0 % Cell(6,2): 一致率0.0 % Cell(0,3): 一致率0.0 % Cell(1,3): 一致率0.0 % Cell(2,3): 一致率0.0 % Cell(3,3): 一致率0.0 % Cell(4,3): 一致率0.0 % Cell(5,3): 一致率0.0 % Cell(6,3): 一致率0.0 % Cell(0,4): 一致率0.0 % Cell(1,4): 一致率0.0 % Cell(2,4): 一致率0.0 % Cell(3,4): 一致率0.0 % Cell(4,4): 一致率0.0 % Cell(5,4): 一致率0.0 % Cell(6,4): 一致率0.0 % Cell(0,5): 一致率0.0 % Cell(1,5): 一致率0.0 % Cell(2,5): 一致率0.0 % Cell(3,5): 一致率0.0 % Cell(4,5): 一致率0.0 % Cell(5,5): 一致率0.0 % Cell(6,5): 一致率0.0 % Cell(0,6): 一致率0.0 % Cell(1,6): 一致率0.0 % Cell(2,6): 一致率0.0 % Cell(3,6): 一致率0.0 % Cell(4,6): 一致率0.0 % Cell(5,6): 一致率0.0 % Cell(6,6): 一致率0.0 % Cell(0,7): 一致率0.0 % Cell(1,7): 一致率0.0 % Cell(2,7): 一致率0.0 % Cell(3,7): 一致率0.0 % Cell(4,7): 一致率0.0 % Cell(5,7): 一致率0.0 % Cell(6,7): 一致率0.0 % "
Stage316,Square,20,20,あり,なし,0.0 %,"Cell(0,0): 一致率0.0 % Cell(1,0): 一致率0.0 % Cell(2,0): 一致率0.0 % Cell(3,0): 一致率0.0 % Cell(0,1): 一致率0.0 % Cell(1,1): 一致率0.0 % Cell(2,1): 一致率0.0 % Cell(3,1): 一致率0.0 % Cell(0,2): 一致率0.0 % Cell(1,2): 一致率0.0 % Cell(2,2): 一致率0.0 % Cell(3,2): 一致率0.0 % Cell(0,3): 一致率0.0 % Cell(1,3): 一致率0.0 % Cell(2,3): 一致率0.0 % Cell(3,3): 一致率0.0 % Cell(0,4): 一致率0.0 % Cell(1,4): 一致率0.0 % Cell(2,4): 一致率0.0 % Cell(3,4): 一致率0.0 % "
Stage317,Square,35,35,あり,なし,0.0 %,"Cell(0,0): 一致率0.0 % Cell(1,0): 一致率0.0 % Cell(2,0): 一致率0.0 % Cell(3,0): 一致率0.0 % Cell(4,0): 一致率0.0 % Cell(0,1): 一致率0.0 % Cell(1,1): 一致率0.0 % Cell(2,1): 一致率0.0 % Cell(3,1): 一致率0.0 % Cell(4,1): 一致率0.0 % Cell(0,2): 一致率0.0 % Cell(1,2): 一致率0.0 % Cell(2,2): 一致率0.0 % Cell(3,2): 一致率0.0 % Cell(4,2): 一致率0.0 % Cell(0,3): 一致率0.0 % Cell(1,3): 一致率0.0 % Cell(2,3): 一致率0.0 % Cell(3,3): 一致率0.0 % Cell(4,3): 一致率0.0 % Cell(0,4): 一致率0.0 % Cell(1,4): 一致率0.0 % Cell(2,4): 一致率0.0 % Cell(3,4): 一致率0.0 % Cell(4,4): 一致率0.0 % Cell(0,5): 一致率0.0 % Cell(1,5): 一致率0.0 % Cell(2,5): 一致率0.0 % Cell(3,5): 一致率0.0 % Cell(4,5): 一致率0.0 % Cell(0,6): 一致率0.0 % Cell(1,6): 一致率0.0 % Cell(2,6): 一致率0.0 % Cell(3,6): 一致率0.0 % Cell(4,6): 一致率0.0 % "
Stage318,Square,56,56,あり,なし,0.0 %,"Cell(0,0): 一致率0.0 % Cell(1,0): 一致率0.0 % Cell(2,0): 一致率0.0 % Cell(3,0): 一致率0.0 % Cell(4,0): 一致率0.0 % Cell(5,0): 一致率0.0 % Cell(6,0): 一致率0.0 % Cell(0,1): 一致率0.0 % Cell(1,1): 一致率0.0 % Cell(2,1): 一致率0.0 % Cell(3,1): 一致率0.0 % Cell(4,1): 一致率0.0 % Cell(5,1): 一致率0.0 % Cell(6,1): 一致率0.0 % Cell(0,2): 一致率0.0 % Cell(1,2): 一致率0.0 % Cell(2,2): 一致率0.0 % Cell(3,2): 一致率0.0 % Cell(4,2): 一致率0.0 % Cell(5,2): 一致率0.0 % Cell(6,2): 一致率0.0 % Cell(0,3): 一致率0.0 % Cell(1,3): 一致率0.0 % Cell(2,3): 一致率0.0 % Cell(3,3): 一致率0.0 % Cell(4,3): 一致率0.0 % Cell(5,3): 一致率0.0 % Cell(6,3): 一致率0.0 % Cell(0,4): 一致率0.0 % Cell(1,4): 一致率0.0 % Cell(2,4): 一致率0.0 % Cell(3,4): 一致率0.0 % Cell(4,4): 一致率0.0 % Cell(5,4): 一致率0.0 % Cell(6,4): 一致率0.0 % Cell(0,5): 一致率0.0 % Cell(1,5): 一致率0.0 % Cell(2,5): 一致率0.0 % Cell(3,5): 一致率0.0 % Cell(4,5): 一致率0.0 % Cell(5,5): 一致率0.0 % Cell(6,5): 一致率0.0 % Cell(0,6): 一致率0.0 % Cell(1,6): 一致率0.0 % Cell(2,6): 一致率0.0 % Cell(3,6): 一致率0.0 % Cell(4,6): 一致率0.0 % Cell(5,6): 一致率0.0 % Cell(6,6): 一致率0.0 % Cell(0,7): 一致率0.0 % Cell(1,7): 一致率0.0 % Cell(2,7): 一致率0.0 % Cell(3,7): 一致率0.0 % Cell(4,7): 一致率0.0 % Cell(5,7): 一致率0.0 % Cell(6,7): 一致率0.0 % "
Stage319,Triangle,20,20,あり,なし,0.0 %,"Cell(0,0): 一致率0.0 % Cell(1,0): 一致率0.3 % Cell(2,0): 一致率0.4 % Cell(3,0): 一致率0.0 % Cell(0,1): 一致率0.0 % Cell(1,1): 一致率0.0 % Cell(2,1): 一致率0.0 % Cell(3,1): 一致率0.0 % Cell(0,2): 一致率0.1 % Cell(1,2): 一致率0.0 % Cell(2,2): 一致率0.0 % Cell(3,2): 一致率0.0 % Cell(0,3): 一致率5.6 % Cell(1,3): 一致率3.4 % Cell(2,3): 一致率0.7 % Cell(3,3): 一致率0.0 % Cell(0,4): 一致率18.4 % Cell(1,4): 一致率8.0 % Cell(2,4): 一致率3.5 % Cell(3,4): 一致率0.0 % "
Stage320,Triangle,36,36,あり,なし,0.0 %,"Cell(0,0): 一致率0.9 % Cell(1,0): 一致率1.5 % Cell(2,0): 一致率0.2 % Cell(3,0): 一致率0.9 % Cell(4,0): 一致率3.3 % Cell(5,0): 一致率0.0 % Cell(0,1): 一致率1.6 % Cell(1,1): 一致率2.4 % Cell(2,1): 一致率3.7 % Cell(3,1): 一致率0.5 % Cell(4,1): 一致率0.8 % Cell(5,1): 一致率0.0 % Cell(0,2): 一致率0.2 % Cell(1,2): 一致率0.7 % Cell(2,2): 一致率0.0 % Cell(3,2): 一致率0.8 % Cell(4,2): 一致率3.5 % Cell(5,2): 一致率0.0 % Cell(0,3): 一致率0.7 % Cell(1,3): 一致率1.0 % Cell(2,3): 一致率0.3 % Cell(3,3): 一致率3.2 % Cell(4,3): 一致率7.4 % Cell(5,3): 一致率0.0 % Cell(0,4): 一致率0.1 % Cell(1,4): 一致率0.2 % Cell(2,4): 一致率0.1 % Cell(3,4): 一致率0.2 % Cell(4,4): 一致率0.1 % Cell(5,4): 一致率0.0 % Cell(0,5): 一致率19.3 % Cell(1,5): 一致率4.8 % Cell(2,5): 一致率0.5 % Cell(3,5): 一致率0.0 % Cell(4,5): 一致率0.5 % Cell(5,5): 一致率0.0 % "
Stage321,Triangle,56,56,あり,なし,0.0 %,"Cell(0,0): 一致率0.0 % Cell(1,0): 一致率0.0 % Cell(2,0): 一致率0.0 % Cell(3,0): 一致率0.0 % Cell(4,0): 一致率0.0 % Cell(5,0): 一致率0.0 % Cell(6,0): 一致率0.0 % Cell(7,0): 一致率0.0 % Cell(0,1): 一致率0.0 % Cell(1,1): 一致率0.0 % Cell(2,1): 一致率0.0 % Cell(3,1): 一致率0.0 % Cell(4,1): 一致率0.0 % Cell(5,1): 一致率0.0 % Cell(6,1): 一致率0.0 % Cell(7,1): 一致率0.0 % Cell(0,2): 一致率0.0 % Cell(1,2): 一致率0.0 % Cell(2,2): 一致率0.0 % Cell(3,2): 一致率0.0 % Cell(4,2): 一致率0.0 % Cell(5,2): 一致率0.0 % Cell(6,2): 一致率0.0 % Cell(7,2): 一致率0.0 % Cell(0,3): 一致率0.0 % Cell(1,3): 一致率0.0 % Cell(2,3): 一致率0.0 % Cell(3,3): 一致率0.0 % Cell(4,3): 一致率0.0 % Cell(5,3): 一致率0.0 % Cell(6,3): 一致率0.0 % Cell(7,3): 一致率0.0 % Cell(0,4): 一致率0.0 % Cell(1,4): 一致率0.0 % Cell(2,4): 一致率0.0 % Cell(3,4): 一致率0.0 % Cell(4,4): 一致率0.0 % Cell(5,4): 一致率0.0 % Cell(6,4): 一致率0.0 % Cell(7,4): 一致率0.0 % Cell(0,5): 一致率0.0 % Cell(1,5): 一致率0.0 % Cell(2,5): 一致率0.0 % Cell(3,5): 一致率0.0 % Cell(4,5): 一致率0.0 % Cell(5,5): 一致率0.0 % Cell(6,5): 一致率0.0 % Cell(7,5): 一致率0.0 % Cell(0,6): 一致率0.0 % Cell(1,6): 一致率0.0 % Cell(2,6): 一致率0.0 % Cell(3,6): 一致率0.0 % Cell(4,6): 一致率0.0 % Cell(5,6): 一致率0.0 % Cell(6,6): 一致率0.0 % Cell(7,6): 一致率0.0 % "
Stage322,Hex,20,20,あり,なし,0.0 %,"Cell(0,0): 一致率0.0 % Cell(1,0): 一致率0.0 % Cell(2,0): 一致率0.0 % Cell(3,0): 一致率0.0 % Cell(0,1): 一致率0.0 % Cell(1,1): 一致率0.0 % Cell(2,1): 一致率0.0 % Cell(3,1): 一致率0.0 % Cell(0,2): 一致率0.0 % Cell(1,2): 一致率0.0 % Cell(2,2): 一致率0.0 % Cell(3,2): 一致率0.0 % Cell(0,3): 一致率0.0 % Cell(1,3): 一致率0.0 % Cell(2,3): 一致率0.0 % Cell(3,3): 一致率0.0 % Cell(0,4): 一致率0.0 % Cell(1,4): 一致率0.0 % Cell(2,4): 一致率0.0 % Cell(3,4): 一致率0.0 % "
Stage323,Hex,35,35,あり,なし,0.0 %,"Cell(0,0): 一致率0.0 % Cell(1,0): 一致率0.0 % Cell(2,0): 一致率0.0 % Cell(3,0): 一致率0.0 % Cell(4,0): 一致率0.0 % Cell(0,1): 一致率0.0 % Cell(1,1): 一致率0.0 % Cell(2,1): 一致率0.0 % Cell(3,1): 一致率0.0 % Cell(4,1): 一致率0.0 % Cell(0,2): 一致率0.0 % Cell(1,2): 一致率0.0 % Cell(2,2): 一致率0.0 % Cell(3,2): 一致率0.0 % Cell(4,2): 一致率0.0 % Cell(0,3): 一致率0.0 % Cell(1,3): 一致率0.0 % Cell(2,3): 一致率0.0 % Cell(3,3): 一致率0.0 % Cell(4,3): 一致率0.0 % Cell(0,4): 一致率0.0 % Cell(1,4): 一致率0.0 % Cell(2,4): 一致率0.0 % Cell(3,4): 一致率0.0 % Cell(4,4): 一致率0.0 % Cell(0,5): 一致率0.0 % Cell(1,5): 一致率0.0 % Cell(2,5): 一致率0.0 % Cell(3,5): 一致率0.0 % Cell(4,5): 一致率0.0 % Cell(0,6): 一致率0.0 % Cell(1,6): 一致率0.0 % Cell(2,6): 一致率0.0 % Cell(3,6): 一致率0.0 % Cell(4,6): 一致率0.0 % "
Stage324,Hex,48,48,あり,なし,0.0 %,"Cell(0,0): 一致率0.0 % Cell(1,0): 一致率0.0 % Cell(2,0): 一致率0.0 % Cell(3,0): 一致率0.0 % Cell(4,0): 一致率0.0 % Cell(5,0): 一致率0.0 % Cell(0,1): 一致率0.0 % Cell(1,1): 一致率0.0 % Cell(2,1): 一致率0.0 % Cell(3,1): 一致率0.0 % Cell(4,1): 一致率0.0 % Cell(5,1): 一致率0.0 % Cell(0,2): 一致率0.0 % Cell(1,2): 一致率0.0 % Cell(2,2): 一致率0.0 % Cell(3,2): 一致率0.0 % Cell(4,2): 一致率0.0 % Cell(5,2): 一致率0.0 % Cell(0,3): 一致率0.0 % Cell(1,3): 一致率0.0 % Cell(2,3): 一致率0.0 % Cell(3,3): 一致率0.0 % Cell(4,3): 一致率0.0 % Cell(5,3): 一致率0.0 % Cell(0,4): 一致率0.0 % Cell(1,4): 一致率0.0 % Cell(2,4): 一致率0.0 % Cell(3,4): 一致率0.0 % Cell(4,4): 一致率0.0 % Cell(5,4): 一致率0.0 % Cell(0,5): 一致率0.0 % Cell(1,5): 一致率0.0 % Cell(2,5): 一致率0.0 % Cell(3,5): 一致率0.0 % Cell(4,5): 一致率0.0 % Cell(5,5): 一致率0.0 % Cell(0,6): 一致率0.0 % Cell(1,6): 一致率0.0 % Cell(2,6): 一致率0.0 % Cell(3,6): 一致率0.0 % Cell(4,6): 一致率0.0 % Cell(5,6): 一致率0.0 % Cell(0,7): 一致率0.0 % Cell(1,7): 一致率0.0 % Cell(2,7): 一致率0.0 % Cell(3,7): 一致率0.0 % Cell(4,7): 一致率0.0 % Cell(5,7): 一致率0.0 % "
Stage325,Square,20,20,あり,なし,0.0 %,"Cell(0,0): 一致率0.0 % Cell(1,0): 一致率0.0 % Cell(2,0): 一致率0.0 % Cell(3,0): 一致率0.0 % Cell(0,1): 一致率0.0 % Cell(1,1): 一致率0.0 % Cell(2,1): 一致率0.0 % Cell(3,1): 一致率0.0 % Cell(0,2): 一致率0.0 % Cell(1,2): 一致率0.0 % Cell(2,2): 一致率0.0 % Cell(3,2): 一致率0.0 % Cell(0,3): 一致率0.0 % Cell(1,3): 一致率0.0 % Cell(2,3): 一致率0.0 % Cell(3,3): 一致率0.0 % Cell(0,4): 一致率0.0 % Cell(1,4): 一致率0.0 % Cell(2,4): 一致率0.0 % Cell(3,4): 一致率0.0 % "
Stage326,Square,35,0,なし,なし,100.0 %,"Texture取得失敗/読取不可: 35セル "
Stage327,Square,48,48,あり,なし,0.0 %,"Cell(0,0): 一致率0.0 % Cell(1,0): 一致率0.0 % Cell(2,0): 一致率0.0 % Cell(3,0): 一致率0.0 % Cell(4,0): 一致率0.0 % Cell(5,0): 一致率0.0 % Cell(0,1): 一致率0.0 % Cell(1,1): 一致率0.0 % Cell(2,1): 一致率0.0 % Cell(3,1): 一致率0.0 % Cell(4,1): 一致率0.0 % Cell(5,1): 一致率0.0 % Cell(0,2): 一致率0.0 % Cell(1,2): 一致率0.0 % Cell(2,2): 一致率0.0 % Cell(3,2): 一致率0.0 % Cell(4,2): 一致率0.0 % Cell(5,2): 一致率0.0 % Cell(0,3): 一致率0.0 % Cell(1,3): 一致率0.0 % Cell(2,3): 一致率0.0 % Cell(3,3): 一致率0.0 % Cell(4,3): 一致率0.0 % Cell(5,3): 一致率0.0 % Cell(0,4): 一致率0.0 % Cell(1,4): 一致率0.0 % Cell(2,4): 一致率0.0 % Cell(3,4): 一致率0.0 % Cell(4,4): 一致率0.0 % Cell(5,4): 一致率0.0 % Cell(0,5): 一致率0.0 % Cell(1,5): 一致率0.0 % Cell(2,5): 一致率0.0 % Cell(3,5): 一致率0.0 % Cell(4,5): 一致率0.0 % Cell(5,5): 一致率0.0 % Cell(0,6): 一致率0.0 % Cell(1,6): 一致率0.0 % Cell(2,6): 一致率0.0 % Cell(3,6): 一致率0.0 % Cell(4,6): 一致率0.0 % Cell(5,6): 一致率0.0 % Cell(0,7): 一致率0.0 % Cell(1,7): 一致率0.0 % Cell(2,7): 一致率0.0 % Cell(3,7): 一致率0.0 % Cell(4,7): 一致率0.0 % Cell(5,7): 一致率0.0 % "
Stage328,Triangle,36,36,あり,なし,0.0 %,"Cell(0,0): 一致率2.0 % Cell(1,0): 一致率2.1 % Cell(2,0): 一致率3.6 % Cell(3,0): 一致率1.2 % Cell(4,0): 一致率3.0 % Cell(5,0): 一致率0.0 % Cell(0,1): 一致率0.0 % Cell(1,1): 一致率0.0 % Cell(2,1): 一致率0.9 % Cell(3,1): 一致率0.2 % Cell(4,1): 一致率0.3 % Cell(5,1): 一致率0.0 % Cell(0,2): 一致率1.9 % Cell(1,2): 一致率0.1 % Cell(2,2): 一致率4.1 % Cell(3,2): 一致率0.0 % Cell(4,2): 一致率0.0 % Cell(5,2): 一致率0.0 % Cell(0,3): 一致率1.3 % Cell(1,3): 一致率2.0 % Cell(2,3): 一致率8.3 % Cell(3,3): 一致率0.5 % Cell(4,3): 一致率0.1 % Cell(5,3): 一致率0.0 % Cell(0,4): 一致率1.1 % Cell(1,4): 一致率3.4 % Cell(2,4): 一致率2.8 % Cell(3,4): 一致率2.4 % Cell(4,4): 一致率0.2 % Cell(5,4): 一致率0.0 % Cell(0,5): 一致率0.5 % Cell(1,5): 一致率0.5 % Cell(2,5): 一致率0.9 % Cell(3,5): 一致率0.0 % Cell(4,5): 一致率0.0 % Cell(5,5): 一致率0.0 % "
Stage329,Triangle,36,0,なし,なし,100.0 %,"Texture取得失敗/読取不可: 36セル "
Stage330,Triangle,49,49,あり,なし,0.0 %,"Cell(0,0): 一致率0.0 % Cell(1,0): 一致率0.0 % Cell(2,0): 一致率0.1 % Cell(3,0): 一致率0.1 % Cell(4,0): 一致率0.0 % Cell(5,0): 一致率0.0 % Cell(6,0): 一致率0.0 % Cell(0,1): 一致率0.0 % Cell(1,1): 一致率0.1 % Cell(2,1): 一致率0.7 % Cell(3,1): 一致率0.2 % Cell(4,1): 一致率0.0 % Cell(5,1): 一致率0.0 % Cell(6,1): 一致率0.0 % Cell(0,2): 一致率0.2 % Cell(1,2): 一致率0.1 % Cell(2,2): 一致率0.0 % Cell(3,2): 一致率0.0 % Cell(4,2): 一致率0.0 % Cell(5,2): 一致率0.0 % Cell(6,2): 一致率0.0 % Cell(0,3): 一致率0.1 % Cell(1,3): 一致率0.1 % Cell(2,3): 一致率0.0 % Cell(3,3): 一致率0.0 % Cell(4,3): 一致率0.0 % Cell(5,3): 一致率0.0 % Cell(6,3): 一致率0.0 % Cell(0,4): 一致率0.1 % Cell(1,4): 一致率0.1 % Cell(2,4): 一致率0.0 % Cell(3,4): 一致率0.0 % Cell(4,4): 一致率0.0 % Cell(5,4): 一致率0.0 % Cell(6,4): 一致率0.0 % Cell(0,5): 一致率0.0 % Cell(1,5): 一致率0.0 % Cell(2,5): 一致率0.0 % Cell(3,5): 一致率0.2 % Cell(4,5): 一致率1.7 % Cell(5,5): 一致率0.0 % Cell(6,5): 一致率0.0 % Cell(0,6): 一致率0.0 % Cell(1,6): 一致率0.0 % Cell(2,6): 一致率0.0 % Cell(3,6): 一致率2.0 % Cell(4,6): 一致率1.5 % Cell(5,6): 一致率0.0 % Cell(6,6): 一致率0.0 % "
Stage331,Hex,35,35,あり,なし,0.0 %,"Cell(0,0): 一致率0.0 % Cell(1,0): 一致率0.0 % Cell(2,0): 一致率0.0 % Cell(3,0): 一致率0.0 % Cell(4,0): 一致率0.0 % Cell(0,1): 一致率0.0 % Cell(1,1): 一致率0.0 % Cell(2,1): 一致率0.0 % Cell(3,1): 一致率0.0 % Cell(4,1): 一致率0.0 % Cell(0,2): 一致率0.0 % Cell(1,2): 一致率0.0 % Cell(2,2): 一致率0.0 % Cell(3,2): 一致率0.0 % Cell(4,2): 一致率0.0 % Cell(0,3): 一致率0.0 % Cell(1,3): 一致率0.0 % Cell(2,3): 一致率0.0 % Cell(3,3): 一致率0.0 % Cell(4,3): 一致率0.0 % Cell(0,4): 一致率0.0 % Cell(1,4): 一致率0.0 % Cell(2,4): 一致率0.0 % Cell(3,4): 一致率0.0 % Cell(4,4): 一致率0.0 % Cell(0,5): 一致率0.0 % Cell(1,5): 一致率0.0 % Cell(2,5): 一致率0.0 % Cell(3,5): 一致率0.0 % Cell(4,5): 一致率0.0 % Cell(0,6): 一致率0.0 % Cell(1,6): 一致率0.0 % Cell(2,6): 一致率0.0 % Cell(3,6): 一致率0.0 % Cell(4,6): 一致率0.0 % "
Stage332,Hex,35,35,あり,なし,0.0 %,"Cell(0,0): 一致率0.0 % Cell(1,0): 一致率0.0 % Cell(2,0): 一致率0.0 % Cell(3,0): 一致率0.0 % Cell(4,0): 一致率0.0 % Cell(0,1): 一致率0.0 % Cell(1,1): 一致率0.0 % Cell(2,1): 一致率0.0 % Cell(3,1): 一致率0.0 % Cell(4,1): 一致率0.0 % Cell(0,2): 一致率0.0 % Cell(1,2): 一致率0.0 % Cell(2,2): 一致率0.0 % Cell(3,2): 一致率0.0 % Cell(4,2): 一致率0.0 % Cell(0,3): 一致率0.0 % Cell(1,3): 一致率0.0 % Cell(2,3): 一致率0.0 % Cell(3,3): 一致率0.0 % Cell(4,3): 一致率0.0 % Cell(0,4): 一致率0.0 % Cell(1,4): 一致率0.0 % Cell(2,4): 一致率0.0 % Cell(3,4): 一致率0.0 % Cell(4,4): 一致率0.0 % Cell(0,5): 一致率0.0 % Cell(1,5): 一致率0.0 % Cell(2,5): 一致率0.0 % Cell(3,5): 一致率0.0 % Cell(4,5): 一致率0.0 % Cell(0,6): 一致率0.0 % Cell(1,6): 一致率0.0 % Cell(2,6): 一致率0.0 % Cell(3,6): 一致率0.0 % Cell(4,6): 一致率0.0 % "
Stage333,Hex,48,0,なし,なし,100.0 %,"Texture取得失敗/読取不可: 48セル "
Stage334,Square,20,20,あり,なし,0.0 %,"Cell(0,0): 一致率0.0 % Cell(1,0): 一致率0.0 % Cell(2,0): 一致率0.0 % Cell(3,0): 一致率0.0 % Cell(0,1): 一致率0.0 % Cell(1,1): 一致率0.0 % Cell(2,1): 一致率0.0 % Cell(3,1): 一致率0.0 % Cell(0,2): 一致率0.0 % Cell(1,2): 一致率0.0 % Cell(2,2): 一致率0.0 % Cell(3,2): 一致率0.0 % Cell(0,3): 一致率0.0 % Cell(1,3): 一致率0.0 % Cell(2,3): 一致率0.0 % Cell(3,3): 一致率0.0 % Cell(0,4): 一致率0.0 % Cell(1,4): 一致率0.0 % Cell(2,4): 一致率0.0 % Cell(3,4): 一致率0.0 % "
Stage335,Square,35,35,あり,なし,0.0 %,"Cell(0,0): 一致率0.0 % Cell(1,0): 一致率0.0 % Cell(2,0): 一致率0.0 % Cell(3,0): 一致率0.0 % Cell(4,0): 一致率0.0 % Cell(0,1): 一致率0.0 % Cell(1,1): 一致率0.0 % Cell(2,1): 一致率0.0 % Cell(3,1): 一致率0.0 % Cell(4,1): 一致率0.0 % Cell(0,2): 一致率0.0 % Cell(1,2): 一致率0.0 % Cell(2,2): 一致率0.0 % Cell(3,2): 一致率0.0 % Cell(4,2): 一致率0.0 % Cell(0,3): 一致率0.0 % Cell(1,3): 一致率0.0 % Cell(2,3): 一致率0.0 % Cell(3,3): 一致率0.0 % Cell(4,3): 一致率0.0 % Cell(0,4): 一致率0.0 % Cell(1,4): 一致率0.0 % Cell(2,4): 一致率0.0 % Cell(3,4): 一致率0.0 % Cell(4,4): 一致率0.0 % Cell(0,5): 一致率0.0 % Cell(1,5): 一致率0.0 % Cell(2,5): 一致率0.0 % Cell(3,5): 一致率0.0 % Cell(4,5): 一致率0.0 % Cell(0,6): 一致率0.0 % Cell(1,6): 一致率0.0 % Cell(2,6): 一致率0.0 % Cell(3,6): 一致率0.0 % Cell(4,6): 一致率0.0 % "
Stage336,Square,56,56,あり,なし,0.0 %,"Cell(0,0): 一致率0.0 % Cell(1,0): 一致率0.0 % Cell(2,0): 一致率0.0 % Cell(3,0): 一致率0.0 % Cell(4,0): 一致率0.0 % Cell(5,0): 一致率0.0 % Cell(6,0): 一致率0.0 % Cell(0,1): 一致率0.0 % Cell(1,1): 一致率0.0 % Cell(2,1): 一致率0.0 % Cell(3,1): 一致率0.0 % Cell(4,1): 一致率0.0 % Cell(5,1): 一致率0.0 % Cell(6,1): 一致率0.0 % Cell(0,2): 一致率0.0 % Cell(1,2): 一致率0.0 % Cell(2,2): 一致率0.0 % Cell(3,2): 一致率0.0 % Cell(4,2): 一致率0.0 % Cell(5,2): 一致率0.0 % Cell(6,2): 一致率0.0 % Cell(0,3): 一致率0.0 % Cell(1,3): 一致率0.0 % Cell(2,3): 一致率0.0 % Cell(3,3): 一致率0.0 % Cell(4,3): 一致率0.0 % Cell(5,3): 一致率0.0 % Cell(6,3): 一致率0.0 % Cell(0,4): 一致率0.0 % Cell(1,4): 一致率0.0 % Cell(2,4): 一致率0.0 % Cell(3,4): 一致率0.0 % Cell(4,4): 一致率0.0 % Cell(5,4): 一致率0.0 % Cell(6,4): 一致率0.0 % Cell(0,5): 一致率0.0 % Cell(1,5): 一致率0.0 % Cell(2,5): 一致率0.0 % Cell(3,5): 一致率0.0 % Cell(4,5): 一致率0.0 % Cell(5,5): 一致率0.0 % Cell(6,5): 一致率0.0 % Cell(0,6): 一致率0.0 % Cell(1,6): 一致率0.0 % Cell(2,6): 一致率0.0 % Cell(3,6): 一致率0.0 % Cell(4,6): 一致率0.0 % Cell(5,6): 一致率0.0 % Cell(6,6): 一致率0.0 % Cell(0,7): 一致率0.0 % Cell(1,7): 一致率0.0 % Cell(2,7): 一致率0.0 % Cell(3,7): 一致率0.0 % Cell(4,7): 一致率0.0 % Cell(5,7): 一致率0.0 % Cell(6,7): 一致率0.0 % "
Stage337,Triangle,20,20,あり,なし,0.0 %,"Cell(0,0): 一致率0.3 % Cell(1,0): 一致率0.0 % Cell(2,0): 一致率0.0 % Cell(3,0): 一致率0.0 % Cell(0,1): 一致率3.4 % Cell(1,1): 一致率0.2 % Cell(2,1): 一致率0.0 % Cell(3,1): 一致率0.0 % Cell(0,2): 一致率0.0 % Cell(1,2): 一致率0.0 % Cell(2,2): 一致率0.4 % Cell(3,2): 一致率0.0 % Cell(0,3): 一致率0.5 % Cell(1,3): 一致率0.0 % Cell(2,3): 一致率0.0 % Cell(3,3): 一致率0.0 % Cell(0,4): 一致率0.1 % Cell(1,4): 一致率0.1 % Cell(2,4): 一致率0.2 % Cell(3,4): 一致率0.0 % "
Stage338,Triangle,36,36,あり,なし,0.0 %,"Cell(0,0): 一致率0.2 % Cell(1,0): 一致率0.2 % Cell(2,0): 一致率1.1 % Cell(3,0): 一致率0.1 % Cell(4,0): 一致率2.9 % Cell(5,0): 一致率0.0 % Cell(0,1): 一致率0.8 % Cell(1,1): 一致率0.5 % Cell(2,1): 一致率0.1 % Cell(3,1): 一致率0.0 % Cell(4,1): 一致率0.6 % Cell(5,1): 一致率0.0 % Cell(0,2): 一致率0.1 % Cell(1,2): 一致率1.6 % Cell(2,2): 一致率1.5 % Cell(3,2): 一致率0.7 % Cell(4,2): 一致率0.1 % Cell(5,2): 一致率0.0 % Cell(0,3): 一致率0.3 % Cell(1,3): 一致率4.1 % Cell(2,3): 一致率2.6 % Cell(3,3): 一致率0.4 % Cell(4,3): 一致率0.2 % Cell(5,3): 一致率0.0 % Cell(0,4): 一致率0.0 % Cell(1,4): 一致率0.2 % Cell(2,4): 一致率0.1 % Cell(3,4): 一致率0.0 % Cell(4,4): 一致率0.6 % Cell(5,4): 一致率0.0 % Cell(0,5): 一致率0.0 % Cell(1,5): 一致率0.4 % Cell(2,5): 一致率0.2 % Cell(3,5): 一致率0.0 % Cell(4,5): 一致率4.3 % Cell(5,5): 一致率0.0 % "
Stage339,Triangle,56,56,あり,なし,0.0 %,"Cell(0,0): 一致率0.0 % Cell(1,0): 一致率0.0 % Cell(2,0): 一致率0.0 % Cell(3,0): 一致率0.0 % Cell(4,0): 一致率0.0 % Cell(5,0): 一致率0.0 % Cell(6,0): 一致率0.0 % Cell(7,0): 一致率0.0 % Cell(0,1): 一致率0.0 % Cell(1,1): 一致率0.0 % Cell(2,1): 一致率0.0 % Cell(3,1): 一致率0.0 % Cell(4,1): 一致率0.0 % Cell(5,1): 一致率0.0 % Cell(6,1): 一致率0.0 % Cell(7,1): 一致率0.0 % Cell(0,2): 一致率0.0 % Cell(1,2): 一致率0.0 % Cell(2,2): 一致率0.0 % Cell(3,2): 一致率0.0 % Cell(4,2): 一致率0.0 % Cell(5,2): 一致率0.0 % Cell(6,2): 一致率0.0 % Cell(7,2): 一致率0.0 % Cell(0,3): 一致率0.0 % Cell(1,3): 一致率0.0 % Cell(2,3): 一致率0.0 % Cell(3,3): 一致率0.0 % Cell(4,3): 一致率0.0 % Cell(5,3): 一致率0.0 % Cell(6,3): 一致率0.0 % Cell(7,3): 一致率0.0 % Cell(0,4): 一致率0.0 % Cell(1,4): 一致率0.0 % Cell(2,4): 一致率0.0 % Cell(3,4): 一致率0.0 % Cell(4,4): 一致率0.0 % Cell(5,4): 一致率0.0 % Cell(6,4): 一致率0.0 % Cell(7,4): 一致率0.0 % Cell(0,5): 一致率0.0 % Cell(1,5): 一致率0.0 % Cell(2,5): 一致率0.0 % Cell(3,5): 一致率0.0 % Cell(4,5): 一致率0.0 % Cell(5,5): 一致率0.0 % Cell(6,5): 一致率0.0 % Cell(7,5): 一致率0.0 % Cell(0,6): 一致率0.0 % Cell(1,6): 一致率0.0 % Cell(2,6): 一致率0.0 % Cell(3,6): 一致率0.0 % Cell(4,6): 一致率0.0 % Cell(5,6): 一致率0.0 % Cell(6,6): 一致率0.0 % Cell(7,6): 一致率0.0 % "
Stage340,Hex,35,35,あり,なし,0.0 %,"Cell(0,0): 一致率0.0 % Cell(1,0): 一致率0.0 % Cell(2,0): 一致率0.0 % Cell(3,0): 一致率0.0 % Cell(4,0): 一致率0.0 % Cell(0,1): 一致率0.0 % Cell(1,1): 一致率0.0 % Cell(2,1): 一致率0.0 % Cell(3,1): 一致率0.0 % Cell(4,1): 一致率0.0 % Cell(0,2): 一致率0.0 % Cell(1,2): 一致率0.0 % Cell(2,2): 一致率0.0 % Cell(3,2): 一致率0.0 % Cell(4,2): 一致率0.0 % Cell(0,3): 一致率0.0 % Cell(1,3): 一致率0.0 % Cell(2,3): 一致率0.0 % Cell(3,3): 一致率0.0 % Cell(4,3): 一致率0.0 % Cell(0,4): 一致率0.0 % Cell(1,4): 一致率0.0 % Cell(2,4): 一致率0.0 % Cell(3,4): 一致率0.0 % Cell(4,4): 一致率0.0 % Cell(0,5): 一致率0.0 % Cell(1,5): 一致率0.0 % Cell(2,5): 一致率0.0 % Cell(3,5): 一致率0.0 % Cell(4,5): 一致率0.0 % Cell(0,6): 一致率0.0 % Cell(1,6): 一致率0.0 % Cell(2,6): 一致率0.0 % Cell(3,6): 一致率0.0 % Cell(4,6): 一致率0.0 % "
Stage341,Hex,35,0,なし,なし,100.0 %,"Texture取得失敗/読取不可: 35セル "
Stage342,Hex,56,0,なし,なし,100.0 %,"Texture取得失敗/読取不可: 56セル "
Stage343,Square,35,35,あり,なし,0.0 %,"Cell(0,0): 一致率0.0 % Cell(1,0): 一致率0.0 % Cell(2,0): 一致率0.0 % Cell(3,0): 一致率0.0 % Cell(4,0): 一致率0.0 % Cell(0,1): 一致率0.0 % Cell(1,1): 一致率0.0 % Cell(2,1): 一致率0.0 % Cell(3,1): 一致率0.0 % Cell(4,1): 一致率0.0 % Cell(0,2): 一致率0.0 % Cell(1,2): 一致率0.0 % Cell(2,2): 一致率0.0 % Cell(3,2): 一致率0.0 % Cell(4,2): 一致率0.0 % Cell(0,3): 一致率0.0 % Cell(1,3): 一致率0.0 % Cell(2,3): 一致率0.0 % Cell(3,3): 一致率0.0 % Cell(4,3): 一致率0.0 % Cell(0,4): 一致率0.0 % Cell(1,4): 一致率0.0 % Cell(2,4): 一致率0.0 % Cell(3,4): 一致率0.0 % Cell(4,4): 一致率0.0 % Cell(0,5): 一致率0.0 % Cell(1,5): 一致率0.0 % Cell(2,5): 一致率0.0 % Cell(3,5): 一致率0.0 % Cell(4,5): 一致率0.0 % Cell(0,6): 一致率0.0 % Cell(1,6): 一致率0.0 % Cell(2,6): 一致率0.0 % Cell(3,6): 一致率0.0 % Cell(4,6): 一致率0.0 % "
Stage344,Square,35,35,あり,なし,0.0 %,"Cell(0,0): 一致率0.0 % Cell(1,0): 一致率0.0 % Cell(2,0): 一致率0.0 % Cell(3,0): 一致率0.0 % Cell(4,0): 一致率0.0 % Cell(0,1): 一致率0.0 % Cell(1,1): 一致率0.0 % Cell(2,1): 一致率0.0 % Cell(3,1): 一致率0.0 % Cell(4,1): 一致率0.0 % Cell(0,2): 一致率0.0 % Cell(1,2): 一致率0.0 % Cell(2,2): 一致率0.0 % Cell(3,2): 一致率0.0 % Cell(4,2): 一致率0.0 % Cell(0,3): 一致率0.0 % Cell(1,3): 一致率0.0 % Cell(2,3): 一致率0.0 % Cell(3,3): 一致率0.0 % Cell(4,3): 一致率0.0 % Cell(0,4): 一致率0.0 % Cell(1,4): 一致率0.0 % Cell(2,4): 一致率0.0 % Cell(3,4): 一致率0.0 % Cell(4,4): 一致率0.0 % Cell(0,5): 一致率0.0 % Cell(1,5): 一致率0.0 % Cell(2,5): 一致率0.0 % Cell(3,5): 一致率0.0 % Cell(4,5): 一致率0.0 % Cell(0,6): 一致率0.0 % Cell(1,6): 一致率0.0 % Cell(2,6): 一致率0.0 % Cell(3,6): 一致率0.0 % Cell(4,6): 一致率0.0 % "
Stage345,Square,48,48,あり,なし,0.0 %,"Cell(0,0): 一致率0.0 % Cell(1,0): 一致率0.0 % Cell(2,0): 一致率0.0 % Cell(3,0): 一致率0.0 % Cell(4,0): 一致率0.0 % Cell(5,0): 一致率0.0 % Cell(0,1): 一致率0.0 % Cell(1,1): 一致率0.0 % Cell(2,1): 一致率0.0 % Cell(3,1): 一致率0.0 % Cell(4,1): 一致率0.0 % Cell(5,1): 一致率0.0 % Cell(0,2): 一致率0.0 % Cell(1,2): 一致率0.0 % Cell(2,2): 一致率0.0 % Cell(3,2): 一致率0.0 % Cell(4,2): 一致率0.0 % Cell(5,2): 一致率0.0 % Cell(0,3): 一致率0.0 % Cell(1,3): 一致率0.0 % Cell(2,3): 一致率0.0 % Cell(3,3): 一致率0.0 % Cell(4,3): 一致率0.0 % Cell(5,3): 一致率0.0 % Cell(0,4): 一致率0.0 % Cell(1,4): 一致率0.0 % Cell(2,4): 一致率0.0 % Cell(3,4): 一致率0.0 % Cell(4,4): 一致率0.0 % Cell(5,4): 一致率0.0 % Cell(0,5): 一致率0.0 % Cell(1,5): 一致率0.0 % Cell(2,5): 一致率0.0 % Cell(3,5): 一致率0.0 % Cell(4,5): 一致率0.0 % Cell(5,5): 一致率0.0 % Cell(0,6): 一致率0.0 % Cell(1,6): 一致率0.0 % Cell(2,6): 一致率0.0 % Cell(3,6): 一致率0.0 % Cell(4,6): 一致率0.0 % Cell(5,6): 一致率0.0 % Cell(0,7): 一致率0.0 % Cell(1,7): 一致率0.0 % Cell(2,7): 一致率0.0 % Cell(3,7): 一致率0.0 % Cell(4,7): 一致率0.0 % Cell(5,7): 一致率0.0 % "
Stage346,Triangle,20,20,あり,なし,0.0 %,"Cell(0,0): 一致率6.0 % Cell(1,0): 一致率3.0 % Cell(2,0): 一致率0.8 % Cell(3,0): 一致率0.0 % Cell(0,1): 一致率6.7 % Cell(1,1): 一致率6.6 % Cell(2,1): 一致率3.5 % Cell(3,1): 一致率0.0 % Cell(0,2): 一致率1.6 % Cell(1,2): 一致率0.7 % Cell(2,2): 一致率0.2 % Cell(3,2): 一致率0.0 % Cell(0,3): 一致率1.6 % Cell(1,3): 一致率3.8 % Cell(2,3): 一致率6.6 % Cell(3,3): 一致率0.0 % Cell(0,4): 一致率4.4 % Cell(1,4): 一致率5.6 % Cell(2,4): 一致率2.4 % Cell(3,4): 一致率0.0 % "
Stage347,Triangle,36,36,あり,なし,0.0 %,"Cell(0,0): 一致率0.1 % Cell(1,0): 一致率0.0 % Cell(2,0): 一致率0.0 % Cell(3,0): 一致率0.1 % Cell(4,0): 一致率0.1 % Cell(5,0): 一致率0.0 % Cell(0,1): 一致率0.2 % Cell(1,1): 一致率0.5 % Cell(2,1): 一致率0.8 % Cell(3,1): 一致率0.4 % Cell(4,1): 一致率0.0 % Cell(5,1): 一致率0.0 % Cell(0,2): 一致率0.4 % Cell(1,2): 一致率1.8 % Cell(2,2): 一致率0.0 % Cell(3,2): 一致率0.0 % Cell(4,2): 一致率0.4 % Cell(5,2): 一致率0.0 % Cell(0,3): 一致率0.0 % Cell(1,3): 一致率0.1 % Cell(2,3): 一致率0.3 % Cell(3,3): 一致率1.4 % Cell(4,3): 一致率2.0 % Cell(5,3): 一致率0.0 % Cell(0,4): 一致率0.0 % Cell(1,4): 一致率0.0 % Cell(2,4): 一致率0.0 % Cell(3,4): 一致率0.1 % Cell(4,4): 一致率0.0 % Cell(5,4): 一致率0.0 % Cell(0,5): 一致率0.7 % Cell(1,5): 一致率0.9 % Cell(2,5): 一致率0.3 % Cell(3,5): 一致率0.4 % Cell(4,5): 一致率0.0 % Cell(5,5): 一致率0.0 % "
Stage348,Triangle,56,56,あり,なし,0.0 %,"Cell(0,0): 一致率0.0 % Cell(1,0): 一致率0.0 % Cell(2,0): 一致率0.0 % Cell(3,0): 一致率0.0 % Cell(4,0): 一致率0.0 % Cell(5,0): 一致率0.0 % Cell(6,0): 一致率0.0 % Cell(7,0): 一致率0.0 % Cell(0,1): 一致率0.0 % Cell(1,1): 一致率0.0 % Cell(2,1): 一致率0.0 % Cell(3,1): 一致率0.0 % Cell(4,1): 一致率0.0 % Cell(5,1): 一致率0.0 % Cell(6,1): 一致率0.0 % Cell(7,1): 一致率0.0 % Cell(0,2): 一致率0.0 % Cell(1,2): 一致率0.0 % Cell(2,2): 一致率0.0 % Cell(3,2): 一致率0.0 % Cell(4,2): 一致率0.0 % Cell(5,2): 一致率0.0 % Cell(6,2): 一致率0.0 % Cell(7,2): 一致率0.0 % Cell(0,3): 一致率0.0 % Cell(1,3): 一致率0.0 % Cell(2,3): 一致率0.0 % Cell(3,3): 一致率0.0 % Cell(4,3): 一致率0.0 % Cell(5,3): 一致率0.0 % Cell(6,3): 一致率0.0 % Cell(7,3): 一致率0.0 % Cell(0,4): 一致率0.0 % Cell(1,4): 一致率0.0 % Cell(2,4): 一致率0.0 % Cell(3,4): 一致率0.0 % Cell(4,4): 一致率0.0 % Cell(5,4): 一致率0.0 % Cell(6,4): 一致率0.0 % Cell(7,4): 一致率0.0 % Cell(0,5): 一致率0.0 % Cell(1,5): 一致率0.0 % Cell(2,5): 一致率0.0 % Cell(3,5): 一致率0.0 % Cell(4,5): 一致率0.0 % Cell(5,5): 一致率0.0 % Cell(6,5): 一致率0.0 % Cell(7,5): 一致率0.0 % Cell(0,6): 一致率0.0 % Cell(1,6): 一致率0.0 % Cell(2,6): 一致率0.0 % Cell(3,6): 一致率0.0 % Cell(4,6): 一致率0.0 % Cell(5,6): 一致率0.0 % Cell(6,6): 一致率0.0 % Cell(7,6): 一致率0.0 % "
Stage349,Hex,35,35,あり,なし,0.0 %,"Cell(0,0): 一致率0.0 % Cell(1,0): 一致率0.0 % Cell(2,0): 一致率0.0 % Cell(3,0): 一致率0.0 % Cell(4,0): 一致率0.0 % Cell(0,1): 一致率0.0 % Cell(1,1): 一致率0.0 % Cell(2,1): 一致率0.0 % Cell(3,1): 一致率0.0 % Cell(4,1): 一致率0.0 % Cell(0,2): 一致率0.0 % Cell(1,2): 一致率0.0 % Cell(2,2): 一致率0.0 % Cell(3,2): 一致率0.0 % Cell(4,2): 一致率0.0 % Cell(0,3): 一致率0.0 % Cell(1,3): 一致率0.0 % Cell(2,3): 一致率0.0 % Cell(3,3): 一致率0.0 % Cell(4,3): 一致率0.0 % Cell(0,4): 一致率0.0 % Cell(1,4): 一致率0.0 % Cell(2,4): 一致率0.0 % Cell(3,4): 一致率0.0 % Cell(4,4): 一致率0.0 % Cell(0,5): 一致率0.0 % Cell(1,5): 一致率0.0 % Cell(2,5): 一致率0.0 % Cell(3,5): 一致率0.0 % Cell(4,5): 一致率0.0 % Cell(0,6): 一致率0.0 % Cell(1,6): 一致率0.0 % Cell(2,6): 一致率0.0 % Cell(3,6): 一致率0.0 % Cell(4,6): 一致率0.0 % "
Stage350,Hex,35,35,あり,なし,0.0 %,"Cell(0,0): 一致率0.0 % Cell(1,0): 一致率0.0 % Cell(2,0): 一致率0.0 % Cell(3,0): 一致率0.0 % Cell(4,0): 一致率0.0 % Cell(0,1): 一致率0.0 % Cell(1,1): 一致率0.0 % Cell(2,1): 一致率0.0 % Cell(3,1): 一致率0.0 % Cell(4,1): 一致率0.0 % Cell(0,2): 一致率0.0 % Cell(1,2): 一致率0.0 % Cell(2,2): 一致率0.0 % Cell(3,2): 一致率0.0 % Cell(4,2): 一致率0.0 % Cell(0,3): 一致率0.0 % Cell(1,3): 一致率0.0 % Cell(2,3): 一致率0.0 % Cell(3,3): 一致率0.0 % Cell(4,3): 一致率0.0 % Cell(0,4): 一致率0.0 % Cell(1,4): 一致率0.0 % Cell(2,4): 一致率0.0 % Cell(3,4): 一致率0.0 % Cell(4,4): 一致率0.0 % Cell(0,5): 一致率0.0 % Cell(1,5): 一致率0.0 % Cell(2,5): 一致率0.0 % Cell(3,5): 一致率0.0 % Cell(4,5): 一致率0.0 % Cell(0,6): 一致率0.0 % Cell(1,6): 一致率0.0 % Cell(2,6): 一致率0.0 % Cell(3,6): 一致率0.0 % Cell(4,6): 一致率0.0 % "
Stage351,Hex,56,56,あり,なし,0.0 %,"Cell(0,0): 一致率0.0 % Cell(1,0): 一致率0.0 % Cell(2,0): 一致率0.0 % Cell(3,0): 一致率0.0 % Cell(4,0): 一致率0.0 % Cell(5,0): 一致率0.0 % Cell(6,0): 一致率0.0 % Cell(0,1): 一致率0.0 % Cell(1,1): 一致率0.0 % Cell(2,1): 一致率0.0 % Cell(3,1): 一致率0.0 % Cell(4,1): 一致率0.0 % Cell(5,1): 一致率0.0 % Cell(6,1): 一致率0.0 % Cell(0,2): 一致率0.0 % Cell(1,2): 一致率0.0 % Cell(2,2): 一致率0.0 % Cell(3,2): 一致率0.0 % Cell(4,2): 一致率0.0 % Cell(5,2): 一致率0.0 % Cell(6,2): 一致率0.0 % Cell(0,3): 一致率0.0 % Cell(1,3): 一致率0.0 % Cell(2,3): 一致率0.0 % Cell(3,3): 一致率0.0 % Cell(4,3): 一致率0.0 % Cell(5,3): 一致率0.0 % Cell(6,3): 一致率0.0 % Cell(0,4): 一致率0.0 % Cell(1,4): 一致率0.0 % Cell(2,4): 一致率0.0 % Cell(3,4): 一致率0.0 % Cell(4,4): 一致率0.0 % Cell(5,4): 一致率0.0 % Cell(6,4): 一致率0.0 % Cell(0,5): 一致率0.0 % Cell(1,5): 一致率0.0 % Cell(2,5): 一致率0.0 % Cell(3,5): 一致率0.0 % Cell(4,5): 一致率0.0 % Cell(5,5): 一致率0.0 % Cell(6,5): 一致率0.0 % Cell(0,6): 一致率0.0 % Cell(1,6): 一致率0.0 % Cell(2,6): 一致率0.0 % Cell(3,6): 一致率0.0 % Cell(4,6): 一致率0.0 % Cell(5,6): 一致率0.0 % Cell(6,6): 一致率0.0 % Cell(0,7): 一致率0.0 % Cell(1,7): 一致率0.0 % Cell(2,7): 一致率0.0 % Cell(3,7): 一致率0.0 % Cell(4,7): 一致率0.0 % Cell(5,7): 一致率0.0 % Cell(6,7): 一致率0.0 % "
Stage352,Square,35,35,あり,なし,0.0 %,"Cell(0,0): 一致率0.0 % Cell(1,0): 一致率0.0 % Cell(2,0): 一致率0.0 % Cell(3,0): 一致率0.0 % Cell(4,0): 一致率0.0 % Cell(0,1): 一致率0.0 % Cell(1,1): 一致率0.0 % Cell(2,1): 一致率0.0 % Cell(3,1): 一致率0.0 % Cell(4,1): 一致率0.0 % Cell(0,2): 一致率0.0 % Cell(1,2): 一致率0.0 % Cell(2,2): 一致率0.0 % Cell(3,2): 一致率0.0 % Cell(4,2): 一致率0.0 % Cell(0,3): 一致率0.0 % Cell(1,3): 一致率0.0 % Cell(2,3): 一致率0.0 % Cell(3,3): 一致率0.0 % Cell(4,3): 一致率0.0 % Cell(0,4): 一致率0.0 % Cell(1,4): 一致率0.0 % Cell(2,4): 一致率0.0 % Cell(3,4): 一致率0.0 % Cell(4,4): 一致率0.0 % Cell(0,5): 一致率0.0 % Cell(1,5): 一致率0.0 % Cell(2,5): 一致率0.0 % Cell(3,5): 一致率0.0 % Cell(4,5): 一致率0.0 % Cell(0,6): 一致率0.0 % Cell(1,6): 一致率0.0 % Cell(2,6): 一致率0.0 % Cell(3,6): 一致率0.0 % Cell(4,6): 一致率0.0 % "
Stage353,Square,35,35,あり,なし,0.0 %,"Cell(0,0): 一致率0.0 % Cell(1,0): 一致率0.0 % Cell(2,0): 一致率0.0 % Cell(3,0): 一致率0.0 % Cell(4,0): 一致率0.0 % Cell(0,1): 一致率0.0 % Cell(1,1): 一致率0.0 % Cell(2,1): 一致率0.0 % Cell(3,1): 一致率0.0 % Cell(4,1): 一致率0.0 % Cell(0,2): 一致率0.0 % Cell(1,2): 一致率0.0 % Cell(2,2): 一致率0.0 % Cell(3,2): 一致率0.0 % Cell(4,2): 一致率0.0 % Cell(0,3): 一致率0.0 % Cell(1,3): 一致率0.0 % Cell(2,3): 一致率0.0 % Cell(3,3): 一致率0.0 % Cell(4,3): 一致率0.0 % Cell(0,4): 一致率0.0 % Cell(1,4): 一致率0.0 % Cell(2,4): 一致率0.0 % Cell(3,4): 一致率0.0 % Cell(4,4): 一致率0.0 % Cell(0,5): 一致率0.0 % Cell(1,5): 一致率0.0 % Cell(2,5): 一致率0.0 % Cell(3,5): 一致率0.0 % Cell(4,5): 一致率0.0 % Cell(0,6): 一致率0.0 % Cell(1,6): 一致率0.0 % Cell(2,6): 一致率0.0 % Cell(3,6): 一致率0.0 % Cell(4,6): 一致率0.0 % "
Stage354,Square,56,0,なし,なし,100.0 %,"Texture取得失敗/読取不可: 56セル "
Stage355,Triangle,36,0,なし,なし,100.0 %,"Texture取得失敗/読取不可: 36セル "
Stage356,Triangle,36,36,あり,なし,0.0 %,"Cell(0,0): 一致率0.7 % Cell(1,0): 一致率0.6 % Cell(2,0): 一致率4.5 % Cell(3,0): 一致率2.1 % Cell(4,0): 一致率6.3 % Cell(5,0): 一致率0.0 % Cell(0,1): 一致率0.0 % Cell(1,1): 一致率0.3 % Cell(2,1): 一致率0.2 % Cell(3,1): 一致率0.2 % Cell(4,1): 一致率1.9 % Cell(5,1): 一致率0.0 % Cell(0,2): 一致率0.0 % Cell(1,2): 一致率0.8 % Cell(2,2): 一致率0.1 % Cell(3,2): 一致率0.2 % Cell(4,2): 一致率0.0 % Cell(5,2): 一致率0.0 % Cell(0,3): 一致率0.0 % Cell(1,3): 一致率0.3 % Cell(2,3): 一致率0.2 % Cell(3,3): 一致率0.0 % Cell(4,3): 一致率0.0 % Cell(5,3): 一致率0.0 % Cell(0,4): 一致率0.1 % Cell(1,4): 一致率0.1 % Cell(2,4): 一致率0.0 % Cell(3,4): 一致率0.0 % Cell(4,4): 一致率13.4 % Cell(5,4): 一致率0.0 % Cell(0,5): 一致率0.0 % Cell(1,5): 一致率2.1 % Cell(2,5): 一致率0.8 % Cell(3,5): 一致率15.1 % Cell(4,5): 一致率12.0 % Cell(5,5): 一致率0.0 % "
Stage357,Triangle,56,56,あり,なし,0.0 %,"Cell(0,0): 一致率0.0 % Cell(1,0): 一致率0.0 % Cell(2,0): 一致率0.0 % Cell(3,0): 一致率0.0 % Cell(4,0): 一致率0.0 % Cell(5,0): 一致率0.0 % Cell(6,0): 一致率0.0 % Cell(7,0): 一致率0.0 % Cell(0,1): 一致率0.0 % Cell(1,1): 一致率0.0 % Cell(2,1): 一致率0.0 % Cell(3,1): 一致率0.0 % Cell(4,1): 一致率0.0 % Cell(5,1): 一致率0.0 % Cell(6,1): 一致率0.0 % Cell(7,1): 一致率0.0 % Cell(0,2): 一致率0.0 % Cell(1,2): 一致率0.0 % Cell(2,2): 一致率0.0 % Cell(3,2): 一致率0.0 % Cell(4,2): 一致率0.0 % Cell(5,2): 一致率0.0 % Cell(6,2): 一致率0.0 % Cell(7,2): 一致率0.0 % Cell(0,3): 一致率0.0 % Cell(1,3): 一致率0.0 % Cell(2,3): 一致率0.0 % Cell(3,3): 一致率0.0 % Cell(4,3): 一致率0.0 % Cell(5,3): 一致率0.0 % Cell(6,3): 一致率0.0 % Cell(7,3): 一致率0.0 % Cell(0,4): 一致率0.0 % Cell(1,4): 一致率0.0 % Cell(2,4): 一致率0.0 % Cell(3,4): 一致率0.0 % Cell(4,4): 一致率0.0 % Cell(5,4): 一致率0.0 % Cell(6,4): 一致率0.0 % Cell(7,4): 一致率0.0 % Cell(0,5): 一致率0.0 % Cell(1,5): 一致率0.0 % Cell(2,5): 一致率0.0 % Cell(3,5): 一致率0.0 % Cell(4,5): 一致率0.0 % Cell(5,5): 一致率0.0 % Cell(6,5): 一致率0.0 % Cell(7,5): 一致率0.0 % Cell(0,6): 一致率0.0 % Cell(1,6): 一致率0.0 % Cell(2,6): 一致率0.0 % Cell(3,6): 一致率0.0 % Cell(4,6): 一致率0.0 % Cell(5,6): 一致率0.0 % Cell(6,6): 一致率0.0 % Cell(7,6): 一致率0.0 % "
Stage358,Hex,20,20,あり,なし,0.0 %,"Cell(0,0): 一致率0.0 % Cell(1,0): 一致率0.0 % Cell(2,0): 一致率0.0 % Cell(3,0): 一致率0.0 % Cell(0,1): 一致率0.0 % Cell(1,1): 一致率0.0 % Cell(2,1): 一致率0.0 % Cell(3,1): 一致率0.0 % Cell(0,2): 一致率0.0 % Cell(1,2): 一致率0.0 % Cell(2,2): 一致率0.0 % Cell(3,2): 一致率0.0 % Cell(0,3): 一致率0.0 % Cell(1,3): 一致率0.0 % Cell(2,3): 一致率0.0 % Cell(3,3): 一致率0.0 % Cell(0,4): 一致率0.0 % Cell(1,4): 一致率0.0 % Cell(2,4): 一致率0.0 % Cell(3,4): 一致率0.0 % "
Stage359,Hex,35,35,あり,なし,0.0 %,"Cell(0,0): 一致率0.0 % Cell(1,0): 一致率0.0 % Cell(2,0): 一致率0.0 % Cell(3,0): 一致率0.0 % Cell(4,0): 一致率0.0 % Cell(0,1): 一致率0.0 % Cell(1,1): 一致率0.0 % Cell(2,1): 一致率0.0 % Cell(3,1): 一致率0.0 % Cell(4,1): 一致率0.0 % Cell(0,2): 一致率0.0 % Cell(1,2): 一致率0.0 % Cell(2,2): 一致率0.0 % Cell(3,2): 一致率0.0 % Cell(4,2): 一致率0.0 % Cell(0,3): 一致率0.0 % Cell(1,3): 一致率0.0 % Cell(2,3): 一致率0.0 % Cell(3,3): 一致率0.0 % Cell(4,3): 一致率0.0 % Cell(0,4): 一致率0.0 % Cell(1,4): 一致率0.0 % Cell(2,4): 一致率0.0 % Cell(3,4): 一致率0.0 % Cell(4,4): 一致率0.0 % Cell(0,5): 一致率0.0 % Cell(1,5): 一致率0.0 % Cell(2,5): 一致率0.0 % Cell(3,5): 一致率0.0 % Cell(4,5): 一致率0.0 % Cell(0,6): 一致率0.0 % Cell(1,6): 一致率0.0 % Cell(2,6): 一致率0.0 % Cell(3,6): 一致率0.0 % Cell(4,6): 一致率0.0 % "
Stage360,Hex,48,0,なし,なし,100.0 %,"Texture取得失敗/読取不可: 48セル "
Stage361,Square,35,35,あり,なし,0.0 %,"Cell(0,0): 一致率0.0 % Cell(1,0): 一致率0.0 % Cell(2,0): 一致率0.0 % Cell(3,0): 一致率0.0 % Cell(4,0): 一致率0.0 % Cell(0,1): 一致率0.0 % Cell(1,1): 一致率0.0 % Cell(2,1): 一致率0.0 % Cell(3,1): 一致率0.0 % Cell(4,1): 一致率0.0 % Cell(0,2): 一致率0.0 % Cell(1,2): 一致率0.0 % Cell(2,2): 一致率0.0 % Cell(3,2): 一致率0.0 % Cell(4,2): 一致率0.0 % Cell(0,3): 一致率0.0 % Cell(1,3): 一致率0.0 % Cell(2,3): 一致率0.0 % Cell(3,3): 一致率0.0 % Cell(4,3): 一致率0.0 % Cell(0,4): 一致率0.0 % Cell(1,4): 一致率0.0 % Cell(2,4): 一致率0.0 % Cell(3,4): 一致率0.0 % Cell(4,4): 一致率0.0 % Cell(0,5): 一致率0.0 % Cell(1,5): 一致率0.0 % Cell(2,5): 一致率0.0 % Cell(3,5): 一致率0.0 % Cell(4,5): 一致率0.0 % Cell(0,6): 一致率0.0 % Cell(1,6): 一致率0.0 % Cell(2,6): 一致率0.0 % Cell(3,6): 一致率0.0 % Cell(4,6): 一致率0.0 % "
Stage362,Square,35,35,あり,なし,0.0 %,"Cell(0,0): 一致率0.0 % Cell(1,0): 一致率0.0 % Cell(2,0): 一致率0.0 % Cell(3,0): 一致率0.0 % Cell(4,0): 一致率0.0 % Cell(0,1): 一致率0.0 % Cell(1,1): 一致率0.0 % Cell(2,1): 一致率0.0 % Cell(3,1): 一致率0.0 % Cell(4,1): 一致率0.0 % Cell(0,2): 一致率0.0 % Cell(1,2): 一致率0.0 % Cell(2,2): 一致率0.0 % Cell(3,2): 一致率0.0 % Cell(4,2): 一致率0.0 % Cell(0,3): 一致率0.0 % Cell(1,3): 一致率0.0 % Cell(2,3): 一致率0.0 % Cell(3,3): 一致率0.0 % Cell(4,3): 一致率0.0 % Cell(0,4): 一致率0.0 % Cell(1,4): 一致率0.0 % Cell(2,4): 一致率0.0 % Cell(3,4): 一致率0.0 % Cell(4,4): 一致率0.0 % Cell(0,5): 一致率0.0 % Cell(1,5): 一致率0.0 % Cell(2,5): 一致率0.0 % Cell(3,5): 一致率0.0 % Cell(4,5): 一致率0.0 % Cell(0,6): 一致率0.0 % Cell(1,6): 一致率0.0 % Cell(2,6): 一致率0.0 % Cell(3,6): 一致率0.0 % Cell(4,6): 一致率0.0 % "
Stage363,Square,56,56,あり,なし,0.0 %,"Cell(0,0): 一致率0.0 % Cell(1,0): 一致率0.0 % Cell(2,0): 一致率0.0 % Cell(3,0): 一致率0.0 % Cell(4,0): 一致率0.0 % Cell(5,0): 一致率0.0 % Cell(6,0): 一致率0.0 % Cell(0,1): 一致率0.0 % Cell(1,1): 一致率0.0 % Cell(2,1): 一致率0.0 % Cell(3,1): 一致率0.0 % Cell(4,1): 一致率0.0 % Cell(5,1): 一致率0.0 % Cell(6,1): 一致率0.0 % Cell(0,2): 一致率0.0 % Cell(1,2): 一致率0.0 % Cell(2,2): 一致率0.0 % Cell(3,2): 一致率0.0 % Cell(4,2): 一致率0.0 % Cell(5,2): 一致率0.0 % Cell(6,2): 一致率0.0 % Cell(0,3): 一致率0.0 % Cell(1,3): 一致率0.0 % Cell(2,3): 一致率0.0 % Cell(3,3): 一致率0.0 % Cell(4,3): 一致率0.0 % Cell(5,3): 一致率0.0 % Cell(6,3): 一致率0.0 % Cell(0,4): 一致率0.0 % Cell(1,4): 一致率0.0 % Cell(2,4): 一致率0.0 % Cell(3,4): 一致率0.0 % Cell(4,4): 一致率0.0 % Cell(5,4): 一致率0.0 % Cell(6,4): 一致率0.0 % Cell(0,5): 一致率0.0 % Cell(1,5): 一致率0.0 % Cell(2,5): 一致率0.0 % Cell(3,5): 一致率0.0 % Cell(4,5): 一致率0.0 % Cell(5,5): 一致率0.0 % Cell(6,5): 一致率0.0 % Cell(0,6): 一致率0.0 % Cell(1,6): 一致率0.0 % Cell(2,6): 一致率0.0 % Cell(3,6): 一致率0.0 % Cell(4,6): 一致率0.0 % Cell(5,6): 一致率0.0 % Cell(6,6): 一致率0.0 % Cell(0,7): 一致率0.0 % Cell(1,7): 一致率0.0 % Cell(2,7): 一致率0.0 % Cell(3,7): 一致率0.0 % Cell(4,7): 一致率0.0 % Cell(5,7): 一致率0.0 % Cell(6,7): 一致率0.0 % "
Stage364,Triangle,36,36,あり,なし,0.0 %,"Cell(0,0): 一致率1.2 % Cell(1,0): 一致率0.5 % Cell(2,0): 一致率0.0 % Cell(3,0): 一致率0.2 % Cell(4,0): 一致率0.1 % Cell(5,0): 一致率0.0 % Cell(0,1): 一致率0.5 % Cell(1,1): 一致率0.0 % Cell(2,1): 一致率0.1 % Cell(3,1): 一致率0.0 % Cell(4,1): 一致率0.1 % Cell(5,1): 一致率0.0 % Cell(0,2): 一致率0.1 % Cell(1,2): 一致率0.0 % Cell(2,2): 一致率0.0 % Cell(3,2): 一致率0.2 % Cell(4,2): 一致率0.0 % Cell(5,2): 一致率0.0 % Cell(0,3): 一致率0.1 % Cell(1,3): 一致率1.1 % Cell(2,3): 一致率0.1 % Cell(3,3): 一致率2.6 % Cell(4,3): 一致率0.5 % Cell(5,3): 一致率0.0 % Cell(0,4): 一致率1.0 % Cell(1,4): 一致率1.3 % Cell(2,4): 一致率0.8 % Cell(3,4): 一致率1.3 % Cell(4,4): 一致率0.8 % Cell(5,4): 一致率0.0 % Cell(0,5): 一致率1.3 % Cell(1,5): 一致率0.2 % Cell(2,5): 一致率0.9 % Cell(3,5): 一致率3.5 % Cell(4,5): 一致率0.6 % Cell(5,5): 一致率0.0 % "
Stage365,Triangle,36,36,あり,なし,0.0 %,"Cell(0,0): 一致率1.1 % Cell(1,0): 一致率0.1 % Cell(2,0): 一致率0.0 % Cell(3,0): 一致率0.1 % Cell(4,0): 一致率0.0 % Cell(5,0): 一致率0.0 % Cell(0,1): 一致率0.1 % Cell(1,1): 一致率0.5 % Cell(2,1): 一致率0.3 % Cell(3,1): 一致率1.5 % Cell(4,1): 一致率1.0 % Cell(5,1): 一致率0.0 % Cell(0,2): 一致率0.4 % Cell(1,2): 一致率1.3 % Cell(2,2): 一致率1.7 % Cell(3,2): 一致率3.1 % Cell(4,2): 一致率0.3 % Cell(5,2): 一致率0.0 % Cell(0,3): 一致率0.0 % Cell(1,3): 一致率0.7 % Cell(2,3): 一致率1.0 % Cell(3,3): 一致率0.5 % Cell(4,3): 一致率0.3 % Cell(5,3): 一致率0.0 % Cell(0,4): 一致率0.1 % Cell(1,4): 一致率0.9 % Cell(2,4): 一致率0.1 % Cell(3,4): 一致率0.6 % Cell(4,4): 一致率0.2 % Cell(5,4): 一致率0.0 % Cell(0,5): 一致率0.0 % Cell(1,5): 一致率0.2 % Cell(2,5): 一致率0.6 % Cell(3,5): 一致率0.3 % Cell(4,5): 一致率0.2 % Cell(5,5): 一致率0.0 % "
Stage366,Triangle,56,56,あり,なし,0.0 %,"Cell(0,0): 一致率0.0 % Cell(1,0): 一致率0.0 % Cell(2,0): 一致率0.0 % Cell(3,0): 一致率0.0 % Cell(4,0): 一致率0.0 % Cell(5,0): 一致率0.0 % Cell(6,0): 一致率0.0 % Cell(7,0): 一致率0.0 % Cell(0,1): 一致率0.0 % Cell(1,1): 一致率0.0 % Cell(2,1): 一致率0.0 % Cell(3,1): 一致率0.0 % Cell(4,1): 一致率0.0 % Cell(5,1): 一致率0.0 % Cell(6,1): 一致率0.0 % Cell(7,1): 一致率0.0 % Cell(0,2): 一致率0.0 % Cell(1,2): 一致率0.0 % Cell(2,2): 一致率0.0 % Cell(3,2): 一致率0.0 % Cell(4,2): 一致率0.0 % Cell(5,2): 一致率0.0 % Cell(6,2): 一致率0.0 % Cell(7,2): 一致率0.0 % Cell(0,3): 一致率0.0 % Cell(1,3): 一致率0.0 % Cell(2,3): 一致率0.0 % Cell(3,3): 一致率0.0 % Cell(4,3): 一致率0.0 % Cell(5,3): 一致率0.0 % Cell(6,3): 一致率0.0 % Cell(7,3): 一致率0.0 % Cell(0,4): 一致率0.0 % Cell(1,4): 一致率0.0 % Cell(2,4): 一致率0.0 % Cell(3,4): 一致率0.0 % Cell(4,4): 一致率0.0 % Cell(5,4): 一致率0.0 % Cell(6,4): 一致率0.0 % Cell(7,4): 一致率0.0 % Cell(0,5): 一致率0.0 % Cell(1,5): 一致率0.0 % Cell(2,5): 一致率0.0 % Cell(3,5): 一致率0.0 % Cell(4,5): 一致率0.0 % Cell(5,5): 一致率0.0 % Cell(6,5): 一致率0.0 % Cell(7,5): 一致率0.0 % Cell(0,6): 一致率0.0 % Cell(1,6): 一致率0.0 % Cell(2,6): 一致率0.0 % Cell(3,6): 一致率0.0 % Cell(4,6): 一致率0.0 % Cell(5,6): 一致率0.0 % Cell(6,6): 一致率0.0 % Cell(7,6): 一致率0.0 % "
Stage367,Hex,35,35,あり,なし,0.0 %,"Cell(0,0): 一致率0.0 % Cell(1,0): 一致率0.0 % Cell(2,0): 一致率0.0 % Cell(3,0): 一致率0.0 % Cell(4,0): 一致率0.0 % Cell(0,1): 一致率0.0 % Cell(1,1): 一致率0.0 % Cell(2,1): 一致率0.0 % Cell(3,1): 一致率0.0 % Cell(4,1): 一致率0.0 % Cell(0,2): 一致率0.0 % Cell(1,2): 一致率0.0 % Cell(2,2): 一致率0.0 % Cell(3,2): 一致率0.0 % Cell(4,2): 一致率0.0 % Cell(0,3): 一致率0.0 % Cell(1,3): 一致率0.0 % Cell(2,3): 一致率0.0 % Cell(3,3): 一致率0.0 % Cell(4,3): 一致率0.0 % Cell(0,4): 一致率0.0 % Cell(1,4): 一致率0.0 % Cell(2,4): 一致率0.0 % Cell(3,4): 一致率0.0 % Cell(4,4): 一致率0.0 % Cell(0,5): 一致率0.0 % Cell(1,5): 一致率0.0 % Cell(2,5): 一致率0.0 % Cell(3,5): 一致率0.0 % Cell(4,5): 一致率0.0 % Cell(0,6): 一致率0.0 % Cell(1,6): 一致率0.0 % Cell(2,6): 一致率0.0 % Cell(3,6): 一致率0.0 % Cell(4,6): 一致率0.0 % "
Stage368,Hex,35,35,あり,なし,0.0 %,"Cell(0,0): 一致率0.0 % Cell(1,0): 一致率0.0 % Cell(2,0): 一致率0.0 % Cell(3,0): 一致率0.0 % Cell(4,0): 一致率0.0 % Cell(0,1): 一致率0.0 % Cell(1,1): 一致率0.0 % Cell(2,1): 一致率0.0 % Cell(3,1): 一致率0.0 % Cell(4,1): 一致率0.0 % Cell(0,2): 一致率0.0 % Cell(1,2): 一致率0.0 % Cell(2,2): 一致率0.0 % Cell(3,2): 一致率0.0 % Cell(4,2): 一致率0.0 % Cell(0,3): 一致率0.0 % Cell(1,3): 一致率0.0 % Cell(2,3): 一致率0.0 % Cell(3,3): 一致率0.0 % Cell(4,3): 一致率0.0 % Cell(0,4): 一致率0.0 % Cell(1,4): 一致率0.0 % Cell(2,4): 一致率0.0 % Cell(3,4): 一致率0.0 % Cell(4,4): 一致率0.0 % Cell(0,5): 一致率0.0 % Cell(1,5): 一致率0.0 % Cell(2,5): 一致率0.0 % Cell(3,5): 一致率0.0 % Cell(4,5): 一致率0.0 % Cell(0,6): 一致率0.0 % Cell(1,6): 一致率0.0 % Cell(2,6): 一致率0.0 % Cell(3,6): 一致率0.0 % Cell(4,6): 一致率0.0 % "
Stage369,Hex,56,56,あり,なし,0.0 %,"Cell(0,0): 一致率0.0 % Cell(1,0): 一致率0.0 % Cell(2,0): 一致率0.0 % Cell(3,0): 一致率0.0 % Cell(4,0): 一致率0.0 % Cell(5,0): 一致率0.0 % Cell(6,0): 一致率0.0 % Cell(0,1): 一致率0.0 % Cell(1,1): 一致率0.0 % Cell(2,1): 一致率0.0 % Cell(3,1): 一致率0.0 % Cell(4,1): 一致率0.0 % Cell(5,1): 一致率0.0 % Cell(6,1): 一致率0.0 % Cell(0,2): 一致率0.0 % Cell(1,2): 一致率0.0 % Cell(2,2): 一致率0.0 % Cell(3,2): 一致率0.0 % Cell(4,2): 一致率0.0 % Cell(5,2): 一致率0.0 % Cell(6,2): 一致率0.0 % Cell(0,3): 一致率0.0 % Cell(1,3): 一致率0.0 % Cell(2,3): 一致率0.0 % Cell(3,3): 一致率0.0 % Cell(4,3): 一致率0.0 % Cell(5,3): 一致率0.0 % Cell(6,3): 一致率0.0 % Cell(0,4): 一致率0.0 % Cell(1,4): 一致率0.0 % Cell(2,4): 一致率0.0 % Cell(3,4): 一致率0.0 % Cell(4,4): 一致率0.0 % Cell(5,4): 一致率0.0 % Cell(6,4): 一致率0.0 % Cell(0,5): 一致率0.0 % Cell(1,5): 一致率0.0 % Cell(2,5): 一致率0.0 % Cell(3,5): 一致率0.0 % Cell(4,5): 一致率0.0 % Cell(5,5): 一致率0.0 % Cell(6,5): 一致率0.0 % Cell(0,6): 一致率0.0 % Cell(1,6): 一致率0.0 % Cell(2,6): 一致率0.0 % Cell(3,6): 一致率0.0 % Cell(4,6): 一致率0.0 % Cell(5,6): 一致率0.0 % Cell(6,6): 一致率0.0 % Cell(0,7): 一致率0.0 % Cell(1,7): 一致率0.0 % Cell(2,7): 一致率0.0 % Cell(3,7): 一致率0.0 % Cell(4,7): 一致率0.0 % Cell(5,7): 一致率0.0 % Cell(6,7): 一致率0.0 % "
Stage370,Square,20,20,あり,なし,0.0 %,"Cell(0,0): 一致率0.0 % Cell(1,0): 一致率0.0 % Cell(2,0): 一致率0.0 % Cell(3,0): 一致率0.0 % Cell(0,1): 一致率0.0 % Cell(1,1): 一致率0.0 % Cell(2,1): 一致率0.0 % Cell(3,1): 一致率0.0 % Cell(0,2): 一致率0.0 % Cell(1,2): 一致率0.0 % Cell(2,2): 一致率0.0 % Cell(3,2): 一致率0.0 % Cell(0,3): 一致率0.0 % Cell(1,3): 一致率0.0 % Cell(2,3): 一致率0.0 % Cell(3,3): 一致率0.0 % Cell(0,4): 一致率0.0 % Cell(1,4): 一致率0.0 % Cell(2,4): 一致率0.0 % Cell(3,4): 一致率0.0 % "
Stage371,Square,35,35,あり,なし,0.0 %,"Cell(0,0): 一致率0.0 % Cell(1,0): 一致率0.0 % Cell(2,0): 一致率0.0 % Cell(3,0): 一致率0.0 % Cell(4,0): 一致率0.0 % Cell(0,1): 一致率0.0 % Cell(1,1): 一致率0.0 % Cell(2,1): 一致率0.0 % Cell(3,1): 一致率0.0 % Cell(4,1): 一致率0.0 % Cell(0,2): 一致率0.0 % Cell(1,2): 一致率0.0 % Cell(2,2): 一致率0.0 % Cell(3,2): 一致率0.0 % Cell(4,2): 一致率0.0 % Cell(0,3): 一致率0.0 % Cell(1,3): 一致率0.0 % Cell(2,3): 一致率0.0 % Cell(3,3): 一致率0.0 % Cell(4,3): 一致率0.0 % Cell(0,4): 一致率0.0 % Cell(1,4): 一致率0.0 % Cell(2,4): 一致率0.0 % Cell(3,4): 一致率0.0 % Cell(4,4): 一致率0.0 % Cell(0,5): 一致率0.0 % Cell(1,5): 一致率0.0 % Cell(2,5): 一致率0.0 % Cell(3,5): 一致率0.0 % Cell(4,5): 一致率0.0 % Cell(0,6): 一致率0.0 % Cell(1,6): 一致率0.0 % Cell(2,6): 一致率0.0 % Cell(3,6): 一致率0.0 % Cell(4,6): 一致率0.0 % "
Stage372,Square,56,56,あり,なし,0.0 %,"Cell(0,0): 一致率0.0 % Cell(1,0): 一致率0.0 % Cell(2,0): 一致率0.0 % Cell(3,0): 一致率0.0 % Cell(4,0): 一致率0.0 % Cell(5,0): 一致率0.0 % Cell(6,0): 一致率0.0 % Cell(0,1): 一致率0.0 % Cell(1,1): 一致率0.0 % Cell(2,1): 一致率0.0 % Cell(3,1): 一致率0.0 % Cell(4,1): 一致率0.0 % Cell(5,1): 一致率0.0 % Cell(6,1): 一致率0.0 % Cell(0,2): 一致率0.0 % Cell(1,2): 一致率0.0 % Cell(2,2): 一致率0.0 % Cell(3,2): 一致率0.0 % Cell(4,2): 一致率0.0 % Cell(5,2): 一致率0.0 % Cell(6,2): 一致率0.0 % Cell(0,3): 一致率0.0 % Cell(1,3): 一致率0.0 % Cell(2,3): 一致率0.0 % Cell(3,3): 一致率0.0 % Cell(4,3): 一致率0.0 % Cell(5,3): 一致率0.0 % Cell(6,3): 一致率0.0 % Cell(0,4): 一致率0.0 % Cell(1,4): 一致率0.0 % Cell(2,4): 一致率0.0 % Cell(3,4): 一致率0.0 % Cell(4,4): 一致率0.0 % Cell(5,4): 一致率0.0 % Cell(6,4): 一致率0.0 % Cell(0,5): 一致率0.0 % Cell(1,5): 一致率0.0 % Cell(2,5): 一致率0.0 % Cell(3,5): 一致率0.0 % Cell(4,5): 一致率0.0 % Cell(5,5): 一致率0.0 % Cell(6,5): 一致率0.0 % Cell(0,6): 一致率0.0 % Cell(1,6): 一致率0.0 % Cell(2,6): 一致率0.0 % Cell(3,6): 一致率0.0 % Cell(4,6): 一致率0.0 % Cell(5,6): 一致率0.0 % Cell(6,6): 一致率0.0 % Cell(0,7): 一致率0.0 % Cell(1,7): 一致率0.0 % Cell(2,7): 一致率0.0 % Cell(3,7): 一致率0.0 % Cell(4,7): 一致率0.0 % Cell(5,7): 一致率0.0 % Cell(6,7): 一致率0.0 % "
Stage373,Triangle,36,36,あり,なし,0.0 %,"Cell(0,0): 一致率1.1 % Cell(1,0): 一致率0.0 % Cell(2,0): 一致率0.2 % Cell(3,0): 一致率0.1 % Cell(4,0): 一致率0.4 % Cell(5,0): 一致率0.0 % Cell(0,1): 一致率0.3 % Cell(1,1): 一致率0.4 % Cell(2,1): 一致率0.3 % Cell(3,1): 一致率0.2 % Cell(4,1): 一致率0.0 % Cell(5,1): 一致率0.0 % Cell(0,2): 一致率0.0 % Cell(1,2): 一致率0.0 % Cell(2,2): 一致率0.3 % Cell(3,2): 一致率0.0 % Cell(4,2): 一致率0.1 % Cell(5,2): 一致率0.0 % Cell(0,3): 一致率0.0 % Cell(1,3): 一致率0.0 % Cell(2,3): 一致率0.1 % Cell(3,3): 一致率0.0 % Cell(4,3): 一致率0.0 % Cell(5,3): 一致率0.0 % Cell(0,4): 一致率0.3 % Cell(1,4): 一致率0.1 % Cell(2,4): 一致率0.1 % Cell(3,4): 一致率0.0 % Cell(4,4): 一致率0.0 % Cell(5,4): 一致率0.0 % Cell(0,5): 一致率0.0 % Cell(1,5): 一致率1.1 % Cell(2,5): 一致率0.3 % Cell(3,5): 一致率0.5 % Cell(4,5): 一致率0.1 % Cell(5,5): 一致率0.0 % "
Stage374,Triangle,36,36,あり,なし,2.9 %,"Cell(0,0): 一致率16.2 % Cell(1,0): 一致率17.9 % Cell(2,0): 一致率18.3 % Cell(3,0): 一致率17.9 % Cell(4,0): 一致率14.0 % Cell(5,0): 一致率13.1 % Cell(0,1): 一致率21.8 % Cell(1,1): 一致率19.9 % Cell(2,1): 一致率17.2 % Cell(3,1): 一致率19.6 % Cell(4,1): 一致率22.5 % Cell(5,1): 一致率24.9 % Cell(0,2): 一致率16.2 % Cell(1,2): 一致率20.6 % Cell(2,2): 一致率13.0 % Cell(3,2): 一致率19.6 % Cell(4,2): 一致率32.1 % Cell(5,2): 一致率31.7 % Cell(0,3): 一致率21.2 % Cell(1,3): 一致率20.1 % Cell(2,3): 一致率20.0 % Cell(3,3): 一致率11.0 % Cell(4,3): 一致率19.8 % Cell(5,3): 一致率23.7 % Cell(0,4): 一致率13.6 % Cell(1,4): 一致率19.1 % Cell(2,4): 一致率11.4 % Cell(3,4): 一致率4.1 % Cell(4,4): 一致率2.9 % Cell(5,4): 一致率17.2 % Cell(0,5): 一致率8.8 % Cell(1,5): 一致率8.8 % Cell(2,5): 一致率7.6 % Cell(3,5): 一致率8.2 % Cell(4,5): 一致率7.2 % Cell(5,5): 一致率27.6 % "
Stage375,Triangle,56,56,あり,なし,0.0 %,"Cell(0,0): 一致率0.0 % Cell(1,0): 一致率0.0 % Cell(2,0): 一致率0.0 % Cell(3,0): 一致率0.0 % Cell(4,0): 一致率0.0 % Cell(5,0): 一致率0.0 % Cell(6,0): 一致率0.0 % Cell(7,0): 一致率0.0 % Cell(0,1): 一致率0.0 % Cell(1,1): 一致率0.0 % Cell(2,1): 一致率0.0 % Cell(3,1): 一致率0.0 % Cell(4,1): 一致率0.0 % Cell(5,1): 一致率0.0 % Cell(6,1): 一致率0.0 % Cell(7,1): 一致率0.0 % Cell(0,2): 一致率0.0 % Cell(1,2): 一致率0.0 % Cell(2,2): 一致率0.0 % Cell(3,2): 一致率0.0 % Cell(4,2): 一致率0.0 % Cell(5,2): 一致率0.0 % Cell(6,2): 一致率0.0 % Cell(7,2): 一致率0.0 % Cell(0,3): 一致率0.0 % Cell(1,3): 一致率0.0 % Cell(2,3): 一致率0.0 % Cell(3,3): 一致率0.0 % Cell(4,3): 一致率0.0 % Cell(5,3): 一致率0.0 % Cell(6,3): 一致率0.0 % Cell(7,3): 一致率0.0 % Cell(0,4): 一致率0.0 % Cell(1,4): 一致率0.0 % Cell(2,4): 一致率0.0 % Cell(3,4): 一致率0.0 % Cell(4,4): 一致率0.0 % Cell(5,4): 一致率0.0 % Cell(6,4): 一致率0.0 % Cell(7,4): 一致率0.0 % Cell(0,5): 一致率0.0 % Cell(1,5): 一致率0.0 % Cell(2,5): 一致率0.0 % Cell(3,5): 一致率0.0 % Cell(4,5): 一致率0.0 % Cell(5,5): 一致率0.0 % Cell(6,5): 一致率0.0 % Cell(7,5): 一致率0.0 % Cell(0,6): 一致率0.0 % Cell(1,6): 一致率0.0 % Cell(2,6): 一致率0.0 % Cell(3,6): 一致率0.0 % Cell(4,6): 一致率0.0 % Cell(5,6): 一致率0.0 % Cell(6,6): 一致率0.0 % Cell(7,6): 一致率0.0 % "
Stage376,Hex,20,20,あり,なし,0.0 %,"Cell(0,0): 一致率0.0 % Cell(1,0): 一致率0.0 % Cell(2,0): 一致率0.0 % Cell(3,0): 一致率0.0 % Cell(0,1): 一致率0.0 % Cell(1,1): 一致率0.0 % Cell(2,1): 一致率0.0 % Cell(3,1): 一致率0.0 % Cell(0,2): 一致率0.0 % Cell(1,2): 一致率0.0 % Cell(2,2): 一致率0.0 % Cell(3,2): 一致率0.0 % Cell(0,3): 一致率0.0 % Cell(1,3): 一致率0.0 % Cell(2,3): 一致率0.0 % Cell(3,3): 一致率0.0 % Cell(0,4): 一致率0.0 % Cell(1,4): 一致率0.0 % Cell(2,4): 一致率0.0 % Cell(3,4): 一致率0.0 % "
Stage377,Hex,35,35,あり,なし,0.0 %,"Cell(0,0): 一致率0.0 % Cell(1,0): 一致率0.0 % Cell(2,0): 一致率0.0 % Cell(3,0): 一致率0.0 % Cell(4,0): 一致率0.0 % Cell(0,1): 一致率0.0 % Cell(1,1): 一致率0.0 % Cell(2,1): 一致率0.0 % Cell(3,1): 一致率0.0 % Cell(4,1): 一致率0.0 % Cell(0,2): 一致率0.0 % Cell(1,2): 一致率0.0 % Cell(2,2): 一致率0.0 % Cell(3,2): 一致率0.0 % Cell(4,2): 一致率0.0 % Cell(0,3): 一致率0.0 % Cell(1,3): 一致率0.0 % Cell(2,3): 一致率0.0 % Cell(3,3): 一致率0.0 % Cell(4,3): 一致率0.0 % Cell(0,4): 一致率0.0 % Cell(1,4): 一致率0.0 % Cell(2,4): 一致率0.0 % Cell(3,4): 一致率0.0 % Cell(4,4): 一致率0.0 % Cell(0,5): 一致率0.0 % Cell(1,5): 一致率0.0 % Cell(2,5): 一致率0.0 % Cell(3,5): 一致率0.0 % Cell(4,5): 一致率0.0 % Cell(0,6): 一致率0.0 % Cell(1,6): 一致率0.0 % Cell(2,6): 一致率0.0 % Cell(3,6): 一致率0.0 % Cell(4,6): 一致率0.0 % "
Stage378,Hex,48,48,あり,なし,0.0 %,"Cell(0,0): 一致率0.0 % Cell(1,0): 一致率0.0 % Cell(2,0): 一致率0.0 % Cell(3,0): 一致率0.0 % Cell(4,0): 一致率0.0 % Cell(5,0): 一致率0.0 % Cell(0,1): 一致率0.0 % Cell(1,1): 一致率0.0 % Cell(2,1): 一致率0.0 % Cell(3,1): 一致率0.0 % Cell(4,1): 一致率0.0 % Cell(5,1): 一致率0.0 % Cell(0,2): 一致率0.0 % Cell(1,2): 一致率0.0 % Cell(2,2): 一致率0.0 % Cell(3,2): 一致率0.0 % Cell(4,2): 一致率0.0 % Cell(5,2): 一致率0.0 % Cell(0,3): 一致率0.0 % Cell(1,3): 一致率0.0 % Cell(2,3): 一致率0.0 % Cell(3,3): 一致率0.0 % Cell(4,3): 一致率0.0 % Cell(5,3): 一致率0.0 % Cell(0,4): 一致率0.0 % Cell(1,4): 一致率0.0 % Cell(2,4): 一致率0.0 % Cell(3,4): 一致率0.0 % Cell(4,4): 一致率0.0 % Cell(5,4): 一致率0.0 % Cell(0,5): 一致率0.0 % Cell(1,5): 一致率0.0 % Cell(2,5): 一致率0.0 % Cell(3,5): 一致率0.0 % Cell(4,5): 一致率0.0 % Cell(5,5): 一致率0.0 % Cell(0,6): 一致率0.0 % Cell(1,6): 一致率0.0 % Cell(2,6): 一致率0.0 % Cell(3,6): 一致率0.0 % Cell(4,6): 一致率0.0 % Cell(5,6): 一致率0.0 % Cell(0,7): 一致率0.0 % Cell(1,7): 一致率0.0 % Cell(2,7): 一致率0.0 % Cell(3,7): 一致率0.0 % Cell(4,7): 一致率0.0 % Cell(5,7): 一致率0.0 % "
Stage379,Square,35,35,あり,なし,0.0 %,"Cell(0,0): 一致率0.0 % Cell(1,0): 一致率0.0 % Cell(2,0): 一致率0.0 % Cell(3,0): 一致率0.0 % Cell(4,0): 一致率0.0 % Cell(0,1): 一致率0.0 % Cell(1,1): 一致率0.0 % Cell(2,1): 一致率0.0 % Cell(3,1): 一致率0.0 % Cell(4,1): 一致率0.0 % Cell(0,2): 一致率0.0 % Cell(1,2): 一致率0.0 % Cell(2,2): 一致率0.0 % Cell(3,2): 一致率0.0 % Cell(4,2): 一致率0.0 % Cell(0,3): 一致率0.0 % Cell(1,3): 一致率0.0 % Cell(2,3): 一致率0.0 % Cell(3,3): 一致率0.0 % Cell(4,3): 一致率0.0 % Cell(0,4): 一致率0.0 % Cell(1,4): 一致率0.0 % Cell(2,4): 一致率0.0 % Cell(3,4): 一致率0.0 % Cell(4,4): 一致率0.0 % Cell(0,5): 一致率0.0 % Cell(1,5): 一致率0.0 % Cell(2,5): 一致率0.0 % Cell(3,5): 一致率0.0 % Cell(4,5): 一致率0.0 % Cell(0,6): 一致率0.0 % Cell(1,6): 一致率0.0 % Cell(2,6): 一致率0.0 % Cell(3,6): 一致率0.0 % Cell(4,6): 一致率0.0 % "
Stage380,Square,35,35,あり,なし,0.0 %,"Cell(0,0): 一致率0.0 % Cell(1,0): 一致率0.0 % Cell(2,0): 一致率0.0 % Cell(3,0): 一致率0.0 % Cell(4,0): 一致率0.0 % Cell(0,1): 一致率0.0 % Cell(1,1): 一致率0.0 % Cell(2,1): 一致率0.0 % Cell(3,1): 一致率0.0 % Cell(4,1): 一致率0.0 % Cell(0,2): 一致率0.0 % Cell(1,2): 一致率0.0 % Cell(2,2): 一致率0.0 % Cell(3,2): 一致率0.0 % Cell(4,2): 一致率0.0 % Cell(0,3): 一致率0.0 % Cell(1,3): 一致率0.0 % Cell(2,3): 一致率0.0 % Cell(3,3): 一致率0.0 % Cell(4,3): 一致率0.0 % Cell(0,4): 一致率0.0 % Cell(1,4): 一致率0.0 % Cell(2,4): 一致率0.0 % Cell(3,4): 一致率0.0 % Cell(4,4): 一致率0.0 % Cell(0,5): 一致率0.0 % Cell(1,5): 一致率0.0 % Cell(2,5): 一致率0.0 % Cell(3,5): 一致率0.0 % Cell(4,5): 一致率0.0 % Cell(0,6): 一致率0.0 % Cell(1,6): 一致率0.0 % Cell(2,6): 一致率0.0 % Cell(3,6): 一致率0.0 % Cell(4,6): 一致率0.0 % "
Stage381,Square,48,48,あり,なし,0.0 %,"Cell(0,0): 一致率0.0 % Cell(1,0): 一致率0.0 % Cell(2,0): 一致率0.0 % Cell(3,0): 一致率0.0 % Cell(4,0): 一致率0.0 % Cell(5,0): 一致率0.0 % Cell(0,1): 一致率0.0 % Cell(1,1): 一致率0.0 % Cell(2,1): 一致率0.0 % Cell(3,1): 一致率0.0 % Cell(4,1): 一致率0.0 % Cell(5,1): 一致率0.0 % Cell(0,2): 一致率0.0 % Cell(1,2): 一致率0.0 % Cell(2,2): 一致率0.0 % Cell(3,2): 一致率0.0 % Cell(4,2): 一致率0.0 % Cell(5,2): 一致率0.0 % Cell(0,3): 一致率0.0 % Cell(1,3): 一致率0.0 % Cell(2,3): 一致率0.0 % Cell(3,3): 一致率0.0 % Cell(4,3): 一致率0.0 % Cell(5,3): 一致率0.0 % Cell(0,4): 一致率0.0 % Cell(1,4): 一致率0.0 % Cell(2,4): 一致率0.0 % Cell(3,4): 一致率0.0 % Cell(4,4): 一致率0.0 % Cell(5,4): 一致率0.0 % Cell(0,5): 一致率0.0 % Cell(1,5): 一致率0.0 % Cell(2,5): 一致率0.0 % Cell(3,5): 一致率0.0 % Cell(4,5): 一致率0.0 % Cell(5,5): 一致率0.0 % Cell(0,6): 一致率0.0 % Cell(1,6): 一致率0.0 % Cell(2,6): 一致率0.0 % Cell(3,6): 一致率0.0 % Cell(4,6): 一致率0.0 % Cell(5,6): 一致率0.0 % Cell(0,7): 一致率0.0 % Cell(1,7): 一致率0.0 % Cell(2,7): 一致率0.0 % Cell(3,7): 一致率0.0 % Cell(4,7): 一致率0.0 % Cell(5,7): 一致率0.0 % "
Stage382,Triangle,36,36,あり,なし,0.0 %,"Cell(0,0): 一致率0.0 % Cell(1,0): 一致率0.0 % Cell(2,0): 一致率0.0 % Cell(3,0): 一致率0.0 % Cell(4,0): 一致率0.0 % Cell(5,0): 一致率0.0 % Cell(0,1): 一致率0.0 % Cell(1,1): 一致率0.0 % Cell(2,1): 一致率0.0 % Cell(3,1): 一致率0.0 % Cell(4,1): 一致率0.0 % Cell(5,1): 一致率0.0 % Cell(0,2): 一致率0.0 % Cell(1,2): 一致率0.5 % Cell(2,2): 一致率0.1 % Cell(3,2): 一致率0.2 % Cell(4,2): 一致率0.1 % Cell(5,2): 一致率0.0 % Cell(0,3): 一致率0.0 % Cell(1,3): 一致率0.7 % Cell(2,3): 一致率0.3 % Cell(3,3): 一致率0.0 % Cell(4,3): 一致率0.2 % Cell(5,3): 一致率0.0 % Cell(0,4): 一致率0.3 % Cell(1,4): 一致率2.7 % Cell(2,4): 一致率0.8 % Cell(3,4): 一致率0.0 % Cell(4,4): 一致率1.1 % Cell(5,4): 一致率0.0 % Cell(0,5): 一致率0.5 % Cell(1,5): 一致率9.3 % Cell(2,5): 一致率13.9 % Cell(3,5): 一致率11.1 % Cell(4,5): 一致率2.2 % Cell(5,5): 一致率0.0 % "
Stage383,Triangle,36,36,あり,なし,0.0 %,"Cell(0,0): 一致率4.6 % Cell(1,0): 一致率1.8 % Cell(2,0): 一致率0.1 % Cell(3,0): 一致率0.2 % Cell(4,0): 一致率0.0 % Cell(5,0): 一致率0.0 % Cell(0,1): 一致率2.4 % Cell(1,1): 一致率1.0 % Cell(2,1): 一致率0.4 % Cell(3,1): 一致率0.1 % Cell(4,1): 一致率3.1 % Cell(5,1): 一致率0.0 % Cell(0,2): 一致率0.4 % Cell(1,2): 一致率2.3 % Cell(2,2): 一致率0.1 % Cell(3,2): 一致率2.0 % Cell(4,2): 一致率1.9 % Cell(5,2): 一致率0.0 % Cell(0,3): 一致率0.4 % Cell(1,3): 一致率1.2 % Cell(2,3): 一致率0.0 % Cell(3,3): 一致率0.4 % Cell(4,3): 一致率10.6 % Cell(5,3): 一致率0.0 % Cell(0,4): 一致率7.4 % Cell(1,4): 一致率1.4 % Cell(2,4): 一致率0.1 % Cell(3,4): 一致率1.3 % Cell(4,4): 一致率0.8 % Cell(5,4): 一致率0.0 % Cell(0,5): 一致率5.7 % Cell(1,5): 一致率13.7 % Cell(2,5): 一致率2.1 % Cell(3,5): 一致率4.4 % Cell(4,5): 一致率0.3 % Cell(5,5): 一致率0.0 % "
Stage384,Triangle,49,49,あり,なし,0.0 %,"Cell(0,0): 一致率0.2 % Cell(1,0): 一致率0.0 % Cell(2,0): 一致率0.0 % Cell(3,0): 一致率0.1 % Cell(4,0): 一致率0.6 % Cell(5,0): 一致率0.0 % Cell(6,0): 一致率0.0 % Cell(0,1): 一致率0.1 % Cell(1,1): 一致率2.7 % Cell(2,1): 一致率1.3 % Cell(3,1): 一致率0.5 % Cell(4,1): 一致率2.6 % Cell(5,1): 一致率0.0 % Cell(6,1): 一致率0.0 % Cell(0,2): 一致率0.1 % Cell(1,2): 一致率0.8 % Cell(2,2): 一致率1.5 % Cell(3,2): 一致率0.1 % Cell(4,2): 一致率0.1 % Cell(5,2): 一致率0.0 % Cell(6,2): 一致率0.0 % Cell(0,3): 一致率0.0 % Cell(1,3): 一致率0.0 % Cell(2,3): 一致率0.4 % Cell(3,3): 一致率0.1 % Cell(4,3): 一致率0.1 % Cell(5,3): 一致率0.0 % Cell(6,3): 一致率0.0 % Cell(0,4): 一致率1.1 % Cell(1,4): 一致率0.1 % Cell(2,4): 一致率0.0 % Cell(3,4): 一致率0.2 % Cell(4,4): 一致率0.2 % Cell(5,4): 一致率0.0 % Cell(6,4): 一致率0.0 % Cell(0,5): 一致率0.0 % Cell(1,5): 一致率1.0 % Cell(2,5): 一致率0.1 % Cell(3,5): 一致率0.0 % Cell(4,5): 一致率0.0 % Cell(5,5): 一致率0.0 % Cell(6,5): 一致率0.0 % Cell(0,6): 一致率0.0 % Cell(1,6): 一致率0.6 % Cell(2,6): 一致率0.3 % Cell(3,6): 一致率0.3 % Cell(4,6): 一致率0.2 % Cell(5,6): 一致率0.0 % Cell(6,6): 一致率0.0 % "
Stage385,Hex,35,35,あり,なし,0.0 %,"Cell(0,0): 一致率0.0 % Cell(1,0): 一致率0.0 % Cell(2,0): 一致率0.0 % Cell(3,0): 一致率0.0 % Cell(4,0): 一致率0.0 % Cell(0,1): 一致率0.0 % Cell(1,1): 一致率0.0 % Cell(2,1): 一致率0.0 % Cell(3,1): 一致率0.0 % Cell(4,1): 一致率0.0 % Cell(0,2): 一致率0.0 % Cell(1,2): 一致率0.0 % Cell(2,2): 一致率0.0 % Cell(3,2): 一致率0.0 % Cell(4,2): 一致率0.0 % Cell(0,3): 一致率0.0 % Cell(1,3): 一致率0.0 % Cell(2,3): 一致率0.0 % Cell(3,3): 一致率0.0 % Cell(4,3): 一致率0.0 % Cell(0,4): 一致率0.0 % Cell(1,4): 一致率0.0 % Cell(2,4): 一致率0.0 % Cell(3,4): 一致率0.0 % Cell(4,4): 一致率0.0 % Cell(0,5): 一致率0.0 % Cell(1,5): 一致率0.0 % Cell(2,5): 一致率0.0 % Cell(3,5): 一致率0.0 % Cell(4,5): 一致率0.0 % Cell(0,6): 一致率0.0 % Cell(1,6): 一致率0.0 % Cell(2,6): 一致率0.0 % Cell(3,6): 一致率0.0 % Cell(4,6): 一致率0.0 % "
Stage386,Hex,35,35,あり,なし,0.0 %,"Cell(0,0): 一致率0.0 % Cell(1,0): 一致率0.0 % Cell(2,0): 一致率0.0 % Cell(3,0): 一致率0.0 % Cell(4,0): 一致率0.0 % Cell(0,1): 一致率0.0 % Cell(1,1): 一致率0.0 % Cell(2,1): 一致率0.0 % Cell(3,1): 一致率0.0 % Cell(4,1): 一致率0.0 % Cell(0,2): 一致率0.0 % Cell(1,2): 一致率0.0 % Cell(2,2): 一致率0.0 % Cell(3,2): 一致率0.0 % Cell(4,2): 一致率0.0 % Cell(0,3): 一致率0.0 % Cell(1,3): 一致率0.0 % Cell(2,3): 一致率0.0 % Cell(3,3): 一致率0.0 % Cell(4,3): 一致率0.0 % Cell(0,4): 一致率0.0 % Cell(1,4): 一致率0.0 % Cell(2,4): 一致率0.0 % Cell(3,4): 一致率0.0 % Cell(4,4): 一致率0.0 % Cell(0,5): 一致率0.0 % Cell(1,5): 一致率0.0 % Cell(2,5): 一致率0.0 % Cell(3,5): 一致率0.0 % Cell(4,5): 一致率0.0 % Cell(0,6): 一致率0.0 % Cell(1,6): 一致率0.0 % Cell(2,6): 一致率0.0 % Cell(3,6): 一致率0.0 % Cell(4,6): 一致率0.0 % "
Stage387,Hex,56,56,あり,なし,0.0 %,"Cell(0,0): 一致率0.0 % Cell(1,0): 一致率0.0 % Cell(2,0): 一致率0.0 % Cell(3,0): 一致率0.0 % Cell(4,0): 一致率0.0 % Cell(5,0): 一致率0.0 % Cell(6,0): 一致率0.0 % Cell(0,1): 一致率0.0 % Cell(1,1): 一致率0.0 % Cell(2,1): 一致率0.0 % Cell(3,1): 一致率0.0 % Cell(4,1): 一致率0.0 % Cell(5,1): 一致率0.0 % Cell(6,1): 一致率0.0 % Cell(0,2): 一致率0.0 % Cell(1,2): 一致率0.0 % Cell(2,2): 一致率0.0 % Cell(3,2): 一致率0.0 % Cell(4,2): 一致率0.0 % Cell(5,2): 一致率0.0 % Cell(6,2): 一致率0.0 % Cell(0,3): 一致率0.0 % Cell(1,3): 一致率0.0 % Cell(2,3): 一致率0.0 % Cell(3,3): 一致率0.0 % Cell(4,3): 一致率0.0 % Cell(5,3): 一致率0.0 % Cell(6,3): 一致率0.0 % Cell(0,4): 一致率0.0 % Cell(1,4): 一致率0.0 % Cell(2,4): 一致率0.0 % Cell(3,4): 一致率0.0 % Cell(4,4): 一致率0.0 % Cell(5,4): 一致率0.0 % Cell(6,4): 一致率0.0 % Cell(0,5): 一致率0.0 % Cell(1,5): 一致率0.0 % Cell(2,5): 一致率0.0 % Cell(3,5): 一致率0.0 % Cell(4,5): 一致率0.0 % Cell(5,5): 一致率0.0 % Cell(6,5): 一致率0.0 % Cell(0,6): 一致率0.0 % Cell(1,6): 一致率0.0 % Cell(2,6): 一致率0.0 % Cell(3,6): 一致率0.0 % Cell(4,6): 一致率0.0 % Cell(5,6): 一致率0.0 % Cell(6,6): 一致率0.0 % Cell(0,7): 一致率0.0 % Cell(1,7): 一致率0.0 % Cell(2,7): 一致率0.0 % Cell(3,7): 一致率0.0 % Cell(4,7): 一致率0.0 % Cell(5,7): 一致率0.0 % Cell(6,7): 一致率0.0 % "
Stage388,Square,35,35,あり,なし,0.0 %,"Cell(0,0): 一致率0.0 % Cell(1,0): 一致率0.0 % Cell(2,0): 一致率0.0 % Cell(3,0): 一致率0.0 % Cell(4,0): 一致率0.0 % Cell(0,1): 一致率0.0 % Cell(1,1): 一致率0.0 % Cell(2,1): 一致率0.0 % Cell(3,1): 一致率0.0 % Cell(4,1): 一致率0.0 % Cell(0,2): 一致率0.0 % Cell(1,2): 一致率0.0 % Cell(2,2): 一致率0.0 % Cell(3,2): 一致率0.0 % Cell(4,2): 一致率0.0 % Cell(0,3): 一致率0.0 % Cell(1,3): 一致率0.0 % Cell(2,3): 一致率0.0 % Cell(3,3): 一致率0.0 % Cell(4,3): 一致率0.0 % Cell(0,4): 一致率0.0 % Cell(1,4): 一致率0.0 % Cell(2,4): 一致率0.0 % Cell(3,4): 一致率0.0 % Cell(4,4): 一致率0.0 % Cell(0,5): 一致率0.0 % Cell(1,5): 一致率0.0 % Cell(2,5): 一致率0.0 % Cell(3,5): 一致率0.0 % Cell(4,5): 一致率0.0 % Cell(0,6): 一致率0.0 % Cell(1,6): 一致率0.0 % Cell(2,6): 一致率0.0 % Cell(3,6): 一致率0.0 % Cell(4,6): 一致率0.0 % "
Stage389,Square,35,35,あり,なし,0.0 %,"Cell(0,0): 一致率0.0 % Cell(1,0): 一致率0.0 % Cell(2,0): 一致率0.0 % Cell(3,0): 一致率0.0 % Cell(4,0): 一致率0.0 % Cell(0,1): 一致率0.0 % Cell(1,1): 一致率0.0 % Cell(2,1): 一致率0.0 % Cell(3,1): 一致率0.0 % Cell(4,1): 一致率0.0 % Cell(0,2): 一致率0.0 % Cell(1,2): 一致率0.0 % Cell(2,2): 一致率0.0 % Cell(3,2): 一致率0.0 % Cell(4,2): 一致率0.0 % Cell(0,3): 一致率0.0 % Cell(1,3): 一致率0.0 % Cell(2,3): 一致率0.0 % Cell(3,3): 一致率0.0 % Cell(4,3): 一致率0.0 % Cell(0,4): 一致率0.0 % Cell(1,4): 一致率0.0 % Cell(2,4): 一致率0.0 % Cell(3,4): 一致率0.0 % Cell(4,4): 一致率0.0 % Cell(0,5): 一致率0.0 % Cell(1,5): 一致率0.0 % Cell(2,5): 一致率0.0 % Cell(3,5): 一致率0.0 % Cell(4,5): 一致率0.0 % Cell(0,6): 一致率0.0 % Cell(1,6): 一致率0.0 % Cell(2,6): 一致率0.0 % Cell(3,6): 一致率0.0 % Cell(4,6): 一致率0.0 % "
Stage390,Square,56,56,あり,なし,0.0 %,"Cell(0,0): 一致率0.0 % Cell(1,0): 一致率0.0 % Cell(2,0): 一致率0.0 % Cell(3,0): 一致率0.0 % Cell(4,0): 一致率0.0 % Cell(5,0): 一致率0.0 % Cell(6,0): 一致率0.0 % Cell(0,1): 一致率0.0 % Cell(1,1): 一致率0.0 % Cell(2,1): 一致率0.0 % Cell(3,1): 一致率0.0 % Cell(4,1): 一致率0.0 % Cell(5,1): 一致率0.0 % Cell(6,1): 一致率0.0 % Cell(0,2): 一致率0.0 % Cell(1,2): 一致率0.0 % Cell(2,2): 一致率0.0 % Cell(3,2): 一致率0.0 % Cell(4,2): 一致率0.0 % Cell(5,2): 一致率0.0 % Cell(6,2): 一致率0.0 % Cell(0,3): 一致率0.0 % Cell(1,3): 一致率0.0 % Cell(2,3): 一致率0.0 % Cell(3,3): 一致率0.0 % Cell(4,3): 一致率0.0 % Cell(5,3): 一致率0.0 % Cell(6,3): 一致率0.0 % Cell(0,4): 一致率0.0 % Cell(1,4): 一致率0.0 % Cell(2,4): 一致率0.0 % Cell(3,4): 一致率0.0 % Cell(4,4): 一致率0.0 % Cell(5,4): 一致率0.0 % Cell(6,4): 一致率0.0 % Cell(0,5): 一致率0.0 % Cell(1,5): 一致率0.0 % Cell(2,5): 一致率0.0 % Cell(3,5): 一致率0.0 % Cell(4,5): 一致率0.0 % Cell(5,5): 一致率0.0 % Cell(6,5): 一致率0.0 % Cell(0,6): 一致率0.0 % Cell(1,6): 一致率0.0 % Cell(2,6): 一致率0.0 % Cell(3,6): 一致率0.0 % Cell(4,6): 一致率0.0 % Cell(5,6): 一致率0.0 % Cell(6,6): 一致率0.0 % Cell(0,7): 一致率0.0 % Cell(1,7): 一致率0.0 % Cell(2,7): 一致率0.0 % Cell(3,7): 一致率0.0 % Cell(4,7): 一致率0.0 % Cell(5,7): 一致率0.0 % Cell(6,7): 一致率0.0 % "
Stage391,Triangle,20,20,あり,なし,0.0 %,"Cell(0,0): 一致率0.6 % Cell(1,0): 一致率0.6 % Cell(2,0): 一致率1.8 % Cell(3,0): 一致率0.0 % Cell(0,1): 一致率0.3 % Cell(1,1): 一致率0.5 % Cell(2,1): 一致率0.8 % Cell(3,1): 一致率0.0 % Cell(0,2): 一致率0.6 % Cell(1,2): 一致率0.5 % Cell(2,2): 一致率0.0 % Cell(3,2): 一致率0.0 % Cell(0,3): 一致率3.9 % Cell(1,3): 一致率0.0 % Cell(2,3): 一致率0.0 % Cell(3,3): 一致率0.0 % Cell(0,4): 一致率0.2 % Cell(1,4): 一致率0.0 % Cell(2,4): 一致率3.8 % Cell(3,4): 一致率0.0 % "
Stage392,Triangle,36,0,なし,なし,100.0 %,"Texture取得失敗/読取不可: 36セル "
Stage393,Triangle,49,49,あり,なし,0.0 %,"Cell(0,0): 一致率0.0 % Cell(1,0): 一致率0.1 % Cell(2,0): 一致率0.0 % Cell(3,0): 一致率0.1 % Cell(4,0): 一致率0.1 % Cell(5,0): 一致率0.0 % Cell(6,0): 一致率0.0 % Cell(0,1): 一致率0.0 % Cell(1,1): 一致率0.6 % Cell(2,1): 一致率0.0 % Cell(3,1): 一致率0.0 % Cell(4,1): 一致率0.0 % Cell(5,1): 一致率0.0 % Cell(6,1): 一致率0.0 % Cell(0,2): 一致率0.0 % Cell(1,2): 一致率0.2 % Cell(2,2): 一致率0.4 % Cell(3,2): 一致率1.4 % Cell(4,2): 一致率0.0 % Cell(5,2): 一致率0.0 % Cell(6,2): 一致率0.0 % Cell(0,3): 一致率0.1 % Cell(1,3): 一致率0.0 % Cell(2,3): 一致率0.1 % Cell(3,3): 一致率0.2 % Cell(4,3): 一致率0.0 % Cell(5,3): 一致率0.0 % Cell(6,3): 一致率0.0 % Cell(0,4): 一致率0.8 % Cell(1,4): 一致率0.3 % Cell(2,4): 一致率0.5 % Cell(3,4): 一致率0.2 % Cell(4,4): 一致率0.0 % Cell(5,4): 一致率0.0 % Cell(6,4): 一致率0.0 % Cell(0,5): 一致率0.8 % Cell(1,5): 一致率0.2 % Cell(2,5): 一致率0.2 % Cell(3,5): 一致率0.0 % Cell(4,5): 一致率0.1 % Cell(5,5): 一致率0.0 % Cell(6,5): 一致率0.0 % Cell(0,6): 一致率17.7 % Cell(1,6): 一致率1.4 % Cell(2,6): 一致率8.9 % Cell(3,6): 一致率0.0 % Cell(4,6): 一致率0.1 % Cell(5,6): 一致率0.0 % Cell(6,6): 一致率0.0 % "
Stage394,Hex,20,20,あり,なし,0.0 %,"Cell(0,0): 一致率0.0 % Cell(1,0): 一致率0.0 % Cell(2,0): 一致率0.0 % Cell(3,0): 一致率0.0 % Cell(0,1): 一致率0.0 % Cell(1,1): 一致率0.0 % Cell(2,1): 一致率0.0 % Cell(3,1): 一致率0.0 % Cell(0,2): 一致率0.0 % Cell(1,2): 一致率0.0 % Cell(2,2): 一致率0.0 % Cell(3,2): 一致率0.0 % Cell(0,3): 一致率0.0 % Cell(1,3): 一致率0.0 % Cell(2,3): 一致率0.0 % Cell(3,3): 一致率0.0 % Cell(0,4): 一致率0.0 % Cell(1,4): 一致率0.0 % Cell(2,4): 一致率0.0 % Cell(3,4): 一致率0.0 % "
Stage395,Hex,35,35,あり,なし,0.0 %,"Cell(0,0): 一致率0.0 % Cell(1,0): 一致率0.0 % Cell(2,0): 一致率0.0 % Cell(3,0): 一致率0.0 % Cell(4,0): 一致率0.0 % Cell(0,1): 一致率0.0 % Cell(1,1): 一致率0.0 % Cell(2,1): 一致率0.0 % Cell(3,1): 一致率0.0 % Cell(4,1): 一致率0.0 % Cell(0,2): 一致率0.0 % Cell(1,2): 一致率0.0 % Cell(2,2): 一致率0.0 % Cell(3,2): 一致率0.0 % Cell(4,2): 一致率0.0 % Cell(0,3): 一致率0.0 % Cell(1,3): 一致率0.0 % Cell(2,3): 一致率0.0 % Cell(3,3): 一致率0.0 % Cell(4,3): 一致率0.0 % Cell(0,4): 一致率0.0 % Cell(1,4): 一致率0.0 % Cell(2,4): 一致率0.0 % Cell(3,4): 一致率0.0 % Cell(4,4): 一致率0.0 % Cell(0,5): 一致率0.0 % Cell(1,5): 一致率0.0 % Cell(2,5): 一致率0.0 % Cell(3,5): 一致率0.0 % Cell(4,5): 一致率0.0 % Cell(0,6): 一致率0.0 % Cell(1,6): 一致率0.0 % Cell(2,6): 一致率0.0 % Cell(3,6): 一致率0.0 % Cell(4,6): 一致率0.0 % "
Stage396,Hex,56,56,あり,なし,0.0 %,"Cell(0,0): 一致率0.0 % Cell(1,0): 一致率0.0 % Cell(2,0): 一致率0.0 % Cell(3,0): 一致率0.0 % Cell(4,0): 一致率0.0 % Cell(5,0): 一致率0.0 % Cell(6,0): 一致率0.0 % Cell(0,1): 一致率0.0 % Cell(1,1): 一致率0.0 % Cell(2,1): 一致率0.0 % Cell(3,1): 一致率0.0 % Cell(4,1): 一致率0.0 % Cell(5,1): 一致率0.0 % Cell(6,1): 一致率0.0 % Cell(0,2): 一致率0.0 % Cell(1,2): 一致率0.0 % Cell(2,2): 一致率0.0 % Cell(3,2): 一致率0.0 % Cell(4,2): 一致率0.0 % Cell(5,2): 一致率0.0 % Cell(6,2): 一致率0.0 % Cell(0,3): 一致率0.0 % Cell(1,3): 一致率0.0 % Cell(2,3): 一致率0.0 % Cell(3,3): 一致率0.0 % Cell(4,3): 一致率0.0 % Cell(5,3): 一致率0.0 % Cell(6,3): 一致率0.0 % Cell(0,4): 一致率0.0 % Cell(1,4): 一致率0.0 % Cell(2,4): 一致率0.0 % Cell(3,4): 一致率0.0 % Cell(4,4): 一致率0.0 % Cell(5,4): 一致率0.0 % Cell(6,4): 一致率0.0 % Cell(0,5): 一致率0.0 % Cell(1,5): 一致率0.0 % Cell(2,5): 一致率0.0 % Cell(3,5): 一致率0.0 % Cell(4,5): 一致率0.0 % Cell(5,5): 一致率0.0 % Cell(6,5): 一致率0.0 % Cell(0,6): 一致率0.0 % Cell(1,6): 一致率0.0 % Cell(2,6): 一致率0.0 % Cell(3,6): 一致率0.0 % Cell(4,6): 一致率0.0 % Cell(5,6): 一致率0.0 % Cell(6,6): 一致率0.0 % Cell(0,7): 一致率0.0 % Cell(1,7): 一致率0.0 % Cell(2,7): 一致率0.0 % Cell(3,7): 一致率0.0 % Cell(4,7): 一致率0.0 % Cell(5,7): 一致率0.0 % Cell(6,7): 一致率0.0 % "
Stage397,Square,35,35,あり,なし,0.0 %,"Cell(0,0): 一致率0.0 % Cell(1,0): 一致率0.0 % Cell(2,0): 一致率0.0 % Cell(3,0): 一致率0.0 % Cell(4,0): 一致率0.0 % Cell(0,1): 一致率0.0 % Cell(1,1): 一致率0.0 % Cell(2,1): 一致率0.0 % Cell(3,1): 一致率0.0 % Cell(4,1): 一致率0.0 % Cell(0,2): 一致率0.0 % Cell(1,2): 一致率0.0 % Cell(2,2): 一致率0.0 % Cell(3,2): 一致率0.0 % Cell(4,2): 一致率0.0 % Cell(0,3): 一致率0.0 % Cell(1,3): 一致率0.0 % Cell(2,3): 一致率0.0 % Cell(3,3): 一致率0.0 % Cell(4,3): 一致率0.0 % Cell(0,4): 一致率0.0 % Cell(1,4): 一致率0.0 % Cell(2,4): 一致率0.0 % Cell(3,4): 一致率0.0 % Cell(4,4): 一致率0.0 % Cell(0,5): 一致率0.0 % Cell(1,5): 一致率0.0 % Cell(2,5): 一致率0.0 % Cell(3,5): 一致率0.0 % Cell(4,5): 一致率0.0 % Cell(0,6): 一致率0.0 % Cell(1,6): 一致率0.0 % Cell(2,6): 一致率0.0 % Cell(3,6): 一致率0.0 % Cell(4,6): 一致率0.0 % "
Stage398,Square,35,35,あり,なし,0.0 %,"Cell(0,0): 一致率0.0 % Cell(1,0): 一致率0.0 % Cell(2,0): 一致率0.0 % Cell(3,0): 一致率0.0 % Cell(4,0): 一致率0.0 % Cell(0,1): 一致率0.0 % Cell(1,1): 一致率0.0 % Cell(2,1): 一致率0.0 % Cell(3,1): 一致率0.0 % Cell(4,1): 一致率0.0 % Cell(0,2): 一致率0.0 % Cell(1,2): 一致率0.0 % Cell(2,2): 一致率0.0 % Cell(3,2): 一致率0.0 % Cell(4,2): 一致率0.0 % Cell(0,3): 一致率0.0 % Cell(1,3): 一致率0.0 % Cell(2,3): 一致率0.0 % Cell(3,3): 一致率0.0 % Cell(4,3): 一致率0.0 % Cell(0,4): 一致率0.0 % Cell(1,4): 一致率0.0 % Cell(2,4): 一致率0.0 % Cell(3,4): 一致率0.0 % Cell(4,4): 一致率0.0 % Cell(0,5): 一致率0.0 % Cell(1,5): 一致率0.0 % Cell(2,5): 一致率0.0 % Cell(3,5): 一致率0.0 % Cell(4,5): 一致率0.0 % Cell(0,6): 一致率0.0 % Cell(1,6): 一致率0.0 % Cell(2,6): 一致率0.0 % Cell(3,6): 一致率0.0 % Cell(4,6): 一致率0.0 % "
Stage399,Square,48,48,あり,なし,0.0 %,"Cell(0,0): 一致率0.0 % Cell(1,0): 一致率0.0 % Cell(2,0): 一致率0.0 % Cell(3,0): 一致率0.0 % Cell(4,0): 一致率0.0 % Cell(5,0): 一致率0.0 % Cell(0,1): 一致率0.0 % Cell(1,1): 一致率0.0 % Cell(2,1): 一致率0.0 % Cell(3,1): 一致率0.0 % Cell(4,1): 一致率0.0 % Cell(5,1): 一致率0.0 % Cell(0,2): 一致率0.0 % Cell(1,2): 一致率0.0 % Cell(2,2): 一致率0.0 % Cell(3,2): 一致率0.0 % Cell(4,2): 一致率0.0 % Cell(5,2): 一致率0.0 % Cell(0,3): 一致率0.0 % Cell(1,3): 一致率0.0 % Cell(2,3): 一致率0.0 % Cell(3,3): 一致率0.0 % Cell(4,3): 一致率0.0 % Cell(5,3): 一致率0.0 % Cell(0,4): 一致率0.0 % Cell(1,4): 一致率0.0 % Cell(2,4): 一致率0.0 % Cell(3,4): 一致率0.0 % Cell(4,4): 一致率0.0 % Cell(5,4): 一致率0.0 % Cell(0,5): 一致率0.0 % Cell(1,5): 一致率0.0 % Cell(2,5): 一致率0.0 % Cell(3,5): 一致率0.0 % Cell(4,5): 一致率0.0 % Cell(5,5): 一致率0.0 % Cell(0,6): 一致率0.0 % Cell(1,6): 一致率0.0 % Cell(2,6): 一致率0.0 % Cell(3,6): 一致率0.0 % Cell(4,6): 一致率0.0 % Cell(5,6): 一致率0.0 % Cell(0,7): 一致率0.0 % Cell(1,7): 一致率0.0 % Cell(2,7): 一致率0.0 % Cell(3,7): 一致率0.0 % Cell(4,7): 一致率0.0 % Cell(5,7): 一致率0.0 % "
Stage400,Triangle,36,36,あり,なし,0.0 %,"Cell(0,0): 一致率0.5 % Cell(1,0): 一致率0.1 % Cell(2,0): 一致率0.2 % Cell(3,0): 一致率0.0 % Cell(4,0): 一致率0.0 % Cell(5,0): 一致率0.0 % Cell(0,1): 一致率2.6 % Cell(1,1): 一致率0.8 % Cell(2,1): 一致率1.9 % Cell(3,1): 一致率0.3 % Cell(4,1): 一致率0.0 % Cell(5,1): 一致率0.0 % Cell(0,2): 一致率0.8 % Cell(1,2): 一致率1.0 % Cell(2,2): 一致率1.0 % Cell(3,2): 一致率0.1 % Cell(4,2): 一致率0.0 % Cell(5,2): 一致率0.0 % Cell(0,3): 一致率0.3 % Cell(1,3): 一致率2.0 % Cell(2,3): 一致率4.3 % Cell(3,3): 一致率16.4 % Cell(4,3): 一致率8.4 % Cell(5,3): 一致率0.0 % Cell(0,4): 一致率0.0 % Cell(1,4): 一致率1.1 % Cell(2,4): 一致率0.6 % Cell(3,4): 一致率13.2 % Cell(4,4): 一致率12.5 % Cell(5,4): 一致率0.0 % Cell(0,5): 一致率0.0 % Cell(1,5): 一致率0.4 % Cell(2,5): 一致率0.0 % Cell(3,5): 一致率8.0 % Cell(4,5): 一致率13.4 % Cell(5,5): 一致率0.0 % "
Stage401,Triangle,36,36,あり,なし,0.0 %,"Cell(0,0): 一致率0.2 % Cell(1,0): 一致率1.2 % Cell(2,0): 一致率1.7 % Cell(3,0): 一致率2.1 % Cell(4,0): 一致率0.5 % Cell(5,0): 一致率0.0 % Cell(0,1): 一致率0.4 % Cell(1,1): 一致率0.3 % Cell(2,1): 一致率0.0 % Cell(3,1): 一致率0.1 % Cell(4,1): 一致率0.5 % Cell(5,1): 一致率0.0 % Cell(0,2): 一致率0.0 % Cell(1,2): 一致率0.2 % Cell(2,2): 一致率0.4 % Cell(3,2): 一致率2.9 % Cell(4,2): 一致率0.1 % Cell(5,2): 一致率0.0 % Cell(0,3): 一致率0.6 % Cell(1,3): 一致率0.6 % Cell(2,3): 一致率0.5 % Cell(3,3): 一致率0.6 % Cell(4,3): 一致率0.1 % Cell(5,3): 一致率0.0 % Cell(0,4): 一致率0.2 % Cell(1,4): 一致率0.9 % Cell(2,4): 一致率0.7 % Cell(3,4): 一致率0.7 % Cell(4,4): 一致率0.0 % Cell(5,4): 一致率0.0 % Cell(0,5): 一致率0.2 % Cell(1,5): 一致率0.9 % Cell(2,5): 一致率3.0 % Cell(3,5): 一致率3.2 % Cell(4,5): 一致率1.5 % Cell(5,5): 一致率0.0 % "
Stage402,Triangle,49,49,あり,なし,0.0 %,"Cell(0,0): 一致率1.2 % Cell(1,0): 一致率1.9 % Cell(2,0): 一致率0.4 % Cell(3,0): 一致率9.2 % Cell(4,0): 一致率6.7 % Cell(5,0): 一致率0.0 % Cell(6,0): 一致率0.0 % Cell(0,1): 一致率0.6 % Cell(1,1): 一致率0.8 % Cell(2,1): 一致率2.3 % Cell(3,1): 一致率1.9 % Cell(4,1): 一致率0.3 % Cell(5,1): 一致率0.0 % Cell(6,1): 一致率0.0 % Cell(0,2): 一致率0.0 % Cell(1,2): 一致率1.3 % Cell(2,2): 一致率0.1 % Cell(3,2): 一致率0.0 % Cell(4,2): 一致率0.2 % Cell(5,2): 一致率0.0 % Cell(6,2): 一致率0.0 % Cell(0,3): 一致率0.0 % Cell(1,3): 一致率0.1 % Cell(2,3): 一致率2.3 % Cell(3,3): 一致率0.0 % Cell(4,3): 一致率4.1 % Cell(5,3): 一致率0.0 % Cell(6,3): 一致率0.0 % Cell(0,4): 一致率0.0 % Cell(1,4): 一致率0.0 % Cell(2,4): 一致率0.0 % Cell(3,4): 一致率0.0 % Cell(4,4): 一致率2.6 % Cell(5,4): 一致率0.0 % Cell(6,4): 一致率0.0 % Cell(0,5): 一致率0.1 % Cell(1,5): 一致率0.1 % Cell(2,5): 一致率0.2 % Cell(3,5): 一致率2.8 % Cell(4,5): 一致率1.7 % Cell(5,5): 一致率0.0 % Cell(6,5): 一致率0.0 % Cell(0,6): 一致率0.4 % Cell(1,6): 一致率0.2 % Cell(2,6): 一致率0.1 % Cell(3,6): 一致率3.5 % Cell(4,6): 一致率1.3 % Cell(5,6): 一致率0.0 % Cell(6,6): 一致率0.0 % "
Stage403,Hex,20,20,あり,なし,0.0 %,"Cell(0,0): 一致率0.0 % Cell(1,0): 一致率0.0 % Cell(2,0): 一致率0.0 % Cell(3,0): 一致率0.0 % Cell(0,1): 一致率0.0 % Cell(1,1): 一致率0.0 % Cell(2,1): 一致率0.0 % Cell(3,1): 一致率0.0 % Cell(0,2): 一致率0.0 % Cell(1,2): 一致率0.0 % Cell(2,2): 一致率0.0 % Cell(3,2): 一致率0.0 % Cell(0,3): 一致率0.0 % Cell(1,3): 一致率0.0 % Cell(2,3): 一致率0.0 % Cell(3,3): 一致率0.0 % Cell(0,4): 一致率0.0 % Cell(1,4): 一致率0.0 % Cell(2,4): 一致率0.0 % Cell(3,4): 一致率0.0 % "
Stage404,Hex,35,35,あり,なし,0.0 %,"Cell(0,0): 一致率0.0 % Cell(1,0): 一致率0.0 % Cell(2,0): 一致率0.0 % Cell(3,0): 一致率0.0 % Cell(4,0): 一致率0.0 % Cell(0,1): 一致率0.0 % Cell(1,1): 一致率0.0 % Cell(2,1): 一致率0.0 % Cell(3,1): 一致率0.0 % Cell(4,1): 一致率0.0 % Cell(0,2): 一致率0.0 % Cell(1,2): 一致率0.0 % Cell(2,2): 一致率0.0 % Cell(3,2): 一致率0.0 % Cell(4,2): 一致率0.0 % Cell(0,3): 一致率0.0 % Cell(1,3): 一致率0.0 % Cell(2,3): 一致率0.0 % Cell(3,3): 一致率0.0 % Cell(4,3): 一致率0.0 % Cell(0,4): 一致率0.0 % Cell(1,4): 一致率0.0 % Cell(2,4): 一致率0.0 % Cell(3,4): 一致率0.0 % Cell(4,4): 一致率0.0 % Cell(0,5): 一致率0.0 % Cell(1,5): 一致率0.0 % Cell(2,5): 一致率0.0 % Cell(3,5): 一致率0.0 % Cell(4,5): 一致率0.0 % Cell(0,6): 一致率0.0 % Cell(1,6): 一致率0.0 % Cell(2,6): 一致率0.0 % Cell(3,6): 一致率0.0 % Cell(4,6): 一致率0.0 % "
Stage405,Hex,48,48,あり,なし,0.0 %,"Cell(0,0): 一致率0.0 % Cell(1,0): 一致率0.0 % Cell(2,0): 一致率0.0 % Cell(3,0): 一致率0.0 % Cell(4,0): 一致率0.0 % Cell(5,0): 一致率0.0 % Cell(0,1): 一致率0.0 % Cell(1,1): 一致率0.0 % Cell(2,1): 一致率0.0 % Cell(3,1): 一致率0.0 % Cell(4,1): 一致率0.0 % Cell(5,1): 一致率0.0 % Cell(0,2): 一致率0.0 % Cell(1,2): 一致率0.0 % Cell(2,2): 一致率0.0 % Cell(3,2): 一致率0.0 % Cell(4,2): 一致率0.0 % Cell(5,2): 一致率0.0 % Cell(0,3): 一致率0.0 % Cell(1,3): 一致率0.0 % Cell(2,3): 一致率0.0 % Cell(3,3): 一致率0.0 % Cell(4,3): 一致率0.0 % Cell(5,3): 一致率0.0 % Cell(0,4): 一致率0.0 % Cell(1,4): 一致率0.0 % Cell(2,4): 一致率0.0 % Cell(3,4): 一致率0.0 % Cell(4,4): 一致率0.0 % Cell(5,4): 一致率0.0 % Cell(0,5): 一致率0.0 % Cell(1,5): 一致率0.0 % Cell(2,5): 一致率0.0 % Cell(3,5): 一致率0.0 % Cell(4,5): 一致率0.0 % Cell(5,5): 一致率0.0 % Cell(0,6): 一致率0.0 % Cell(1,6): 一致率0.0 % Cell(2,6): 一致率0.0 % Cell(3,6): 一致率0.0 % Cell(4,6): 一致率0.0 % Cell(5,6): 一致率0.0 % Cell(0,7): 一致率0.0 % Cell(1,7): 一致率0.0 % Cell(2,7): 一致率0.0 % Cell(3,7): 一致率0.0 % Cell(4,7): 一致率0.0 % Cell(5,7): 一致率0.0 % "
Stage406,Square,20,20,あり,なし,0.0 %,"Cell(0,0): 一致率0.0 % Cell(1,0): 一致率0.0 % Cell(2,0): 一致率0.0 % Cell(3,0): 一致率0.0 % Cell(0,1): 一致率0.0 % Cell(1,1): 一致率0.0 % Cell(2,1): 一致率0.0 % Cell(3,1): 一致率0.0 % Cell(0,2): 一致率0.0 % Cell(1,2): 一致率0.0 % Cell(2,2): 一致率0.0 % Cell(3,2): 一致率0.0 % Cell(0,3): 一致率0.0 % Cell(1,3): 一致率0.0 % Cell(2,3): 一致率0.0 % Cell(3,3): 一致率0.0 % Cell(0,4): 一致率0.0 % Cell(1,4): 一致率0.0 % Cell(2,4): 一致率0.0 % Cell(3,4): 一致率0.0 % "
Stage407,Square,35,35,あり,なし,0.0 %,"Cell(0,0): 一致率0.0 % Cell(1,0): 一致率0.0 % Cell(2,0): 一致率0.0 % Cell(3,0): 一致率0.0 % Cell(4,0): 一致率0.0 % Cell(0,1): 一致率0.0 % Cell(1,1): 一致率0.0 % Cell(2,1): 一致率0.0 % Cell(3,1): 一致率0.0 % Cell(4,1): 一致率0.0 % Cell(0,2): 一致率0.0 % Cell(1,2): 一致率0.0 % Cell(2,2): 一致率0.0 % Cell(3,2): 一致率0.0 % Cell(4,2): 一致率0.0 % Cell(0,3): 一致率0.0 % Cell(1,3): 一致率0.0 % Cell(2,3): 一致率0.0 % Cell(3,3): 一致率0.0 % Cell(4,3): 一致率0.0 % Cell(0,4): 一致率0.0 % Cell(1,4): 一致率0.0 % Cell(2,4): 一致率0.0 % Cell(3,4): 一致率0.0 % Cell(4,4): 一致率0.0 % Cell(0,5): 一致率0.0 % Cell(1,5): 一致率0.0 % Cell(2,5): 一致率0.0 % Cell(3,5): 一致率0.0 % Cell(4,5): 一致率0.0 % Cell(0,6): 一致率0.0 % Cell(1,6): 一致率0.0 % Cell(2,6): 一致率0.0 % Cell(3,6): 一致率0.0 % Cell(4,6): 一致率0.0 % "
Stage408,Square,48,48,あり,なし,0.0 %,"Cell(0,0): 一致率0.0 % Cell(1,0): 一致率0.0 % Cell(2,0): 一致率0.0 % Cell(3,0): 一致率0.0 % Cell(4,0): 一致率0.0 % Cell(5,0): 一致率0.0 % Cell(0,1): 一致率0.0 % Cell(1,1): 一致率0.0 % Cell(2,1): 一致率0.0 % Cell(3,1): 一致率0.0 % Cell(4,1): 一致率0.0 % Cell(5,1): 一致率0.0 % Cell(0,2): 一致率0.0 % Cell(1,2): 一致率0.0 % Cell(2,2): 一致率0.0 % Cell(3,2): 一致率0.0 % Cell(4,2): 一致率0.0 % Cell(5,2): 一致率0.0 % Cell(0,3): 一致率0.0 % Cell(1,3): 一致率0.0 % Cell(2,3): 一致率0.0 % Cell(3,3): 一致率0.0 % Cell(4,3): 一致率0.0 % Cell(5,3): 一致率0.0 % Cell(0,4): 一致率0.0 % Cell(1,4): 一致率0.0 % Cell(2,4): 一致率0.0 % Cell(3,4): 一致率0.0 % Cell(4,4): 一致率0.0 % Cell(5,4): 一致率0.0 % Cell(0,5): 一致率0.0 % Cell(1,5): 一致率0.0 % Cell(2,5): 一致率0.0 % Cell(3,5): 一致率0.0 % Cell(4,5): 一致率0.0 % Cell(5,5): 一致率0.0 % Cell(0,6): 一致率0.0 % Cell(1,6): 一致率0.0 % Cell(2,6): 一致率0.0 % Cell(3,6): 一致率0.0 % Cell(4,6): 一致率0.0 % Cell(5,6): 一致率0.0 % Cell(0,7): 一致率0.0 % Cell(1,7): 一致率0.0 % Cell(2,7): 一致率0.0 % Cell(3,7): 一致率0.0 % Cell(4,7): 一致率0.0 % Cell(5,7): 一致率0.0 % "
Stage409,Triangle,36,36,あり,なし,0.0 %,"Cell(0,0): 一致率0.1 % Cell(1,0): 一致率3.0 % Cell(2,0): 一致率0.0 % Cell(3,0): 一致率0.1 % Cell(4,0): 一致率0.1 % Cell(5,0): 一致率0.0 % Cell(0,1): 一致率0.7 % Cell(1,1): 一致率0.6 % Cell(2,1): 一致率0.0 % Cell(3,1): 一致率0.0 % Cell(4,1): 一致率0.0 % Cell(5,1): 一致率0.0 % Cell(0,2): 一致率0.0 % Cell(1,2): 一致率0.1 % Cell(2,2): 一致率0.0 % Cell(3,2): 一致率0.0 % Cell(4,2): 一致率0.0 % Cell(5,2): 一致率0.0 % Cell(0,3): 一致率0.2 % Cell(1,3): 一致率0.1 % Cell(2,3): 一致率0.1 % Cell(3,3): 一致率0.1 % Cell(4,3): 一致率0.0 % Cell(5,3): 一致率0.0 % Cell(0,4): 一致率0.1 % Cell(1,4): 一致率0.0 % Cell(2,4): 一致率0.0 % Cell(3,4): 一致率0.0 % Cell(4,4): 一致率0.0 % Cell(5,4): 一致率0.0 % Cell(0,5): 一致率1.7 % Cell(1,5): 一致率0.4 % Cell(2,5): 一致率0.4 % Cell(3,5): 一致率2.6 % Cell(4,5): 一致率0.7 % Cell(5,5): 一致率0.0 % "
Stage410,Triangle,36,36,あり,なし,0.0 %,"Cell(0,0): 一致率0.0 % Cell(1,0): 一致率0.1 % Cell(2,0): 一致率0.0 % Cell(3,0): 一致率0.0 % Cell(4,0): 一致率0.1 % Cell(5,0): 一致率0.0 % Cell(0,1): 一致率0.0 % Cell(1,1): 一致率0.0 % Cell(2,1): 一致率0.0 % Cell(3,1): 一致率0.5 % Cell(4,1): 一致率1.3 % Cell(5,1): 一致率0.0 % Cell(0,2): 一致率0.4 % Cell(1,2): 一致率0.0 % Cell(2,2): 一致率0.6 % Cell(3,2): 一致率0.1 % Cell(4,2): 一致率1.1 % Cell(5,2): 一致率0.0 % Cell(0,3): 一致率0.1 % Cell(1,3): 一致率0.4 % Cell(2,3): 一致率1.3 % Cell(3,3): 一致率0.5 % Cell(4,3): 一致率0.9 % Cell(5,3): 一致率0.0 % Cell(0,4): 一致率4.5 % Cell(1,4): 一致率0.9 % Cell(2,4): 一致率5.2 % Cell(3,4): 一致率2.3 % Cell(4,4): 一致率2.9 % Cell(5,4): 一致率0.0 % Cell(0,5): 一致率6.9 % Cell(1,5): 一致率9.6 % Cell(2,5): 一致率8.3 % Cell(3,5): 一致率6.8 % Cell(4,5): 一致率4.7 % Cell(5,5): 一致率0.0 % "
Stage411,Triangle,56,56,あり,なし,0.0 %,"Cell(0,0): 一致率0.0 % Cell(1,0): 一致率0.0 % Cell(2,0): 一致率0.0 % Cell(3,0): 一致率0.0 % Cell(4,0): 一致率0.0 % Cell(5,0): 一致率0.0 % Cell(6,0): 一致率0.0 % Cell(7,0): 一致率0.0 % Cell(0,1): 一致率0.0 % Cell(1,1): 一致率0.0 % Cell(2,1): 一致率0.0 % Cell(3,1): 一致率0.0 % Cell(4,1): 一致率0.0 % Cell(5,1): 一致率0.0 % Cell(6,1): 一致率0.0 % Cell(7,1): 一致率0.0 % Cell(0,2): 一致率0.0 % Cell(1,2): 一致率0.0 % Cell(2,2): 一致率0.0 % Cell(3,2): 一致率0.0 % Cell(4,2): 一致率0.0 % Cell(5,2): 一致率0.0 % Cell(6,2): 一致率0.0 % Cell(7,2): 一致率0.0 % Cell(0,3): 一致率0.0 % Cell(1,3): 一致率0.0 % Cell(2,3): 一致率0.0 % Cell(3,3): 一致率0.0 % Cell(4,3): 一致率0.0 % Cell(5,3): 一致率0.0 % Cell(6,3): 一致率0.0 % Cell(7,3): 一致率0.0 % Cell(0,4): 一致率0.0 % Cell(1,4): 一致率0.0 % Cell(2,4): 一致率0.0 % Cell(3,4): 一致率0.0 % Cell(4,4): 一致率0.0 % Cell(5,4): 一致率0.0 % Cell(6,4): 一致率0.0 % Cell(7,4): 一致率0.0 % Cell(0,5): 一致率0.0 % Cell(1,5): 一致率0.0 % Cell(2,5): 一致率0.0 % Cell(3,5): 一致率0.0 % Cell(4,5): 一致率0.0 % Cell(5,5): 一致率0.0 % Cell(6,5): 一致率0.0 % Cell(7,5): 一致率0.0 % Cell(0,6): 一致率0.0 % Cell(1,6): 一致率0.0 % Cell(2,6): 一致率0.0 % Cell(3,6): 一致率0.0 % Cell(4,6): 一致率0.0 % Cell(5,6): 一致率0.0 % Cell(6,6): 一致率0.0 % Cell(7,6): 一致率0.0 % "
Stage412,Hex,35,35,あり,なし,0.0 %,"Cell(0,0): 一致率0.0 % Cell(1,0): 一致率0.0 % Cell(2,0): 一致率0.0 % Cell(3,0): 一致率0.0 % Cell(4,0): 一致率0.0 % Cell(0,1): 一致率0.0 % Cell(1,1): 一致率0.0 % Cell(2,1): 一致率0.0 % Cell(3,1): 一致率0.0 % Cell(4,1): 一致率0.0 % Cell(0,2): 一致率0.0 % Cell(1,2): 一致率0.0 % Cell(2,2): 一致率0.0 % Cell(3,2): 一致率0.0 % Cell(4,2): 一致率0.0 % Cell(0,3): 一致率0.0 % Cell(1,3): 一致率0.0 % Cell(2,3): 一致率0.0 % Cell(3,3): 一致率0.0 % Cell(4,3): 一致率0.0 % Cell(0,4): 一致率0.0 % Cell(1,4): 一致率0.0 % Cell(2,4): 一致率0.0 % Cell(3,4): 一致率0.0 % Cell(4,4): 一致率0.0 % Cell(0,5): 一致率0.0 % Cell(1,5): 一致率0.0 % Cell(2,5): 一致率0.0 % Cell(3,5): 一致率0.0 % Cell(4,5): 一致率0.0 % Cell(0,6): 一致率0.0 % Cell(1,6): 一致率0.0 % Cell(2,6): 一致率0.0 % Cell(3,6): 一致率0.0 % Cell(4,6): 一致率0.0 % "
Stage413,Hex,35,35,あり,なし,0.0 %,"Cell(0,0): 一致率0.0 % Cell(1,0): 一致率0.0 % Cell(2,0): 一致率0.0 % Cell(3,0): 一致率0.0 % Cell(4,0): 一致率0.0 % Cell(0,1): 一致率0.0 % Cell(1,1): 一致率0.0 % Cell(2,1): 一致率0.0 % Cell(3,1): 一致率0.0 % Cell(4,1): 一致率0.0 % Cell(0,2): 一致率0.0 % Cell(1,2): 一致率0.0 % Cell(2,2): 一致率0.0 % Cell(3,2): 一致率0.0 % Cell(4,2): 一致率0.0 % Cell(0,3): 一致率0.0 % Cell(1,3): 一致率0.0 % Cell(2,3): 一致率0.0 % Cell(3,3): 一致率0.0 % Cell(4,3): 一致率0.0 % Cell(0,4): 一致率0.0 % Cell(1,4): 一致率0.0 % Cell(2,4): 一致率0.0 % Cell(3,4): 一致率0.0 % Cell(4,4): 一致率0.0 % Cell(0,5): 一致率0.0 % Cell(1,5): 一致率0.0 % Cell(2,5): 一致率0.0 % Cell(3,5): 一致率0.0 % Cell(4,5): 一致率0.0 % Cell(0,6): 一致率0.0 % Cell(1,6): 一致率0.0 % Cell(2,6): 一致率0.0 % Cell(3,6): 一致率0.0 % Cell(4,6): 一致率0.0 % "
Stage414,Hex,56,56,あり,なし,0.0 %,"Cell(0,0): 一致率0.0 % Cell(1,0): 一致率0.0 % Cell(2,0): 一致率0.0 % Cell(3,0): 一致率0.0 % Cell(4,0): 一致率0.0 % Cell(5,0): 一致率0.0 % Cell(6,0): 一致率0.0 % Cell(0,1): 一致率0.0 % Cell(1,1): 一致率0.0 % Cell(2,1): 一致率0.0 % Cell(3,1): 一致率0.0 % Cell(4,1): 一致率0.0 % Cell(5,1): 一致率0.0 % Cell(6,1): 一致率0.0 % Cell(0,2): 一致率0.0 % Cell(1,2): 一致率0.0 % Cell(2,2): 一致率0.0 % Cell(3,2): 一致率0.0 % Cell(4,2): 一致率0.0 % Cell(5,2): 一致率0.0 % Cell(6,2): 一致率0.0 % Cell(0,3): 一致率0.0 % Cell(1,3): 一致率0.0 % Cell(2,3): 一致率0.0 % Cell(3,3): 一致率0.0 % Cell(4,3): 一致率0.0 % Cell(5,3): 一致率0.0 % Cell(6,3): 一致率0.0 % Cell(0,4): 一致率0.0 % Cell(1,4): 一致率0.0 % Cell(2,4): 一致率0.0 % Cell(3,4): 一致率0.0 % Cell(4,4): 一致率0.0 % Cell(5,4): 一致率0.0 % Cell(6,4): 一致率0.0 % Cell(0,5): 一致率0.0 % Cell(1,5): 一致率0.0 % Cell(2,5): 一致率0.0 % Cell(3,5): 一致率0.0 % Cell(4,5): 一致率0.0 % Cell(5,5): 一致率0.0 % Cell(6,5): 一致率0.0 % Cell(0,6): 一致率0.0 % Cell(1,6): 一致率0.0 % Cell(2,6): 一致率0.0 % Cell(3,6): 一致率0.0 % Cell(4,6): 一致率0.0 % Cell(5,6): 一致率0.0 % Cell(6,6): 一致率0.0 % Cell(0,7): 一致率0.0 % Cell(1,7): 一致率0.0 % Cell(2,7): 一致率0.0 % Cell(3,7): 一致率0.0 % Cell(4,7): 一致率0.0 % Cell(5,7): 一致率0.0 % Cell(6,7): 一致率0.0 % "
Stage415,Square,35,35,あり,なし,0.0 %,"Cell(0,0): 一致率0.0 % Cell(1,0): 一致率0.0 % Cell(2,0): 一致率0.0 % Cell(3,0): 一致率0.0 % Cell(4,0): 一致率0.0 % Cell(0,1): 一致率0.0 % Cell(1,1): 一致率0.0 % Cell(2,1): 一致率0.0 % Cell(3,1): 一致率0.0 % Cell(4,1): 一致率0.0 % Cell(0,2): 一致率0.0 % Cell(1,2): 一致率0.0 % Cell(2,2): 一致率0.0 % Cell(3,2): 一致率0.0 % Cell(4,2): 一致率0.0 % Cell(0,3): 一致率0.0 % Cell(1,3): 一致率0.0 % Cell(2,3): 一致率0.0 % Cell(3,3): 一致率0.0 % Cell(4,3): 一致率0.0 % Cell(0,4): 一致率0.0 % Cell(1,4): 一致率0.0 % Cell(2,4): 一致率0.0 % Cell(3,4): 一致率0.0 % Cell(4,4): 一致率0.0 % Cell(0,5): 一致率0.0 % Cell(1,5): 一致率0.0 % Cell(2,5): 一致率0.0 % Cell(3,5): 一致率0.0 % Cell(4,5): 一致率0.0 % Cell(0,6): 一致率0.0 % Cell(1,6): 一致率0.0 % Cell(2,6): 一致率0.0 % Cell(3,6): 一致率0.0 % Cell(4,6): 一致率0.0 % "
Stage416,Square,35,35,あり,なし,0.0 %,"Cell(0,0): 一致率0.0 % Cell(1,0): 一致率0.0 % Cell(2,0): 一致率0.0 % Cell(3,0): 一致率0.0 % Cell(4,0): 一致率0.0 % Cell(0,1): 一致率0.0 % Cell(1,1): 一致率0.0 % Cell(2,1): 一致率0.0 % Cell(3,1): 一致率0.0 % Cell(4,1): 一致率0.0 % Cell(0,2): 一致率0.0 % Cell(1,2): 一致率0.0 % Cell(2,2): 一致率0.0 % Cell(3,2): 一致率0.0 % Cell(4,2): 一致率0.0 % Cell(0,3): 一致率0.0 % Cell(1,3): 一致率0.0 % Cell(2,3): 一致率0.0 % Cell(3,3): 一致率0.0 % Cell(4,3): 一致率0.0 % Cell(0,4): 一致率0.0 % Cell(1,4): 一致率0.0 % Cell(2,4): 一致率0.0 % Cell(3,4): 一致率0.0 % Cell(4,4): 一致率0.0 % Cell(0,5): 一致率0.0 % Cell(1,5): 一致率0.0 % Cell(2,5): 一致率0.0 % Cell(3,5): 一致率0.0 % Cell(4,5): 一致率0.0 % Cell(0,6): 一致率0.0 % Cell(1,6): 一致率0.0 % Cell(2,6): 一致率0.0 % Cell(3,6): 一致率0.0 % Cell(4,6): 一致率0.0 % "
Stage417,Square,56,56,あり,なし,0.0 %,"Cell(0,0): 一致率0.0 % Cell(1,0): 一致率0.0 % Cell(2,0): 一致率0.0 % Cell(3,0): 一致率0.0 % Cell(4,0): 一致率0.0 % Cell(5,0): 一致率0.0 % Cell(6,0): 一致率0.0 % Cell(0,1): 一致率0.0 % Cell(1,1): 一致率0.0 % Cell(2,1): 一致率0.0 % Cell(3,1): 一致率0.0 % Cell(4,1): 一致率0.0 % Cell(5,1): 一致率0.0 % Cell(6,1): 一致率0.0 % Cell(0,2): 一致率0.0 % Cell(1,2): 一致率0.0 % Cell(2,2): 一致率0.0 % Cell(3,2): 一致率0.0 % Cell(4,2): 一致率0.0 % Cell(5,2): 一致率0.0 % Cell(6,2): 一致率0.0 % Cell(0,3): 一致率0.0 % Cell(1,3): 一致率0.0 % Cell(2,3): 一致率0.0 % Cell(3,3): 一致率0.0 % Cell(4,3): 一致率0.0 % Cell(5,3): 一致率0.0 % Cell(6,3): 一致率0.0 % Cell(0,4): 一致率0.0 % Cell(1,4): 一致率0.0 % Cell(2,4): 一致率0.0 % Cell(3,4): 一致率0.0 % Cell(4,4): 一致率0.0 % Cell(5,4): 一致率0.0 % Cell(6,4): 一致率0.0 % Cell(0,5): 一致率0.0 % Cell(1,5): 一致率0.0 % Cell(2,5): 一致率0.0 % Cell(3,5): 一致率0.0 % Cell(4,5): 一致率0.0 % Cell(5,5): 一致率0.0 % Cell(6,5): 一致率0.0 % Cell(0,6): 一致率0.0 % Cell(1,6): 一致率0.0 % Cell(2,6): 一致率0.0 % Cell(3,6): 一致率0.0 % Cell(4,6): 一致率0.0 % Cell(5,6): 一致率0.0 % Cell(6,6): 一致率0.0 % Cell(0,7): 一致率0.0 % Cell(1,7): 一致率0.0 % Cell(2,7): 一致率0.0 % Cell(3,7): 一致率0.0 % Cell(4,7): 一致率0.0 % Cell(5,7): 一致率0.0 % Cell(6,7): 一致率0.0 % "
Stage418,Triangle,20,20,あり,なし,0.0 %,"Cell(0,0): 一致率0.7 % Cell(1,0): 一致率0.0 % Cell(2,0): 一致率0.0 % Cell(3,0): 一致率0.0 % Cell(0,1): 一致率0.6 % Cell(1,1): 一致率0.3 % Cell(2,1): 一致率0.1 % Cell(3,1): 一致率0.0 % Cell(0,2): 一致率0.2 % Cell(1,2): 一致率0.3 % Cell(2,2): 一致率0.1 % Cell(3,2): 一致率0.0 % Cell(0,3): 一致率0.7 % Cell(1,3): 一致率0.8 % Cell(2,3): 一致率0.2 % Cell(3,3): 一致率0.0 % Cell(0,4): 一致率0.6 % Cell(1,4): 一致率0.7 % Cell(2,4): 一致率0.3 % Cell(3,4): 一致率0.0 % "
Stage419,Triangle,36,36,あり,なし,0.0 %,"Cell(0,0): 一致率0.3 % Cell(1,0): 一致率1.1 % Cell(2,0): 一致率0.1 % Cell(3,0): 一致率0.1 % Cell(4,0): 一致率0.0 % Cell(5,0): 一致率0.0 % Cell(0,1): 一致率0.4 % Cell(1,1): 一致率0.7 % Cell(2,1): 一致率0.3 % Cell(3,1): 一致率0.2 % Cell(4,1): 一致率0.4 % Cell(5,1): 一致率0.0 % Cell(0,2): 一致率0.5 % Cell(1,2): 一致率0.0 % Cell(2,2): 一致率0.1 % Cell(3,2): 一致率0.2 % Cell(4,2): 一致率0.1 % Cell(5,2): 一致率0.0 % Cell(0,3): 一致率0.4 % Cell(1,3): 一致率0.2 % Cell(2,3): 一致率0.6 % Cell(3,3): 一致率0.2 % Cell(4,3): 一致率0.0 % Cell(5,3): 一致率0.0 % Cell(0,4): 一致率0.8 % Cell(1,4): 一致率0.2 % Cell(2,4): 一致率0.5 % Cell(3,4): 一致率0.2 % Cell(4,4): 一致率2.7 % Cell(5,4): 一致率0.0 % Cell(0,5): 一致率1.1 % Cell(1,5): 一致率0.9 % Cell(2,5): 一致率1.0 % Cell(3,5): 一致率0.0 % Cell(4,5): 一致率1.0 % Cell(5,5): 一致率0.0 % "
Stage420,Triangle,56,56,あり,なし,0.0 %,"Cell(0,0): 一致率0.0 % Cell(1,0): 一致率0.0 % Cell(2,0): 一致率0.0 % Cell(3,0): 一致率0.0 % Cell(4,0): 一致率0.0 % Cell(5,0): 一致率0.0 % Cell(6,0): 一致率0.0 % Cell(7,0): 一致率0.0 % Cell(0,1): 一致率0.0 % Cell(1,1): 一致率0.0 % Cell(2,1): 一致率0.0 % Cell(3,1): 一致率0.0 % Cell(4,1): 一致率0.0 % Cell(5,1): 一致率0.0 % Cell(6,1): 一致率0.0 % Cell(7,1): 一致率0.0 % Cell(0,2): 一致率0.0 % Cell(1,2): 一致率0.0 % Cell(2,2): 一致率0.0 % Cell(3,2): 一致率0.0 % Cell(4,2): 一致率0.0 % Cell(5,2): 一致率0.0 % Cell(6,2): 一致率0.0 % Cell(7,2): 一致率0.0 % Cell(0,3): 一致率0.0 % Cell(1,3): 一致率0.0 % Cell(2,3): 一致率0.0 % Cell(3,3): 一致率0.0 % Cell(4,3): 一致率0.0 % Cell(5,3): 一致率0.0 % Cell(6,3): 一致率0.0 % Cell(7,3): 一致率0.0 % Cell(0,4): 一致率0.0 % Cell(1,4): 一致率0.0 % Cell(2,4): 一致率0.0 % Cell(3,4): 一致率0.0 % Cell(4,4): 一致率0.0 % Cell(5,4): 一致率0.0 % Cell(6,4): 一致率0.0 % Cell(7,4): 一致率0.0 % Cell(0,5): 一致率0.0 % Cell(1,5): 一致率0.0 % Cell(2,5): 一致率0.0 % Cell(3,5): 一致率0.0 % Cell(4,5): 一致率0.0 % Cell(5,5): 一致率0.0 % Cell(6,5): 一致率0.0 % Cell(7,5): 一致率0.0 % Cell(0,6): 一致率0.0 % Cell(1,6): 一致率0.0 % Cell(2,6): 一致率0.0 % Cell(3,6): 一致率0.0 % Cell(4,6): 一致率0.0 % Cell(5,6): 一致率0.0 % Cell(6,6): 一致率0.0 % Cell(7,6): 一致率0.0 % "
Stage421,Hex,35,35,あり,なし,0.0 %,"Cell(0,0): 一致率0.0 % Cell(1,0): 一致率0.0 % Cell(2,0): 一致率0.0 % Cell(3,0): 一致率0.0 % Cell(4,0): 一致率0.0 % Cell(0,1): 一致率0.0 % Cell(1,1): 一致率0.0 % Cell(2,1): 一致率0.0 % Cell(3,1): 一致率0.0 % Cell(4,1): 一致率0.0 % Cell(0,2): 一致率0.0 % Cell(1,2): 一致率0.0 % Cell(2,2): 一致率0.0 % Cell(3,2): 一致率0.0 % Cell(4,2): 一致率0.0 % Cell(0,3): 一致率0.0 % Cell(1,3): 一致率0.0 % Cell(2,3): 一致率0.0 % Cell(3,3): 一致率0.0 % Cell(4,3): 一致率0.0 % Cell(0,4): 一致率0.0 % Cell(1,4): 一致率0.0 % Cell(2,4): 一致率0.0 % Cell(3,4): 一致率0.0 % Cell(4,4): 一致率0.0 % Cell(0,5): 一致率0.0 % Cell(1,5): 一致率0.0 % Cell(2,5): 一致率0.0 % Cell(3,5): 一致率0.0 % Cell(4,5): 一致率0.0 % Cell(0,6): 一致率0.0 % Cell(1,6): 一致率0.0 % Cell(2,6): 一致率0.0 % Cell(3,6): 一致率0.0 % Cell(4,6): 一致率0.0 % "
Stage422,Hex,35,0,なし,なし,100.0 %,"Texture取得失敗/読取不可: 35セル "
Stage423,Hex,56,56,あり,なし,0.0 %,"Cell(0,0): 一致率0.0 % Cell(1,0): 一致率0.0 % Cell(2,0): 一致率0.0 % Cell(3,0): 一致率0.0 % Cell(4,0): 一致率0.0 % Cell(5,0): 一致率0.0 % Cell(6,0): 一致率0.0 % Cell(0,1): 一致率0.0 % Cell(1,1): 一致率0.0 % Cell(2,1): 一致率0.0 % Cell(3,1): 一致率0.0 % Cell(4,1): 一致率0.0 % Cell(5,1): 一致率0.0 % Cell(6,1): 一致率0.0 % Cell(0,2): 一致率0.0 % Cell(1,2): 一致率0.0 % Cell(2,2): 一致率0.0 % Cell(3,2): 一致率0.0 % Cell(4,2): 一致率0.0 % Cell(5,2): 一致率0.0 % Cell(6,2): 一致率0.0 % Cell(0,3): 一致率0.0 % Cell(1,3): 一致率0.0 % Cell(2,3): 一致率0.0 % Cell(3,3): 一致率0.0 % Cell(4,3): 一致率0.0 % Cell(5,3): 一致率0.0 % Cell(6,3): 一致率0.0 % Cell(0,4): 一致率0.0 % Cell(1,4): 一致率0.0 % Cell(2,4): 一致率0.0 % Cell(3,4): 一致率0.0 % Cell(4,4): 一致率0.0 % Cell(5,4): 一致率0.0 % Cell(6,4): 一致率0.0 % Cell(0,5): 一致率0.0 % Cell(1,5): 一致率0.0 % Cell(2,5): 一致率0.0 % Cell(3,5): 一致率0.0 % Cell(4,5): 一致率0.0 % Cell(5,5): 一致率0.0 % Cell(6,5): 一致率0.0 % Cell(0,6): 一致率0.0 % Cell(1,6): 一致率0.0 % Cell(2,6): 一致率0.0 % Cell(3,6): 一致率0.0 % Cell(4,6): 一致率0.0 % Cell(5,6): 一致率0.0 % Cell(6,6): 一致率0.0 % Cell(0,7): 一致率0.0 % Cell(1,7): 一致率0.0 % Cell(2,7): 一致率0.0 % Cell(3,7): 一致率0.0 % Cell(4,7): 一致率0.0 % Cell(5,7): 一致率0.0 % Cell(6,7): 一致率0.0 % "
Stage424,Square,20,20,あり,なし,0.0 %,"Cell(0,0): 一致率0.0 % Cell(1,0): 一致率0.0 % Cell(2,0): 一致率0.0 % Cell(3,0): 一致率0.0 % Cell(0,1): 一致率0.0 % Cell(1,1): 一致率0.0 % Cell(2,1): 一致率0.0 % Cell(3,1): 一致率0.0 % Cell(0,2): 一致率0.0 % Cell(1,2): 一致率0.0 % Cell(2,2): 一致率0.0 % Cell(3,2): 一致率0.0 % Cell(0,3): 一致率0.0 % Cell(1,3): 一致率0.0 % Cell(2,3): 一致率0.0 % Cell(3,3): 一致率0.0 % Cell(0,4): 一致率0.0 % Cell(1,4): 一致率0.0 % Cell(2,4): 一致率0.0 % Cell(3,4): 一致率0.0 % "
Stage425,Square,35,35,あり,なし,0.0 %,"Cell(0,0): 一致率0.0 % Cell(1,0): 一致率0.0 % Cell(2,0): 一致率0.0 % Cell(3,0): 一致率0.0 % Cell(4,0): 一致率0.0 % Cell(0,1): 一致率0.0 % Cell(1,1): 一致率0.0 % Cell(2,1): 一致率0.0 % Cell(3,1): 一致率0.0 % Cell(4,1): 一致率0.0 % Cell(0,2): 一致率0.0 % Cell(1,2): 一致率0.0 % Cell(2,2): 一致率0.0 % Cell(3,2): 一致率0.0 % Cell(4,2): 一致率0.0 % Cell(0,3): 一致率0.0 % Cell(1,3): 一致率0.0 % Cell(2,3): 一致率0.0 % Cell(3,3): 一致率0.0 % Cell(4,3): 一致率0.0 % Cell(0,4): 一致率0.0 % Cell(1,4): 一致率0.0 % Cell(2,4): 一致率0.0 % Cell(3,4): 一致率0.0 % Cell(4,4): 一致率0.0 % Cell(0,5): 一致率0.0 % Cell(1,5): 一致率0.0 % Cell(2,5): 一致率0.0 % Cell(3,5): 一致率0.0 % Cell(4,5): 一致率0.0 % Cell(0,6): 一致率0.0 % Cell(1,6): 一致率0.0 % Cell(2,6): 一致率0.0 % Cell(3,6): 一致率0.0 % Cell(4,6): 一致率0.0 % "
Stage426,Square,48,48,あり,なし,0.0 %,"Cell(0,0): 一致率0.0 % Cell(1,0): 一致率0.0 % Cell(2,0): 一致率0.0 % Cell(3,0): 一致率0.0 % Cell(4,0): 一致率0.0 % Cell(5,0): 一致率0.0 % Cell(0,1): 一致率0.0 % Cell(1,1): 一致率0.0 % Cell(2,1): 一致率0.0 % Cell(3,1): 一致率0.0 % Cell(4,1): 一致率0.0 % Cell(5,1): 一致率0.0 % Cell(0,2): 一致率0.0 % Cell(1,2): 一致率0.0 % Cell(2,2): 一致率0.0 % Cell(3,2): 一致率0.0 % Cell(4,2): 一致率0.0 % Cell(5,2): 一致率0.0 % Cell(0,3): 一致率0.0 % Cell(1,3): 一致率0.0 % Cell(2,3): 一致率0.0 % Cell(3,3): 一致率0.0 % Cell(4,3): 一致率0.0 % Cell(5,3): 一致率0.0 % Cell(0,4): 一致率0.0 % Cell(1,4): 一致率0.0 % Cell(2,4): 一致率0.0 % Cell(3,4): 一致率0.0 % Cell(4,4): 一致率0.0 % Cell(5,4): 一致率0.0 % Cell(0,5): 一致率0.0 % Cell(1,5): 一致率0.0 % Cell(2,5): 一致率0.0 % Cell(3,5): 一致率0.0 % Cell(4,5): 一致率0.0 % Cell(5,5): 一致率0.0 % Cell(0,6): 一致率0.0 % Cell(1,6): 一致率0.0 % Cell(2,6): 一致率0.0 % Cell(3,6): 一致率0.0 % Cell(4,6): 一致率0.0 % Cell(5,6): 一致率0.0 % Cell(0,7): 一致率0.0 % Cell(1,7): 一致率0.0 % Cell(2,7): 一致率0.0 % Cell(3,7): 一致率0.0 % Cell(4,7): 一致率0.0 % Cell(5,7): 一致率0.0 % "
Stage427,Triangle,20,20,あり,なし,0.0 %,"Cell(0,0): 一致率0.1 % Cell(1,0): 一致率0.1 % Cell(2,0): 一致率0.4 % Cell(3,0): 一致率0.0 % Cell(0,1): 一致率0.1 % Cell(1,1): 一致率0.1 % Cell(2,1): 一致率0.7 % Cell(3,1): 一致率0.0 % Cell(0,2): 一致率0.2 % Cell(1,2): 一致率0.2 % Cell(2,2): 一致率0.3 % Cell(3,2): 一致率0.0 % Cell(0,3): 一致率0.1 % Cell(1,3): 一致率0.0 % Cell(2,3): 一致率1.4 % Cell(3,3): 一致率0.0 % Cell(0,4): 一致率0.0 % Cell(1,4): 一致率0.2 % Cell(2,4): 一致率8.8 % Cell(3,4): 一致率0.0 % "
Stage428,Triangle,36,36,あり,なし,0.0 %,"Cell(0,0): 一致率0.5 % Cell(1,0): 一致率16.1 % Cell(2,0): 一致率6.0 % Cell(3,0): 一致率8.6 % Cell(4,0): 一致率0.0 % Cell(5,0): 一致率0.0 % Cell(0,1): 一致率0.0 % Cell(1,1): 一致率0.0 % Cell(2,1): 一致率0.1 % Cell(3,1): 一致率0.0 % Cell(4,1): 一致率0.0 % Cell(5,1): 一致率0.0 % Cell(0,2): 一致率0.0 % Cell(1,2): 一致率0.0 % Cell(2,2): 一致率0.0 % Cell(3,2): 一致率0.0 % Cell(4,2): 一致率0.0 % Cell(5,2): 一致率0.0 % Cell(0,3): 一致率0.1 % Cell(1,3): 一致率0.0 % Cell(2,3): 一致率0.0 % Cell(3,3): 一致率0.0 % Cell(4,3): 一致率0.1 % Cell(5,3): 一致率0.0 % Cell(0,4): 一致率0.2 % Cell(1,4): 一致率0.2 % Cell(2,4): 一致率0.3 % Cell(3,4): 一致率1.2 % Cell(4,4): 一致率0.0 % Cell(5,4): 一致率0.0 % Cell(0,5): 一致率0.0 % Cell(1,5): 一致率0.0 % Cell(2,5): 一致率0.3 % Cell(3,5): 一致率0.1 % Cell(4,5): 一致率0.1 % Cell(5,5): 一致率0.0 % "
Stage429,Triangle,0,0,なし,あり,100.0 %,"GridCellが見つかりません。 "
Stage430,Hex,35,35,あり,なし,0.0 %,"Cell(0,0): 一致率0.0 % Cell(1,0): 一致率0.0 % Cell(2,0): 一致率0.0 % Cell(3,0): 一致率0.0 % Cell(4,0): 一致率0.0 % Cell(0,1): 一致率0.0 % Cell(1,1): 一致率0.0 % Cell(2,1): 一致率0.0 % Cell(3,1): 一致率0.0 % Cell(4,1): 一致率0.0 % Cell(0,2): 一致率0.0 % Cell(1,2): 一致率0.0 % Cell(2,2): 一致率0.0 % Cell(3,2): 一致率0.0 % Cell(4,2): 一致率0.0 % Cell(0,3): 一致率0.0 % Cell(1,3): 一致率0.0 % Cell(2,3): 一致率0.0 % Cell(3,3): 一致率0.0 % Cell(4,3): 一致率0.0 % Cell(0,4): 一致率0.0 % Cell(1,4): 一致率0.0 % Cell(2,4): 一致率0.0 % Cell(3,4): 一致率0.0 % Cell(4,4): 一致率0.0 % Cell(0,5): 一致率0.0 % Cell(1,5): 一致率0.0 % Cell(2,5): 一致率0.0 % Cell(3,5): 一致率0.0 % Cell(4,5): 一致率0.0 % Cell(0,6): 一致率0.0 % Cell(1,6): 一致率0.0 % Cell(2,6): 一致率0.0 % Cell(3,6): 一致率0.0 % Cell(4,6): 一致率0.0 % "
Stage431,Hex,35,0,なし,なし,100.0 %,"Texture取得失敗/読取不可: 35セル "
Stage432,Hex,56,56,あり,なし,0.0 %,"Cell(0,0): 一致率0.0 % Cell(1,0): 一致率0.0 % Cell(2,0): 一致率0.0 % Cell(3,0): 一致率0.0 % Cell(4,0): 一致率0.0 % Cell(5,0): 一致率0.0 % Cell(6,0): 一致率0.0 % Cell(0,1): 一致率0.0 % Cell(1,1): 一致率0.0 % Cell(2,1): 一致率0.0 % Cell(3,1): 一致率0.0 % Cell(4,1): 一致率0.0 % Cell(5,1): 一致率0.0 % Cell(6,1): 一致率0.0 % Cell(0,2): 一致率0.0 % Cell(1,2): 一致率0.0 % Cell(2,2): 一致率0.0 % Cell(3,2): 一致率0.0 % Cell(4,2): 一致率0.0 % Cell(5,2): 一致率0.0 % Cell(6,2): 一致率0.0 % Cell(0,3): 一致率0.0 % Cell(1,3): 一致率0.0 % Cell(2,3): 一致率0.0 % Cell(3,3): 一致率0.0 % Cell(4,3): 一致率0.0 % Cell(5,3): 一致率0.0 % Cell(6,3): 一致率0.0 % Cell(0,4): 一致率0.0 % Cell(1,4): 一致率0.0 % Cell(2,4): 一致率0.0 % Cell(3,4): 一致率0.0 % Cell(4,4): 一致率0.0 % Cell(5,4): 一致率0.0 % Cell(6,4): 一致率0.0 % Cell(0,5): 一致率0.0 % Cell(1,5): 一致率0.0 % Cell(2,5): 一致率0.0 % Cell(3,5): 一致率0.0 % Cell(4,5): 一致率0.0 % Cell(5,5): 一致率0.0 % Cell(6,5): 一致率0.0 % Cell(0,6): 一致率0.0 % Cell(1,6): 一致率0.0 % Cell(2,6): 一致率0.0 % Cell(3,6): 一致率0.0 % Cell(4,6): 一致率0.0 % Cell(5,6): 一致率0.0 % Cell(6,6): 一致率0.0 % Cell(0,7): 一致率0.0 % Cell(1,7): 一致率0.0 % Cell(2,7): 一致率0.0 % Cell(3,7): 一致率0.0 % Cell(4,7): 一致率0.0 % Cell(5,7): 一致率0.0 % Cell(6,7): 一致率0.0 % "
Stage433,Square,20,20,あり,なし,0.0 %,"Cell(0,0): 一致率0.0 % Cell(1,0): 一致率0.0 % Cell(2,0): 一致率0.0 % Cell(3,0): 一致率0.0 % Cell(0,1): 一致率0.0 % Cell(1,1): 一致率0.0 % Cell(2,1): 一致率0.0 % Cell(3,1): 一致率0.0 % Cell(0,2): 一致率0.0 % Cell(1,2): 一致率0.0 % Cell(2,2): 一致率0.0 % Cell(3,2): 一致率0.0 % Cell(0,3): 一致率0.0 % Cell(1,3): 一致率0.0 % Cell(2,3): 一致率0.0 % Cell(3,3): 一致率0.0 % Cell(0,4): 一致率0.0 % Cell(1,4): 一致率0.0 % Cell(2,4): 一致率0.0 % Cell(3,4): 一致率0.0 % "
Stage434,Square,35,35,あり,なし,0.0 %,"Cell(0,0): 一致率0.0 % Cell(1,0): 一致率0.0 % Cell(2,0): 一致率0.0 % Cell(3,0): 一致率0.0 % Cell(4,0): 一致率0.0 % Cell(0,1): 一致率0.0 % Cell(1,1): 一致率0.0 % Cell(2,1): 一致率0.0 % Cell(3,1): 一致率0.0 % Cell(4,1): 一致率0.0 % Cell(0,2): 一致率0.0 % Cell(1,2): 一致率0.0 % Cell(2,2): 一致率0.0 % Cell(3,2): 一致率0.0 % Cell(4,2): 一致率0.0 % Cell(0,3): 一致率0.0 % Cell(1,3): 一致率0.0 % Cell(2,3): 一致率0.0 % Cell(3,3): 一致率0.0 % Cell(4,3): 一致率0.0 % Cell(0,4): 一致率0.0 % Cell(1,4): 一致率0.0 % Cell(2,4): 一致率0.0 % Cell(3,4): 一致率0.0 % Cell(4,4): 一致率0.0 % Cell(0,5): 一致率0.0 % Cell(1,5): 一致率0.0 % Cell(2,5): 一致率0.0 % Cell(3,5): 一致率0.0 % Cell(4,5): 一致率0.0 % Cell(0,6): 一致率0.0 % Cell(1,6): 一致率0.0 % Cell(2,6): 一致率0.0 % Cell(3,6): 一致率0.0 % Cell(4,6): 一致率0.0 % "
Stage435,Square,48,48,あり,なし,0.0 %,"Cell(0,0): 一致率0.0 % Cell(1,0): 一致率0.0 % Cell(2,0): 一致率0.0 % Cell(3,0): 一致率0.0 % Cell(4,0): 一致率0.0 % Cell(5,0): 一致率0.0 % Cell(0,1): 一致率0.0 % Cell(1,1): 一致率0.0 % Cell(2,1): 一致率0.0 % Cell(3,1): 一致率0.0 % Cell(4,1): 一致率0.0 % Cell(5,1): 一致率0.0 % Cell(0,2): 一致率0.0 % Cell(1,2): 一致率0.0 % Cell(2,2): 一致率0.0 % Cell(3,2): 一致率0.0 % Cell(4,2): 一致率0.0 % Cell(5,2): 一致率0.0 % Cell(0,3): 一致率0.0 % Cell(1,3): 一致率0.0 % Cell(2,3): 一致率0.0 % Cell(3,3): 一致率0.0 % Cell(4,3): 一致率0.0 % Cell(5,3): 一致率0.0 % Cell(0,4): 一致率0.0 % Cell(1,4): 一致率0.0 % Cell(2,4): 一致率0.0 % Cell(3,4): 一致率0.0 % Cell(4,4): 一致率0.0 % Cell(5,4): 一致率0.0 % Cell(0,5): 一致率0.0 % Cell(1,5): 一致率0.0 % Cell(2,5): 一致率0.0 % Cell(3,5): 一致率0.0 % Cell(4,5): 一致率0.0 % Cell(5,5): 一致率0.0 % Cell(0,6): 一致率0.0 % Cell(1,6): 一致率0.0 % Cell(2,6): 一致率0.0 % Cell(3,6): 一致率0.0 % Cell(4,6): 一致率0.0 % Cell(5,6): 一致率0.0 % Cell(0,7): 一致率0.0 % Cell(1,7): 一致率0.0 % Cell(2,7): 一致率0.0 % Cell(3,7): 一致率0.0 % Cell(4,7): 一致率0.0 % Cell(5,7): 一致率0.0 % "
Stage436,Triangle,20,20,あり,なし,0.0 %,"Cell(0,0): 一致率3.6 % Cell(1,0): 一致率8.0 % Cell(2,0): 一致率6.5 % Cell(3,0): 一致率0.0 % Cell(0,1): 一致率1.0 % Cell(1,1): 一致率0.1 % Cell(2,1): 一致率0.0 % Cell(3,1): 一致率0.0 % Cell(0,2): 一致率5.7 % Cell(1,2): 一致率1.5 % Cell(2,2): 一致率0.0 % Cell(3,2): 一致率0.0 % Cell(0,3): 一致率4.6 % Cell(1,3): 一致率0.0 % Cell(2,3): 一致率0.0 % Cell(3,3): 一致率0.0 % Cell(0,4): 一致率35.2 % Cell(1,4): 一致率3.6 % Cell(2,4): 一致率0.2 % Cell(3,4): 一致率0.0 % "
Stage437,Triangle,36,36,あり,なし,0.0 %,"Cell(0,0): 一致率2.1 % Cell(1,0): 一致率0.3 % Cell(2,0): 一致率0.2 % Cell(3,0): 一致率0.5 % Cell(4,0): 一致率0.2 % Cell(5,0): 一致率0.0 % Cell(0,1): 一致率0.3 % Cell(1,1): 一致率0.1 % Cell(2,1): 一致率0.0 % Cell(3,1): 一致率0.1 % Cell(4,1): 一致率0.2 % Cell(5,1): 一致率0.0 % Cell(0,2): 一致率0.3 % Cell(1,2): 一致率0.0 % Cell(2,2): 一致率0.0 % Cell(3,2): 一致率0.4 % Cell(4,2): 一致率0.2 % Cell(5,2): 一致率0.0 % Cell(0,3): 一致率0.0 % Cell(1,3): 一致率0.0 % Cell(2,3): 一致率0.3 % Cell(3,3): 一致率0.0 % Cell(4,3): 一致率0.7 % Cell(5,3): 一致率0.0 % Cell(0,4): 一致率1.6 % Cell(1,4): 一致率0.2 % Cell(2,4): 一致率0.2 % Cell(3,4): 一致率0.2 % Cell(4,4): 一致率0.3 % Cell(5,4): 一致率0.0 % Cell(0,5): 一致率0.3 % Cell(1,5): 一致率1.6 % Cell(2,5): 一致率0.2 % Cell(3,5): 一致率0.7 % Cell(4,5): 一致率0.2 % Cell(5,5): 一致率0.0 % "
Stage438,Triangle,49,49,あり,なし,0.0 %,"Cell(0,0): 一致率0.5 % Cell(1,0): 一致率1.6 % Cell(2,0): 一致率0.3 % Cell(3,0): 一致率1.5 % Cell(4,0): 一致率2.6 % Cell(5,0): 一致率0.0 % Cell(6,0): 一致率0.0 % Cell(0,1): 一致率0.5 % Cell(1,1): 一致率0.8 % Cell(2,1): 一致率0.9 % Cell(3,1): 一致率1.9 % Cell(4,1): 一致率3.3 % Cell(5,1): 一致率0.0 % Cell(6,1): 一致率0.0 % Cell(0,2): 一致率0.4 % Cell(1,2): 一致率3.8 % Cell(2,2): 一致率1.1 % Cell(3,2): 一致率0.8 % Cell(4,2): 一致率5.5 % Cell(5,2): 一致率0.0 % Cell(6,2): 一致率0.0 % Cell(0,3): 一致率1.1 % Cell(1,3): 一致率2.6 % Cell(2,3): 一致率8.4 % Cell(3,3): 一致率5.1 % Cell(4,3): 一致率16.3 % Cell(5,3): 一致率0.0 % Cell(6,3): 一致率0.0 % Cell(0,4): 一致率0.6 % Cell(1,4): 一致率0.5 % Cell(2,4): 一致率1.6 % Cell(3,4): 一致率10.4 % Cell(4,4): 一致率1.8 % Cell(5,4): 一致率0.0 % Cell(6,4): 一致率0.0 % Cell(0,5): 一致率5.0 % Cell(1,5): 一致率0.7 % Cell(2,5): 一致率2.2 % Cell(3,5): 一致率0.1 % Cell(4,5): 一致率0.5 % Cell(5,5): 一致率0.0 % Cell(6,5): 一致率0.0 % Cell(0,6): 一致率2.1 % Cell(1,6): 一致率1.3 % Cell(2,6): 一致率6.5 % Cell(3,6): 一致率0.0 % Cell(4,6): 一致率1.1 % Cell(5,6): 一致率0.0 % Cell(6,6): 一致率0.0 % "
Stage439,Hex,35,35,あり,なし,0.0 %,"Cell(0,0): 一致率0.0 % Cell(1,0): 一致率0.0 % Cell(2,0): 一致率0.0 % Cell(3,0): 一致率0.0 % Cell(4,0): 一致率0.0 % Cell(0,1): 一致率0.0 % Cell(1,1): 一致率0.0 % Cell(2,1): 一致率0.0 % Cell(3,1): 一致率0.0 % Cell(4,1): 一致率0.0 % Cell(0,2): 一致率0.0 % Cell(1,2): 一致率0.0 % Cell(2,2): 一致率0.0 % Cell(3,2): 一致率0.0 % Cell(4,2): 一致率0.0 % Cell(0,3): 一致率0.0 % Cell(1,3): 一致率0.0 % Cell(2,3): 一致率0.0 % Cell(3,3): 一致率0.0 % Cell(4,3): 一致率0.0 % Cell(0,4): 一致率0.0 % Cell(1,4): 一致率0.0 % Cell(2,4): 一致率0.0 % Cell(3,4): 一致率0.0 % Cell(4,4): 一致率0.0 % Cell(0,5): 一致率0.0 % Cell(1,5): 一致率0.0 % Cell(2,5): 一致率0.0 % Cell(3,5): 一致率0.0 % Cell(4,5): 一致率0.0 % Cell(0,6): 一致率0.0 % Cell(1,6): 一致率0.0 % Cell(2,6): 一致率0.0 % Cell(3,6): 一致率0.0 % Cell(4,6): 一致率0.0 % "
Stage440,Hex,35,35,あり,なし,0.0 %,"Cell(0,0): 一致率0.0 % Cell(1,0): 一致率0.0 % Cell(2,0): 一致率0.0 % Cell(3,0): 一致率0.0 % Cell(4,0): 一致率0.0 % Cell(0,1): 一致率0.0 % Cell(1,1): 一致率0.0 % Cell(2,1): 一致率0.0 % Cell(3,1): 一致率0.0 % Cell(4,1): 一致率0.0 % Cell(0,2): 一致率0.0 % Cell(1,2): 一致率0.0 % Cell(2,2): 一致率0.0 % Cell(3,2): 一致率0.0 % Cell(4,2): 一致率0.0 % Cell(0,3): 一致率0.0 % Cell(1,3): 一致率0.0 % Cell(2,3): 一致率0.0 % Cell(3,3): 一致率0.0 % Cell(4,3): 一致率0.0 % Cell(0,4): 一致率0.0 % Cell(1,4): 一致率0.0 % Cell(2,4): 一致率0.0 % Cell(3,4): 一致率0.0 % Cell(4,4): 一致率0.0 % Cell(0,5): 一致率0.0 % Cell(1,5): 一致率0.0 % Cell(2,5): 一致率0.0 % Cell(3,5): 一致率0.0 % Cell(4,5): 一致率0.0 % Cell(0,6): 一致率0.0 % Cell(1,6): 一致率0.0 % Cell(2,6): 一致率0.0 % Cell(3,6): 一致率0.0 % Cell(4,6): 一致率0.0 % "
Stage441,Hex,56,56,あり,なし,0.0 %,"Cell(0,0): 一致率0.0 % Cell(1,0): 一致率0.0 % Cell(2,0): 一致率0.0 % Cell(3,0): 一致率0.0 % Cell(4,0): 一致率0.0 % Cell(5,0): 一致率0.0 % Cell(6,0): 一致率0.0 % Cell(0,1): 一致率0.0 % Cell(1,1): 一致率0.0 % Cell(2,1): 一致率0.0 % Cell(3,1): 一致率0.0 % Cell(4,1): 一致率0.0 % Cell(5,1): 一致率0.0 % Cell(6,1): 一致率0.0 % Cell(0,2): 一致率0.0 % Cell(1,2): 一致率0.0 % Cell(2,2): 一致率0.0 % Cell(3,2): 一致率0.0 % Cell(4,2): 一致率0.0 % Cell(5,2): 一致率0.0 % Cell(6,2): 一致率0.0 % Cell(0,3): 一致率0.0 % Cell(1,3): 一致率0.0 % Cell(2,3): 一致率0.0 % Cell(3,3): 一致率0.0 % Cell(4,3): 一致率0.0 % Cell(5,3): 一致率0.0 % Cell(6,3): 一致率0.0 % Cell(0,4): 一致率0.0 % Cell(1,4): 一致率0.0 % Cell(2,4): 一致率0.0 % Cell(3,4): 一致率0.0 % Cell(4,4): 一致率0.0 % Cell(5,4): 一致率0.0 % Cell(6,4): 一致率0.0 % Cell(0,5): 一致率0.0 % Cell(1,5): 一致率0.0 % Cell(2,5): 一致率0.0 % Cell(3,5): 一致率0.0 % Cell(4,5): 一致率0.0 % Cell(5,5): 一致率0.0 % Cell(6,5): 一致率0.0 % Cell(0,6): 一致率0.0 % Cell(1,6): 一致率0.0 % Cell(2,6): 一致率0.0 % Cell(3,6): 一致率0.0 % Cell(4,6): 一致率0.0 % Cell(5,6): 一致率0.0 % Cell(6,6): 一致率0.0 % Cell(0,7): 一致率0.0 % Cell(1,7): 一致率0.0 % Cell(2,7): 一致率0.0 % Cell(3,7): 一致率0.0 % Cell(4,7): 一致率0.0 % Cell(5,7): 一致率0.0 % Cell(6,7): 一致率0.0 % "
Stage442,Square,35,35,あり,なし,0.0 %,"Cell(0,0): 一致率0.0 % Cell(1,0): 一致率0.0 % Cell(2,0): 一致率0.0 % Cell(3,0): 一致率0.0 % Cell(4,0): 一致率0.0 % Cell(0,1): 一致率0.0 % Cell(1,1): 一致率0.0 % Cell(2,1): 一致率0.0 % Cell(3,1): 一致率0.0 % Cell(4,1): 一致率0.0 % Cell(0,2): 一致率0.0 % Cell(1,2): 一致率0.0 % Cell(2,2): 一致率0.0 % Cell(3,2): 一致率0.0 % Cell(4,2): 一致率0.0 % Cell(0,3): 一致率0.0 % Cell(1,3): 一致率0.0 % Cell(2,3): 一致率0.0 % Cell(3,3): 一致率0.0 % Cell(4,3): 一致率0.0 % Cell(0,4): 一致率0.0 % Cell(1,4): 一致率0.0 % Cell(2,4): 一致率0.0 % Cell(3,4): 一致率0.0 % Cell(4,4): 一致率0.0 % Cell(0,5): 一致率0.0 % Cell(1,5): 一致率0.0 % Cell(2,5): 一致率0.0 % Cell(3,5): 一致率0.0 % Cell(4,5): 一致率0.0 % Cell(0,6): 一致率0.0 % Cell(1,6): 一致率0.0 % Cell(2,6): 一致率0.0 % Cell(3,6): 一致率0.0 % Cell(4,6): 一致率0.0 % "
Stage443,Square,35,35,あり,なし,0.0 %,"Cell(0,0): 一致率0.0 % Cell(1,0): 一致率0.0 % Cell(2,0): 一致率0.0 % Cell(3,0): 一致率0.0 % Cell(4,0): 一致率0.0 % Cell(0,1): 一致率0.0 % Cell(1,1): 一致率0.0 % Cell(2,1): 一致率0.0 % Cell(3,1): 一致率0.0 % Cell(4,1): 一致率0.0 % Cell(0,2): 一致率0.0 % Cell(1,2): 一致率0.0 % Cell(2,2): 一致率0.0 % Cell(3,2): 一致率0.0 % Cell(4,2): 一致率0.0 % Cell(0,3): 一致率0.0 % Cell(1,3): 一致率0.0 % Cell(2,3): 一致率0.0 % Cell(3,3): 一致率0.0 % Cell(4,3): 一致率0.0 % Cell(0,4): 一致率0.0 % Cell(1,4): 一致率0.0 % Cell(2,4): 一致率0.0 % Cell(3,4): 一致率0.0 % Cell(4,4): 一致率0.0 % Cell(0,5): 一致率0.0 % Cell(1,5): 一致率0.0 % Cell(2,5): 一致率0.0 % Cell(3,5): 一致率0.0 % Cell(4,5): 一致率0.0 % Cell(0,6): 一致率0.0 % Cell(1,6): 一致率0.0 % Cell(2,6): 一致率0.0 % Cell(3,6): 一致率0.0 % Cell(4,6): 一致率0.0 % "
Stage444,Square,56,56,あり,なし,0.0 %,"Cell(0,0): 一致率0.0 % Cell(1,0): 一致率0.0 % Cell(2,0): 一致率0.0 % Cell(3,0): 一致率0.0 % Cell(4,0): 一致率0.0 % Cell(5,0): 一致率0.0 % Cell(6,0): 一致率0.0 % Cell(0,1): 一致率0.0 % Cell(1,1): 一致率0.0 % Cell(2,1): 一致率0.0 % Cell(3,1): 一致率0.0 % Cell(4,1): 一致率0.0 % Cell(5,1): 一致率0.0 % Cell(6,1): 一致率0.0 % Cell(0,2): 一致率0.0 % Cell(1,2): 一致率0.0 % Cell(2,2): 一致率0.0 % Cell(3,2): 一致率0.0 % Cell(4,2): 一致率0.0 % Cell(5,2): 一致率0.0 % Cell(6,2): 一致率0.0 % Cell(0,3): 一致率0.0 % Cell(1,3): 一致率0.0 % Cell(2,3): 一致率0.0 % Cell(3,3): 一致率0.0 % Cell(4,3): 一致率0.0 % Cell(5,3): 一致率0.0 % Cell(6,3): 一致率0.0 % Cell(0,4): 一致率0.0 % Cell(1,4): 一致率0.0 % Cell(2,4): 一致率0.0 % Cell(3,4): 一致率0.0 % Cell(4,4): 一致率0.0 % Cell(5,4): 一致率0.0 % Cell(6,4): 一致率0.0 % Cell(0,5): 一致率0.0 % Cell(1,5): 一致率0.0 % Cell(2,5): 一致率0.0 % Cell(3,5): 一致率0.0 % Cell(4,5): 一致率0.0 % Cell(5,5): 一致率0.0 % Cell(6,5): 一致率0.0 % Cell(0,6): 一致率0.0 % Cell(1,6): 一致率0.0 % Cell(2,6): 一致率0.0 % Cell(3,6): 一致率0.0 % Cell(4,6): 一致率0.0 % Cell(5,6): 一致率0.0 % Cell(6,6): 一致率0.0 % Cell(0,7): 一致率0.0 % Cell(1,7): 一致率0.0 % Cell(2,7): 一致率0.0 % Cell(3,7): 一致率0.0 % Cell(4,7): 一致率0.0 % Cell(5,7): 一致率0.0 % Cell(6,7): 一致率0.0 % "
Stage445,Triangle,20,20,あり,なし,0.0 %,"Cell(0,0): 一致率0.0 % Cell(1,0): 一致率0.0 % Cell(2,0): 一致率0.0 % Cell(3,0): 一致率0.0 % Cell(0,1): 一致率0.0 % Cell(1,1): 一致率0.0 % Cell(2,1): 一致率0.8 % Cell(3,1): 一致率0.0 % Cell(0,2): 一致率0.0 % Cell(1,2): 一致率0.0 % Cell(2,2): 一致率0.0 % Cell(3,2): 一致率0.0 % Cell(0,3): 一致率0.0 % Cell(1,3): 一致率0.1 % Cell(2,3): 一致率0.0 % Cell(3,3): 一致率0.0 % Cell(0,4): 一致率0.7 % Cell(1,4): 一致率0.0 % Cell(2,4): 一致率0.0 % Cell(3,4): 一致率0.0 % "
Stage446,Triangle,36,36,あり,なし,0.0 %,"Cell(0,0): 一致率0.2 % Cell(1,0): 一致率0.1 % Cell(2,0): 一致率0.2 % Cell(3,0): 一致率0.5 % Cell(4,0): 一致率0.0 % Cell(5,0): 一致率0.0 % Cell(0,1): 一致率0.1 % Cell(1,1): 一致率0.3 % Cell(2,1): 一致率0.8 % Cell(3,1): 一致率0.0 % Cell(4,1): 一致率0.0 % Cell(5,1): 一致率0.0 % Cell(0,2): 一致率0.0 % Cell(1,2): 一致率2.2 % Cell(2,2): 一致率1.6 % Cell(3,2): 一致率0.0 % Cell(4,2): 一致率0.0 % Cell(5,2): 一致率0.0 % Cell(0,3): 一致率0.2 % Cell(1,3): 一致率1.0 % Cell(2,3): 一致率0.3 % Cell(3,3): 一致率0.0 % Cell(4,3): 一致率0.0 % Cell(5,3): 一致率0.0 % Cell(0,4): 一致率0.8 % Cell(1,4): 一致率0.0 % Cell(2,4): 一致率0.3 % Cell(3,4): 一致率0.3 % Cell(4,4): 一致率0.9 % Cell(5,4): 一致率0.0 % Cell(0,5): 一致率0.4 % Cell(1,5): 一致率0.3 % Cell(2,5): 一致率0.5 % Cell(3,5): 一致率1.2 % Cell(4,5): 一致率0.8 % Cell(5,5): 一致率0.0 % "
Stage447,Triangle,56,56,あり,なし,0.0 %,"Cell(0,0): 一致率0.0 % Cell(1,0): 一致率0.0 % Cell(2,0): 一致率0.0 % Cell(3,0): 一致率0.0 % Cell(4,0): 一致率0.0 % Cell(5,0): 一致率0.0 % Cell(6,0): 一致率0.0 % Cell(7,0): 一致率0.0 % Cell(0,1): 一致率0.0 % Cell(1,1): 一致率0.0 % Cell(2,1): 一致率0.0 % Cell(3,1): 一致率0.0 % Cell(4,1): 一致率0.0 % Cell(5,1): 一致率0.0 % Cell(6,1): 一致率0.0 % Cell(7,1): 一致率0.0 % Cell(0,2): 一致率0.0 % Cell(1,2): 一致率0.0 % Cell(2,2): 一致率0.0 % Cell(3,2): 一致率0.0 % Cell(4,2): 一致率0.0 % Cell(5,2): 一致率0.0 % Cell(6,2): 一致率0.0 % Cell(7,2): 一致率0.0 % Cell(0,3): 一致率0.0 % Cell(1,3): 一致率0.0 % Cell(2,3): 一致率0.0 % Cell(3,3): 一致率0.0 % Cell(4,3): 一致率0.0 % Cell(5,3): 一致率0.0 % Cell(6,3): 一致率0.0 % Cell(7,3): 一致率0.0 % Cell(0,4): 一致率0.0 % Cell(1,4): 一致率0.0 % Cell(2,4): 一致率0.0 % Cell(3,4): 一致率0.0 % Cell(4,4): 一致率0.0 % Cell(5,4): 一致率0.0 % Cell(6,4): 一致率0.0 % Cell(7,4): 一致率0.0 % Cell(0,5): 一致率0.0 % Cell(1,5): 一致率0.0 % Cell(2,5): 一致率0.0 % Cell(3,5): 一致率0.0 % Cell(4,5): 一致率0.0 % Cell(5,5): 一致率0.0 % Cell(6,5): 一致率0.0 % Cell(7,5): 一致率0.0 % Cell(0,6): 一致率0.0 % Cell(1,6): 一致率0.0 % Cell(2,6): 一致率0.0 % Cell(3,6): 一致率0.0 % Cell(4,6): 一致率0.0 % Cell(5,6): 一致率0.0 % Cell(6,6): 一致率0.0 % Cell(7,6): 一致率0.0 % "
Stage448,Hex,20,20,あり,なし,0.0 %,"Cell(0,0): 一致率0.0 % Cell(1,0): 一致率0.0 % Cell(2,0): 一致率0.0 % Cell(3,0): 一致率0.0 % Cell(0,1): 一致率0.0 % Cell(1,1): 一致率0.0 % Cell(2,1): 一致率0.0 % Cell(3,1): 一致率0.0 % Cell(0,2): 一致率0.0 % Cell(1,2): 一致率0.0 % Cell(2,2): 一致率0.0 % Cell(3,2): 一致率0.0 % Cell(0,3): 一致率0.0 % Cell(1,3): 一致率0.0 % Cell(2,3): 一致率0.0 % Cell(3,3): 一致率0.0 % Cell(0,4): 一致率0.0 % Cell(1,4): 一致率0.0 % Cell(2,4): 一致率0.0 % Cell(3,4): 一致率0.0 % "
Stage449,Hex,35,35,あり,なし,0.0 %,"Cell(0,0): 一致率0.0 % Cell(1,0): 一致率0.0 % Cell(2,0): 一致率0.0 % Cell(3,0): 一致率0.0 % Cell(4,0): 一致率0.0 % Cell(0,1): 一致率0.0 % Cell(1,1): 一致率0.0 % Cell(2,1): 一致率0.0 % Cell(3,1): 一致率0.0 % Cell(4,1): 一致率0.0 % Cell(0,2): 一致率0.0 % Cell(1,2): 一致率0.0 % Cell(2,2): 一致率0.0 % Cell(3,2): 一致率0.0 % Cell(4,2): 一致率0.0 % Cell(0,3): 一致率0.0 % Cell(1,3): 一致率0.0 % Cell(2,3): 一致率0.0 % Cell(3,3): 一致率0.0 % Cell(4,3): 一致率0.0 % Cell(0,4): 一致率0.0 % Cell(1,4): 一致率0.0 % Cell(2,4): 一致率0.0 % Cell(3,4): 一致率0.0 % Cell(4,4): 一致率0.0 % Cell(0,5): 一致率0.0 % Cell(1,5): 一致率0.0 % Cell(2,5): 一致率0.0 % Cell(3,5): 一致率0.0 % Cell(4,5): 一致率0.0 % Cell(0,6): 一致率0.0 % Cell(1,6): 一致率0.0 % Cell(2,6): 一致率0.0 % Cell(3,6): 一致率0.0 % Cell(4,6): 一致率0.0 % "
Stage450,Hex,56,56,あり,なし,0.0 %,"Cell(0,0): 一致率0.0 % Cell(1,0): 一致率0.0 % Cell(2,0): 一致率0.0 % Cell(3,0): 一致率0.0 % Cell(4,0): 一致率0.0 % Cell(5,0): 一致率0.0 % Cell(6,0): 一致率0.0 % Cell(0,1): 一致率0.0 % Cell(1,1): 一致率0.0 % Cell(2,1): 一致率0.0 % Cell(3,1): 一致率0.0 % Cell(4,1): 一致率0.0 % Cell(5,1): 一致率0.0 % Cell(6,1): 一致率0.0 % Cell(0,2): 一致率0.0 % Cell(1,2): 一致率0.0 % Cell(2,2): 一致率0.0 % Cell(3,2): 一致率0.0 % Cell(4,2): 一致率0.0 % Cell(5,2): 一致率0.0 % Cell(6,2): 一致率0.0 % Cell(0,3): 一致率0.0 % Cell(1,3): 一致率0.0 % Cell(2,3): 一致率0.0 % Cell(3,3): 一致率0.0 % Cell(4,3): 一致率0.0 % Cell(5,3): 一致率0.0 % Cell(6,3): 一致率0.0 % Cell(0,4): 一致率0.0 % Cell(1,4): 一致率0.0 % Cell(2,4): 一致率0.0 % Cell(3,4): 一致率0.0 % Cell(4,4): 一致率0.0 % Cell(5,4): 一致率0.0 % Cell(6,4): 一致率0.0 % Cell(0,5): 一致率0.0 % Cell(1,5): 一致率0.0 % Cell(2,5): 一致率0.0 % Cell(3,5): 一致率0.0 % Cell(4,5): 一致率0.0 % Cell(5,5): 一致率0.0 % Cell(6,5): 一致率0.0 % Cell(0,6): 一致率0.0 % Cell(1,6): 一致率0.0 % Cell(2,6): 一致率0.0 % Cell(3,6): 一致率0.0 % Cell(4,6): 一致率0.0 % Cell(5,6): 一致率0.0 % Cell(6,6): 一致率0.0 % Cell(0,7): 一致率0.0 % Cell(1,7): 一致率0.0 % Cell(2,7): 一致率0.0 % Cell(3,7): 一致率0.0 % Cell(4,7): 一致率0.0 % Cell(5,7): 一致率0.0 % Cell(6,7): 一致率0.0 % "
Stage451,Square,20,20,あり,なし,0.0 %,"Cell(0,0): 一致率0.0 % Cell(1,0): 一致率0.0 % Cell(2,0): 一致率0.0 % Cell(3,0): 一致率0.0 % Cell(0,1): 一致率0.0 % Cell(1,1): 一致率0.0 % Cell(2,1): 一致率0.0 % Cell(3,1): 一致率0.0 % Cell(0,2): 一致率0.0 % Cell(1,2): 一致率0.0 % Cell(2,2): 一致率0.0 % Cell(3,2): 一致率0.0 % Cell(0,3): 一致率0.0 % Cell(1,3): 一致率0.0 % Cell(2,3): 一致率0.0 % Cell(3,3): 一致率0.0 % Cell(0,4): 一致率0.0 % Cell(1,4): 一致率0.0 % Cell(2,4): 一致率0.0 % Cell(3,4): 一致率0.0 % "
Stage452,Square,35,35,あり,なし,0.0 %,"Cell(0,0): 一致率0.0 % Cell(1,0): 一致率0.0 % Cell(2,0): 一致率0.0 % Cell(3,0): 一致率0.0 % Cell(4,0): 一致率0.0 % Cell(0,1): 一致率0.0 % Cell(1,1): 一致率0.0 % Cell(2,1): 一致率0.0 % Cell(3,1): 一致率0.0 % Cell(4,1): 一致率0.0 % Cell(0,2): 一致率0.0 % Cell(1,2): 一致率0.0 % Cell(2,2): 一致率0.0 % Cell(3,2): 一致率0.0 % Cell(4,2): 一致率0.0 % Cell(0,3): 一致率0.0 % Cell(1,3): 一致率0.0 % Cell(2,3): 一致率0.0 % Cell(3,3): 一致率0.0 % Cell(4,3): 一致率0.0 % Cell(0,4): 一致率0.0 % Cell(1,4): 一致率0.0 % Cell(2,4): 一致率0.0 % Cell(3,4): 一致率0.0 % Cell(4,4): 一致率0.0 % Cell(0,5): 一致率0.0 % Cell(1,5): 一致率0.0 % Cell(2,5): 一致率0.0 % Cell(3,5): 一致率0.0 % Cell(4,5): 一致率0.0 % Cell(0,6): 一致率0.0 % Cell(1,6): 一致率0.0 % Cell(2,6): 一致率0.0 % Cell(3,6): 一致率0.0 % Cell(4,6): 一致率0.0 % "
Stage453,Square,48,48,あり,なし,0.0 %,"Cell(0,0): 一致率0.0 % Cell(1,0): 一致率0.0 % Cell(2,0): 一致率0.0 % Cell(3,0): 一致率0.0 % Cell(4,0): 一致率0.0 % Cell(5,0): 一致率0.0 % Cell(0,1): 一致率0.0 % Cell(1,1): 一致率0.0 % Cell(2,1): 一致率0.0 % Cell(3,1): 一致率0.0 % Cell(4,1): 一致率0.0 % Cell(5,1): 一致率0.0 % Cell(0,2): 一致率0.0 % Cell(1,2): 一致率0.0 % Cell(2,2): 一致率0.0 % Cell(3,2): 一致率0.0 % Cell(4,2): 一致率0.0 % Cell(5,2): 一致率0.0 % Cell(0,3): 一致率0.0 % Cell(1,3): 一致率0.0 % Cell(2,3): 一致率0.0 % Cell(3,3): 一致率0.0 % Cell(4,3): 一致率0.0 % Cell(5,3): 一致率0.0 % Cell(0,4): 一致率0.0 % Cell(1,4): 一致率0.0 % Cell(2,4): 一致率0.0 % Cell(3,4): 一致率0.0 % Cell(4,4): 一致率0.0 % Cell(5,4): 一致率0.0 % Cell(0,5): 一致率0.0 % Cell(1,5): 一致率0.0 % Cell(2,5): 一致率0.0 % Cell(3,5): 一致率0.0 % Cell(4,5): 一致率0.0 % Cell(5,5): 一致率0.0 % Cell(0,6): 一致率0.0 % Cell(1,6): 一致率0.0 % Cell(2,6): 一致率0.0 % Cell(3,6): 一致率0.0 % Cell(4,6): 一致率0.0 % Cell(5,6): 一致率0.0 % Cell(0,7): 一致率0.0 % Cell(1,7): 一致率0.0 % Cell(2,7): 一致率0.0 % Cell(3,7): 一致率0.0 % Cell(4,7): 一致率0.0 % Cell(5,7): 一致率0.0 % "
Stage454,Triangle,36,36,あり,なし,0.0 %,"Cell(0,0): 一致率3.0 % Cell(1,0): 一致率3.0 % Cell(2,0): 一致率6.0 % Cell(3,0): 一致率4.0 % Cell(4,0): 一致率7.3 % Cell(5,0): 一致率0.0 % Cell(0,1): 一致率0.0 % Cell(1,1): 一致率0.5 % Cell(2,1): 一致率0.4 % Cell(3,1): 一致率0.1 % Cell(4,1): 一致率2.0 % Cell(5,1): 一致率0.0 % Cell(0,2): 一致率0.2 % Cell(1,2): 一致率0.1 % Cell(2,2): 一致率0.0 % Cell(3,2): 一致率0.0 % Cell(4,2): 一致率0.0 % Cell(5,2): 一致率0.0 % Cell(0,3): 一致率0.3 % Cell(1,3): 一致率0.2 % Cell(2,3): 一致率0.4 % Cell(3,3): 一致率1.1 % Cell(4,3): 一致率0.2 % Cell(5,3): 一致率0.0 % Cell(0,4): 一致率16.0 % Cell(1,4): 一致率0.4 % Cell(2,4): 一致率0.6 % Cell(3,4): 一致率0.2 % Cell(4,4): 一致率0.1 % Cell(5,4): 一致率0.0 % Cell(0,5): 一致率11.6 % Cell(1,5): 一致率2.7 % Cell(2,5): 一致率1.3 % Cell(3,5): 一致率0.5 % Cell(4,5): 一致率0.1 % Cell(5,5): 一致率0.0 % "
Stage455,Triangle,36,36,あり,なし,0.0 %,"Cell(0,0): 一致率1.3 % Cell(1,0): 一致率0.3 % Cell(2,0): 一致率0.0 % Cell(3,0): 一致率0.2 % Cell(4,0): 一致率0.0 % Cell(5,0): 一致率0.0 % Cell(0,1): 一致率0.3 % Cell(1,1): 一致率4.9 % Cell(2,1): 一致率0.4 % Cell(3,1): 一致率0.0 % Cell(4,1): 一致率0.0 % Cell(5,1): 一致率0.0 % Cell(0,2): 一致率0.0 % Cell(1,2): 一致率3.5 % Cell(2,2): 一致率1.0 % Cell(3,2): 一致率0.0 % Cell(4,2): 一致率0.0 % Cell(5,2): 一致率0.0 % Cell(0,3): 一致率0.0 % Cell(1,3): 一致率0.1 % Cell(2,3): 一致率0.0 % Cell(3,3): 一致率0.0 % Cell(4,3): 一致率0.0 % Cell(5,3): 一致率0.0 % Cell(0,4): 一致率0.0 % Cell(1,4): 一致率0.1 % Cell(2,4): 一致率0.1 % Cell(3,4): 一致率0.0 % Cell(4,4): 一致率0.0 % Cell(5,4): 一致率0.0 % Cell(0,5): 一致率0.0 % Cell(1,5): 一致率0.0 % Cell(2,5): 一致率0.1 % Cell(3,5): 一致率0.0 % Cell(4,5): 一致率0.1 % Cell(5,5): 一致率0.0 % "
Stage456,Triangle,49,49,あり,なし,0.0 %,"Cell(0,0): 一致率2.4 % Cell(1,0): 一致率0.9 % Cell(2,0): 一致率0.9 % Cell(3,0): 一致率1.0 % Cell(4,0): 一致率0.3 % Cell(5,0): 一致率0.0 % Cell(6,0): 一致率0.0 % Cell(0,1): 一致率1.4 % Cell(1,1): 一致率1.4 % Cell(2,1): 一致率1.9 % Cell(3,1): 一致率1.6 % Cell(4,1): 一致率0.5 % Cell(5,1): 一致率0.0 % Cell(6,1): 一致率0.0 % Cell(0,2): 一致率1.2 % Cell(1,2): 一致率1.3 % Cell(2,2): 一致率0.4 % Cell(3,2): 一致率0.4 % Cell(4,2): 一致率2.6 % Cell(5,2): 一致率0.0 % Cell(6,2): 一致率0.0 % Cell(0,3): 一致率0.9 % Cell(1,3): 一致率0.9 % Cell(2,3): 一致率0.3 % Cell(3,3): 一致率2.3 % Cell(4,3): 一致率0.9 % Cell(5,3): 一致率0.0 % Cell(6,3): 一致率0.0 % Cell(0,4): 一致率2.2 % Cell(1,4): 一致率0.1 % Cell(2,4): 一致率0.0 % Cell(3,4): 一致率0.1 % Cell(4,4): 一致率0.7 % Cell(5,4): 一致率0.0 % Cell(6,4): 一致率0.0 % Cell(0,5): 一致率10.2 % Cell(1,5): 一致率2.0 % Cell(2,5): 一致率0.6 % Cell(3,5): 一致率0.2 % Cell(4,5): 一致率0.2 % Cell(5,5): 一致率0.0 % Cell(6,5): 一致率0.0 % Cell(0,6): 一致率0.1 % Cell(1,6): 一致率0.2 % Cell(2,6): 一致率0.4 % Cell(3,6): 一致率0.1 % Cell(4,6): 一致率0.7 % Cell(5,6): 一致率0.0 % Cell(6,6): 一致率0.0 % "
Stage457,Hex,20,20,あり,なし,0.0 %,"Cell(0,0): 一致率0.0 % Cell(1,0): 一致率0.0 % Cell(2,0): 一致率0.0 % Cell(3,0): 一致率0.0 % Cell(0,1): 一致率0.0 % Cell(1,1): 一致率0.0 % Cell(2,1): 一致率0.0 % Cell(3,1): 一致率0.0 % Cell(0,2): 一致率0.0 % Cell(1,2): 一致率0.0 % Cell(2,2): 一致率0.0 % Cell(3,2): 一致率0.0 % Cell(0,3): 一致率0.0 % Cell(1,3): 一致率0.0 % Cell(2,3): 一致率0.0 % Cell(3,3): 一致率0.0 % Cell(0,4): 一致率0.0 % Cell(1,4): 一致率0.0 % Cell(2,4): 一致率0.0 % Cell(3,4): 一致率0.0 % "
Stage458,Hex,35,35,あり,なし,0.0 %,"Cell(0,0): 一致率0.0 % Cell(1,0): 一致率0.0 % Cell(2,0): 一致率0.0 % Cell(3,0): 一致率0.0 % Cell(4,0): 一致率0.0 % Cell(0,1): 一致率0.0 % Cell(1,1): 一致率0.0 % Cell(2,1): 一致率0.0 % Cell(3,1): 一致率0.0 % Cell(4,1): 一致率0.0 % Cell(0,2): 一致率0.0 % Cell(1,2): 一致率0.0 % Cell(2,2): 一致率0.0 % Cell(3,2): 一致率0.0 % Cell(4,2): 一致率0.0 % Cell(0,3): 一致率0.0 % Cell(1,3): 一致率0.0 % Cell(2,3): 一致率0.0 % Cell(3,3): 一致率0.0 % Cell(4,3): 一致率0.0 % Cell(0,4): 一致率0.0 % Cell(1,4): 一致率0.0 % Cell(2,4): 一致率0.0 % Cell(3,4): 一致率0.0 % Cell(4,4): 一致率0.0 % Cell(0,5): 一致率0.0 % Cell(1,5): 一致率0.0 % Cell(2,5): 一致率0.0 % Cell(3,5): 一致率0.0 % Cell(4,5): 一致率0.0 % Cell(0,6): 一致率0.0 % Cell(1,6): 一致率0.0 % Cell(2,6): 一致率0.0 % Cell(3,6): 一致率0.0 % Cell(4,6): 一致率0.0 % "
Stage459,Hex,48,0,なし,なし,100.0 %,"Texture取得失敗/読取不可: 48セル "
Stage460,Square,35,35,あり,なし,0.0 %,"Cell(0,0): 一致率0.0 % Cell(1,0): 一致率0.0 % Cell(2,0): 一致率0.0 % Cell(3,0): 一致率0.0 % Cell(4,0): 一致率0.0 % Cell(0,1): 一致率0.0 % Cell(1,1): 一致率0.0 % Cell(2,1): 一致率0.0 % Cell(3,1): 一致率0.0 % Cell(4,1): 一致率0.0 % Cell(0,2): 一致率0.0 % Cell(1,2): 一致率0.0 % Cell(2,2): 一致率0.0 % Cell(3,2): 一致率0.0 % Cell(4,2): 一致率0.0 % Cell(0,3): 一致率0.0 % Cell(1,3): 一致率0.0 % Cell(2,3): 一致率0.0 % Cell(3,3): 一致率0.0 % Cell(4,3): 一致率0.0 % Cell(0,4): 一致率0.0 % Cell(1,4): 一致率0.0 % Cell(2,4): 一致率0.0 % Cell(3,4): 一致率0.0 % Cell(4,4): 一致率0.0 % Cell(0,5): 一致率0.0 % Cell(1,5): 一致率0.0 % Cell(2,5): 一致率0.0 % Cell(3,5): 一致率0.0 % Cell(4,5): 一致率0.0 % Cell(0,6): 一致率0.0 % Cell(1,6): 一致率0.0 % Cell(2,6): 一致率0.0 % Cell(3,6): 一致率0.0 % Cell(4,6): 一致率0.0 % "
Stage461,Square,35,35,あり,なし,0.0 %,"Cell(0,0): 一致率0.0 % Cell(1,0): 一致率0.0 % Cell(2,0): 一致率0.0 % Cell(3,0): 一致率0.0 % Cell(4,0): 一致率0.0 % Cell(0,1): 一致率0.0 % Cell(1,1): 一致率0.0 % Cell(2,1): 一致率0.0 % Cell(3,1): 一致率0.0 % Cell(4,1): 一致率0.0 % Cell(0,2): 一致率0.0 % Cell(1,2): 一致率0.0 % Cell(2,2): 一致率0.0 % Cell(3,2): 一致率0.0 % Cell(4,2): 一致率0.0 % Cell(0,3): 一致率0.0 % Cell(1,3): 一致率0.0 % Cell(2,3): 一致率0.0 % Cell(3,3): 一致率0.0 % Cell(4,3): 一致率0.0 % Cell(0,4): 一致率0.0 % Cell(1,4): 一致率0.0 % Cell(2,4): 一致率0.0 % Cell(3,4): 一致率0.0 % Cell(4,4): 一致率0.0 % Cell(0,5): 一致率0.0 % Cell(1,5): 一致率0.0 % Cell(2,5): 一致率0.0 % Cell(3,5): 一致率0.0 % Cell(4,5): 一致率0.0 % Cell(0,6): 一致率0.0 % Cell(1,6): 一致率0.0 % Cell(2,6): 一致率0.0 % Cell(3,6): 一致率0.0 % Cell(4,6): 一致率0.0 % "
Stage462,Square,48,48,あり,なし,0.0 %,"Cell(0,0): 一致率0.0 % Cell(1,0): 一致率0.0 % Cell(2,0): 一致率0.0 % Cell(3,0): 一致率0.0 % Cell(4,0): 一致率0.0 % Cell(5,0): 一致率0.0 % Cell(0,1): 一致率0.0 % Cell(1,1): 一致率0.0 % Cell(2,1): 一致率0.0 % Cell(3,1): 一致率0.0 % Cell(4,1): 一致率0.0 % Cell(5,1): 一致率0.0 % Cell(0,2): 一致率0.0 % Cell(1,2): 一致率0.0 % Cell(2,2): 一致率0.0 % Cell(3,2): 一致率0.0 % Cell(4,2): 一致率0.0 % Cell(5,2): 一致率0.0 % Cell(0,3): 一致率0.0 % Cell(1,3): 一致率0.0 % Cell(2,3): 一致率0.0 % Cell(3,3): 一致率0.0 % Cell(4,3): 一致率0.0 % Cell(5,3): 一致率0.0 % Cell(0,4): 一致率0.0 % Cell(1,4): 一致率0.0 % Cell(2,4): 一致率0.0 % Cell(3,4): 一致率0.0 % Cell(4,4): 一致率0.0 % Cell(5,4): 一致率0.0 % Cell(0,5): 一致率0.0 % Cell(1,5): 一致率0.0 % Cell(2,5): 一致率0.0 % Cell(3,5): 一致率0.0 % Cell(4,5): 一致率0.0 % Cell(5,5): 一致率0.0 % Cell(0,6): 一致率0.0 % Cell(1,6): 一致率0.0 % Cell(2,6): 一致率0.0 % Cell(3,6): 一致率0.0 % Cell(4,6): 一致率0.0 % Cell(5,6): 一致率0.0 % Cell(0,7): 一致率0.0 % Cell(1,7): 一致率0.0 % Cell(2,7): 一致率0.0 % Cell(3,7): 一致率0.0 % Cell(4,7): 一致率0.0 % Cell(5,7): 一致率0.0 % "
Stage463,Triangle,20,20,あり,なし,0.0 %,"Cell(0,0): 一致率0.0 % Cell(1,0): 一致率0.1 % Cell(2,0): 一致率0.0 % Cell(3,0): 一致率0.0 % Cell(0,1): 一致率0.0 % Cell(1,1): 一致率0.1 % Cell(2,1): 一致率0.0 % Cell(3,1): 一致率0.0 % Cell(0,2): 一致率0.1 % Cell(1,2): 一致率0.0 % Cell(2,2): 一致率0.2 % Cell(3,2): 一致率0.0 % Cell(0,3): 一致率0.8 % Cell(1,3): 一致率6.0 % Cell(2,3): 一致率2.1 % Cell(3,3): 一致率0.0 % Cell(0,4): 一致率0.0 % Cell(1,4): 一致率10.3 % Cell(2,4): 一致率33.0 % Cell(3,4): 一致率0.0 % "
Stage464,Triangle,36,36,あり,なし,0.0 %,"Cell(0,0): 一致率0.0 % Cell(1,0): 一致率0.0 % Cell(2,0): 一致率0.2 % Cell(3,0): 一致率0.3 % Cell(4,0): 一致率0.6 % Cell(5,0): 一致率0.0 % Cell(0,1): 一致率0.1 % Cell(1,1): 一致率3.3 % Cell(2,1): 一致率0.0 % Cell(3,1): 一致率0.0 % Cell(4,1): 一致率0.1 % Cell(5,1): 一致率0.0 % Cell(0,2): 一致率0.0 % Cell(1,2): 一致率0.1 % Cell(2,2): 一致率1.2 % Cell(3,2): 一致率0.0 % Cell(4,2): 一致率0.0 % Cell(5,2): 一致率0.0 % Cell(0,3): 一致率0.2 % Cell(1,3): 一致率0.8 % Cell(2,3): 一致率0.9 % Cell(3,3): 一致率0.0 % Cell(4,3): 一致率0.0 % Cell(5,3): 一致率0.0 % Cell(0,4): 一致率11.3 % Cell(1,4): 一致率0.9 % Cell(2,4): 一致率0.9 % Cell(3,4): 一致率1.1 % Cell(4,4): 一致率2.0 % Cell(5,4): 一致率0.0 % Cell(0,5): 一致率1.1 % Cell(1,5): 一致率0.0 % Cell(2,5): 一致率2.0 % Cell(3,5): 一致率0.4 % Cell(4,5): 一致率0.0 % Cell(5,5): 一致率0.0 % "
Stage465,Triangle,56,56,あり,なし,0.0 %,"Cell(0,0): 一致率0.0 % Cell(1,0): 一致率0.0 % Cell(2,0): 一致率0.0 % Cell(3,0): 一致率0.0 % Cell(4,0): 一致率0.0 % Cell(5,0): 一致率0.0 % Cell(6,0): 一致率0.0 % Cell(7,0): 一致率0.0 % Cell(0,1): 一致率0.0 % Cell(1,1): 一致率0.0 % Cell(2,1): 一致率0.0 % Cell(3,1): 一致率0.0 % Cell(4,1): 一致率0.0 % Cell(5,1): 一致率0.0 % Cell(6,1): 一致率0.0 % Cell(7,1): 一致率0.0 % Cell(0,2): 一致率0.0 % Cell(1,2): 一致率0.0 % Cell(2,2): 一致率0.0 % Cell(3,2): 一致率0.0 % Cell(4,2): 一致率0.0 % Cell(5,2): 一致率0.0 % Cell(6,2): 一致率0.0 % Cell(7,2): 一致率0.0 % Cell(0,3): 一致率0.0 % Cell(1,3): 一致率0.0 % Cell(2,3): 一致率0.0 % Cell(3,3): 一致率0.0 % Cell(4,3): 一致率0.0 % Cell(5,3): 一致率0.0 % Cell(6,3): 一致率0.0 % Cell(7,3): 一致率0.0 % Cell(0,4): 一致率0.0 % Cell(1,4): 一致率0.0 % Cell(2,4): 一致率0.0 % Cell(3,4): 一致率0.0 % Cell(4,4): 一致率0.0 % Cell(5,4): 一致率0.0 % Cell(6,4): 一致率0.0 % Cell(7,4): 一致率0.0 % Cell(0,5): 一致率0.0 % Cell(1,5): 一致率0.0 % Cell(2,5): 一致率0.0 % Cell(3,5): 一致率0.0 % Cell(4,5): 一致率0.0 % Cell(5,5): 一致率0.0 % Cell(6,5): 一致率0.0 % Cell(7,5): 一致率0.0 % Cell(0,6): 一致率0.0 % Cell(1,6): 一致率0.0 % Cell(2,6): 一致率0.0 % Cell(3,6): 一致率0.0 % Cell(4,6): 一致率0.0 % Cell(5,6): 一致率0.0 % Cell(6,6): 一致率0.0 % Cell(7,6): 一致率0.0 % "
Stage466,Hex,20,20,あり,なし,0.0 %,"Cell(0,0): 一致率0.0 % Cell(1,0): 一致率0.0 % Cell(2,0): 一致率0.0 % Cell(3,0): 一致率0.0 % Cell(0,1): 一致率0.0 % Cell(1,1): 一致率0.0 % Cell(2,1): 一致率0.0 % Cell(3,1): 一致率0.0 % Cell(0,2): 一致率0.0 % Cell(1,2): 一致率0.0 % Cell(2,2): 一致率0.0 % Cell(3,2): 一致率0.0 % Cell(0,3): 一致率0.0 % Cell(1,3): 一致率0.0 % Cell(2,3): 一致率0.0 % Cell(3,3): 一致率0.0 % Cell(0,4): 一致率0.0 % Cell(1,4): 一致率0.0 % Cell(2,4): 一致率0.0 % Cell(3,4): 一致率0.0 % "
Stage467,Hex,35,35,あり,なし,0.0 %,"Cell(0,0): 一致率0.0 % Cell(1,0): 一致率0.0 % Cell(2,0): 一致率0.0 % Cell(3,0): 一致率0.0 % Cell(4,0): 一致率0.0 % Cell(0,1): 一致率0.0 % Cell(1,1): 一致率0.0 % Cell(2,1): 一致率0.0 % Cell(3,1): 一致率0.0 % Cell(4,1): 一致率0.0 % Cell(0,2): 一致率0.0 % Cell(1,2): 一致率0.0 % Cell(2,2): 一致率0.0 % Cell(3,2): 一致率0.0 % Cell(4,2): 一致率0.0 % Cell(0,3): 一致率0.0 % Cell(1,3): 一致率0.0 % Cell(2,3): 一致率0.0 % Cell(3,3): 一致率0.0 % Cell(4,3): 一致率0.0 % Cell(0,4): 一致率0.0 % Cell(1,4): 一致率0.0 % Cell(2,4): 一致率0.0 % Cell(3,4): 一致率0.0 % Cell(4,4): 一致率0.0 % Cell(0,5): 一致率0.0 % Cell(1,5): 一致率0.0 % Cell(2,5): 一致率0.0 % Cell(3,5): 一致率0.0 % Cell(4,5): 一致率0.0 % Cell(0,6): 一致率0.0 % Cell(1,6): 一致率0.0 % Cell(2,6): 一致率0.0 % Cell(3,6): 一致率0.0 % Cell(4,6): 一致率0.0 % "
Stage468,Hex,56,56,あり,なし,0.0 %,"Cell(0,0): 一致率0.0 % Cell(1,0): 一致率0.0 % Cell(2,0): 一致率0.0 % Cell(3,0): 一致率0.0 % Cell(4,0): 一致率0.0 % Cell(5,0): 一致率0.0 % Cell(6,0): 一致率0.0 % Cell(0,1): 一致率0.0 % Cell(1,1): 一致率0.0 % Cell(2,1): 一致率0.0 % Cell(3,1): 一致率0.0 % Cell(4,1): 一致率0.0 % Cell(5,1): 一致率0.0 % Cell(6,1): 一致率0.0 % Cell(0,2): 一致率0.0 % Cell(1,2): 一致率0.0 % Cell(2,2): 一致率0.0 % Cell(3,2): 一致率0.0 % Cell(4,2): 一致率0.0 % Cell(5,2): 一致率0.0 % Cell(6,2): 一致率0.0 % Cell(0,3): 一致率0.0 % Cell(1,3): 一致率0.0 % Cell(2,3): 一致率0.0 % Cell(3,3): 一致率0.0 % Cell(4,3): 一致率0.0 % Cell(5,3): 一致率0.0 % Cell(6,3): 一致率0.0 % Cell(0,4): 一致率0.0 % Cell(1,4): 一致率0.0 % Cell(2,4): 一致率0.0 % Cell(3,4): 一致率0.0 % Cell(4,4): 一致率0.0 % Cell(5,4): 一致率0.0 % Cell(6,4): 一致率0.0 % Cell(0,5): 一致率0.0 % Cell(1,5): 一致率0.0 % Cell(2,5): 一致率0.0 % Cell(3,5): 一致率0.0 % Cell(4,5): 一致率0.0 % Cell(5,5): 一致率0.0 % Cell(6,5): 一致率0.0 % Cell(0,6): 一致率0.0 % Cell(1,6): 一致率0.0 % Cell(2,6): 一致率0.0 % Cell(3,6): 一致率0.0 % Cell(4,6): 一致率0.0 % Cell(5,6): 一致率0.0 % Cell(6,6): 一致率0.0 % Cell(0,7): 一致率0.0 % Cell(1,7): 一致率0.0 % Cell(2,7): 一致率0.0 % Cell(3,7): 一致率0.0 % Cell(4,7): 一致率0.0 % Cell(5,7): 一致率0.0 % Cell(6,7): 一致率0.0 % "
Stage469,Square,35,35,あり,なし,0.0 %,"Cell(0,0): 一致率0.0 % Cell(1,0): 一致率0.0 % Cell(2,0): 一致率0.0 % Cell(3,0): 一致率0.0 % Cell(4,0): 一致率0.0 % Cell(0,1): 一致率0.0 % Cell(1,1): 一致率0.0 % Cell(2,1): 一致率0.0 % Cell(3,1): 一致率0.0 % Cell(4,1): 一致率0.0 % Cell(0,2): 一致率0.0 % Cell(1,2): 一致率0.0 % Cell(2,2): 一致率0.0 % Cell(3,2): 一致率0.0 % Cell(4,2): 一致率0.0 % Cell(0,3): 一致率0.0 % Cell(1,3): 一致率0.0 % Cell(2,3): 一致率0.0 % Cell(3,3): 一致率0.0 % Cell(4,3): 一致率0.0 % Cell(0,4): 一致率0.0 % Cell(1,4): 一致率0.0 % Cell(2,4): 一致率0.0 % Cell(3,4): 一致率0.0 % Cell(4,4): 一致率0.0 % Cell(0,5): 一致率0.0 % Cell(1,5): 一致率0.0 % Cell(2,5): 一致率0.0 % Cell(3,5): 一致率0.0 % Cell(4,5): 一致率0.0 % Cell(0,6): 一致率0.0 % Cell(1,6): 一致率0.0 % Cell(2,6): 一致率0.0 % Cell(3,6): 一致率0.0 % Cell(4,6): 一致率0.0 % "
Stage470,Square,35,35,あり,なし,0.0 %,"Cell(0,0): 一致率0.0 % Cell(1,0): 一致率0.0 % Cell(2,0): 一致率0.0 % Cell(3,0): 一致率0.0 % Cell(4,0): 一致率0.0 % Cell(0,1): 一致率0.0 % Cell(1,1): 一致率0.0 % Cell(2,1): 一致率0.0 % Cell(3,1): 一致率0.0 % Cell(4,1): 一致率0.0 % Cell(0,2): 一致率0.0 % Cell(1,2): 一致率0.0 % Cell(2,2): 一致率0.0 % Cell(3,2): 一致率0.0 % Cell(4,2): 一致率0.0 % Cell(0,3): 一致率0.0 % Cell(1,3): 一致率0.0 % Cell(2,3): 一致率0.0 % Cell(3,3): 一致率0.0 % Cell(4,3): 一致率0.0 % Cell(0,4): 一致率0.0 % Cell(1,4): 一致率0.0 % Cell(2,4): 一致率0.0 % Cell(3,4): 一致率0.0 % Cell(4,4): 一致率0.0 % Cell(0,5): 一致率0.0 % Cell(1,5): 一致率0.0 % Cell(2,5): 一致率0.0 % Cell(3,5): 一致率0.0 % Cell(4,5): 一致率0.0 % Cell(0,6): 一致率0.0 % Cell(1,6): 一致率0.0 % Cell(2,6): 一致率0.0 % Cell(3,6): 一致率0.0 % Cell(4,6): 一致率0.0 % "
Stage471,Square,48,48,あり,なし,0.0 %,"Cell(0,0): 一致率0.0 % Cell(1,0): 一致率0.0 % Cell(2,0): 一致率0.0 % Cell(3,0): 一致率0.0 % Cell(4,0): 一致率0.0 % Cell(5,0): 一致率0.0 % Cell(0,1): 一致率0.0 % Cell(1,1): 一致率0.0 % Cell(2,1): 一致率0.0 % Cell(3,1): 一致率0.0 % Cell(4,1): 一致率0.0 % Cell(5,1): 一致率0.0 % Cell(0,2): 一致率0.0 % Cell(1,2): 一致率0.0 % Cell(2,2): 一致率0.0 % Cell(3,2): 一致率0.0 % Cell(4,2): 一致率0.0 % Cell(5,2): 一致率0.0 % Cell(0,3): 一致率0.0 % Cell(1,3): 一致率0.0 % Cell(2,3): 一致率0.0 % Cell(3,3): 一致率0.0 % Cell(4,3): 一致率0.0 % Cell(5,3): 一致率0.0 % Cell(0,4): 一致率0.0 % Cell(1,4): 一致率0.0 % Cell(2,4): 一致率0.0 % Cell(3,4): 一致率0.0 % Cell(4,4): 一致率0.0 % Cell(5,4): 一致率0.0 % Cell(0,5): 一致率0.0 % Cell(1,5): 一致率0.0 % Cell(2,5): 一致率0.0 % Cell(3,5): 一致率0.0 % Cell(4,5): 一致率0.0 % Cell(5,5): 一致率0.0 % Cell(0,6): 一致率0.0 % Cell(1,6): 一致率0.0 % Cell(2,6): 一致率0.0 % Cell(3,6): 一致率0.0 % Cell(4,6): 一致率0.0 % Cell(5,6): 一致率0.0 % Cell(0,7): 一致率0.0 % Cell(1,7): 一致率0.0 % Cell(2,7): 一致率0.0 % Cell(3,7): 一致率0.0 % Cell(4,7): 一致率0.0 % Cell(5,7): 一致率0.0 % "
Stage472,Triangle,36,36,あり,なし,0.0 %,"Cell(0,0): 一致率0.1 % Cell(1,0): 一致率0.3 % Cell(2,0): 一致率0.2 % Cell(3,0): 一致率0.1 % Cell(4,0): 一致率0.1 % Cell(5,0): 一致率0.0 % Cell(0,1): 一致率0.3 % Cell(1,1): 一致率2.5 % Cell(2,1): 一致率0.2 % Cell(3,1): 一致率0.0 % Cell(4,1): 一致率0.0 % Cell(5,1): 一致率0.0 % Cell(0,2): 一致率0.4 % Cell(1,2): 一致率0.4 % Cell(2,2): 一致率0.1 % Cell(3,2): 一致率0.1 % Cell(4,2): 一致率0.1 % Cell(5,2): 一致率0.0 % Cell(0,3): 一致率0.1 % Cell(1,3): 一致率0.6 % Cell(2,3): 一致率0.3 % Cell(3,3): 一致率0.1 % Cell(4,3): 一致率0.3 % Cell(5,3): 一致率0.0 % Cell(0,4): 一致率1.0 % Cell(1,4): 一致率0.5 % Cell(2,4): 一致率0.5 % Cell(3,4): 一致率0.1 % Cell(4,4): 一致率0.7 % Cell(5,4): 一致率0.0 % Cell(0,5): 一致率1.6 % Cell(1,5): 一致率1.5 % Cell(2,5): 一致率1.8 % Cell(3,5): 一致率1.4 % Cell(4,5): 一致率2.4 % Cell(5,5): 一致率0.0 % "
Stage473,Triangle,36,36,あり,なし,0.0 %,"Cell(0,0): 一致率0.2 % Cell(1,0): 一致率0.3 % Cell(2,0): 一致率1.7 % Cell(3,0): 一致率0.2 % Cell(4,0): 一致率0.1 % Cell(5,0): 一致率0.0 % Cell(0,1): 一致率0.0 % Cell(1,1): 一致率0.4 % Cell(2,1): 一致率3.4 % Cell(3,1): 一致率0.1 % Cell(4,1): 一致率0.1 % Cell(5,1): 一致率0.0 % Cell(0,2): 一致率0.4 % Cell(1,2): 一致率0.2 % Cell(2,2): 一致率0.2 % Cell(3,2): 一致率0.3 % Cell(4,2): 一致率0.0 % Cell(5,2): 一致率0.0 % Cell(0,3): 一致率0.1 % Cell(1,3): 一致率0.1 % Cell(2,3): 一致率0.2 % Cell(3,3): 一致率0.0 % Cell(4,3): 一致率2.7 % Cell(5,3): 一致率0.0 % Cell(0,4): 一致率2.9 % Cell(1,4): 一致率0.3 % Cell(2,4): 一致率0.5 % Cell(3,4): 一致率0.4 % Cell(4,4): 一致率0.2 % Cell(5,4): 一致率0.0 % Cell(0,5): 一致率4.4 % Cell(1,5): 一致率3.1 % Cell(2,5): 一致率0.9 % Cell(3,5): 一致率0.4 % Cell(4,5): 一致率1.6 % Cell(5,5): 一致率0.0 % "
Stage474,Triangle,56,56,あり,なし,0.0 %,"Cell(0,0): 一致率0.0 % Cell(1,0): 一致率0.0 % Cell(2,0): 一致率0.0 % Cell(3,0): 一致率0.0 % Cell(4,0): 一致率0.0 % Cell(5,0): 一致率0.0 % Cell(6,0): 一致率0.0 % Cell(7,0): 一致率0.0 % Cell(0,1): 一致率0.0 % Cell(1,1): 一致率0.0 % Cell(2,1): 一致率0.0 % Cell(3,1): 一致率0.0 % Cell(4,1): 一致率0.0 % Cell(5,1): 一致率0.0 % Cell(6,1): 一致率0.0 % Cell(7,1): 一致率0.0 % Cell(0,2): 一致率0.0 % Cell(1,2): 一致率0.0 % Cell(2,2): 一致率0.0 % Cell(3,2): 一致率0.0 % Cell(4,2): 一致率0.0 % Cell(5,2): 一致率0.0 % Cell(6,2): 一致率0.0 % Cell(7,2): 一致率0.0 % Cell(0,3): 一致率0.0 % Cell(1,3): 一致率0.0 % Cell(2,3): 一致率0.0 % Cell(3,3): 一致率0.0 % Cell(4,3): 一致率0.0 % Cell(5,3): 一致率0.0 % Cell(6,3): 一致率0.0 % Cell(7,3): 一致率0.0 % Cell(0,4): 一致率0.0 % Cell(1,4): 一致率0.0 % Cell(2,4): 一致率0.0 % Cell(3,4): 一致率0.0 % Cell(4,4): 一致率0.0 % Cell(5,4): 一致率0.0 % Cell(6,4): 一致率0.0 % Cell(7,4): 一致率0.0 % Cell(0,5): 一致率0.0 % Cell(1,5): 一致率0.0 % Cell(2,5): 一致率0.0 % Cell(3,5): 一致率0.0 % Cell(4,5): 一致率0.0 % Cell(5,5): 一致率0.0 % Cell(6,5): 一致率0.0 % Cell(7,5): 一致率0.0 % Cell(0,6): 一致率0.0 % Cell(1,6): 一致率0.0 % Cell(2,6): 一致率0.0 % Cell(3,6): 一致率0.0 % Cell(4,6): 一致率0.0 % Cell(5,6): 一致率0.0 % Cell(6,6): 一致率0.0 % Cell(7,6): 一致率0.0 % "
Stage475,Hex,20,20,あり,なし,0.0 %,"Cell(0,0): 一致率0.0 % Cell(1,0): 一致率0.0 % Cell(2,0): 一致率0.0 % Cell(3,0): 一致率0.0 % Cell(0,1): 一致率0.0 % Cell(1,1): 一致率0.0 % Cell(2,1): 一致率0.0 % Cell(3,1): 一致率0.0 % Cell(0,2): 一致率0.0 % Cell(1,2): 一致率0.0 % Cell(2,2): 一致率0.0 % Cell(3,2): 一致率0.0 % Cell(0,3): 一致率0.0 % Cell(1,3): 一致率0.0 % Cell(2,3): 一致率0.0 % Cell(3,3): 一致率0.0 % Cell(0,4): 一致率0.0 % Cell(1,4): 一致率0.0 % Cell(2,4): 一致率0.0 % Cell(3,4): 一致率0.0 % "
Stage476,Hex,35,35,あり,なし,0.0 %,"Cell(0,0): 一致率0.0 % Cell(1,0): 一致率0.0 % Cell(2,0): 一致率0.0 % Cell(3,0): 一致率0.0 % Cell(4,0): 一致率0.0 % Cell(0,1): 一致率0.0 % Cell(1,1): 一致率0.0 % Cell(2,1): 一致率0.0 % Cell(3,1): 一致率0.0 % Cell(4,1): 一致率0.0 % Cell(0,2): 一致率0.0 % Cell(1,2): 一致率0.0 % Cell(2,2): 一致率0.0 % Cell(3,2): 一致率0.0 % Cell(4,2): 一致率0.0 % Cell(0,3): 一致率0.0 % Cell(1,3): 一致率0.0 % Cell(2,3): 一致率0.0 % Cell(3,3): 一致率0.0 % Cell(4,3): 一致率0.0 % Cell(0,4): 一致率0.0 % Cell(1,4): 一致率0.0 % Cell(2,4): 一致率0.0 % Cell(3,4): 一致率0.0 % Cell(4,4): 一致率0.0 % Cell(0,5): 一致率0.0 % Cell(1,5): 一致率0.0 % Cell(2,5): 一致率0.0 % Cell(3,5): 一致率0.0 % Cell(4,5): 一致率0.0 % Cell(0,6): 一致率0.0 % Cell(1,6): 一致率0.0 % Cell(2,6): 一致率0.0 % Cell(3,6): 一致率0.0 % Cell(4,6): 一致率0.0 % "
Stage477,Hex,56,56,あり,なし,0.0 %,"Cell(0,0): 一致率0.0 % Cell(1,0): 一致率0.0 % Cell(2,0): 一致率0.0 % Cell(3,0): 一致率0.0 % Cell(4,0): 一致率0.0 % Cell(5,0): 一致率0.0 % Cell(6,0): 一致率0.0 % Cell(0,1): 一致率0.0 % Cell(1,1): 一致率0.0 % Cell(2,1): 一致率0.0 % Cell(3,1): 一致率0.0 % Cell(4,1): 一致率0.0 % Cell(5,1): 一致率0.0 % Cell(6,1): 一致率0.0 % Cell(0,2): 一致率0.0 % Cell(1,2): 一致率0.0 % Cell(2,2): 一致率0.0 % Cell(3,2): 一致率0.0 % Cell(4,2): 一致率0.0 % Cell(5,2): 一致率0.0 % Cell(6,2): 一致率0.0 % Cell(0,3): 一致率0.0 % Cell(1,3): 一致率0.0 % Cell(2,3): 一致率0.0 % Cell(3,3): 一致率0.0 % Cell(4,3): 一致率0.0 % Cell(5,3): 一致率0.0 % Cell(6,3): 一致率0.0 % Cell(0,4): 一致率0.0 % Cell(1,4): 一致率0.0 % Cell(2,4): 一致率0.0 % Cell(3,4): 一致率0.0 % Cell(4,4): 一致率0.0 % Cell(5,4): 一致率0.0 % Cell(6,4): 一致率0.0 % Cell(0,5): 一致率0.0 % Cell(1,5): 一致率0.0 % Cell(2,5): 一致率0.0 % Cell(3,5): 一致率0.0 % Cell(4,5): 一致率0.0 % Cell(5,5): 一致率0.0 % Cell(6,5): 一致率0.0 % Cell(0,6): 一致率0.0 % Cell(1,6): 一致率0.0 % Cell(2,6): 一致率0.0 % Cell(3,6): 一致率0.0 % Cell(4,6): 一致率0.0 % Cell(5,6): 一致率0.0 % Cell(6,6): 一致率0.0 % Cell(0,7): 一致率0.0 % Cell(1,7): 一致率0.0 % Cell(2,7): 一致率0.0 % Cell(3,7): 一致率0.0 % Cell(4,7): 一致率0.0 % Cell(5,7): 一致率0.0 % Cell(6,7): 一致率0.0 % "
Stage478,Square,20,20,あり,なし,0.0 %,"Cell(0,0): 一致率0.0 % Cell(1,0): 一致率0.0 % Cell(2,0): 一致率0.0 % Cell(3,0): 一致率0.0 % Cell(0,1): 一致率0.0 % Cell(1,1): 一致率0.0 % Cell(2,1): 一致率0.0 % Cell(3,1): 一致率0.0 % Cell(0,2): 一致率0.0 % Cell(1,2): 一致率0.0 % Cell(2,2): 一致率0.0 % Cell(3,2): 一致率0.0 % Cell(0,3): 一致率0.0 % Cell(1,3): 一致率0.0 % Cell(2,3): 一致率0.0 % Cell(3,3): 一致率0.0 % Cell(0,4): 一致率0.0 % Cell(1,4): 一致率0.0 % Cell(2,4): 一致率0.0 % Cell(3,4): 一致率0.0 % "
Stage479,Square,35,35,あり,なし,0.0 %,"Cell(0,0): 一致率0.0 % Cell(1,0): 一致率0.0 % Cell(2,0): 一致率0.0 % Cell(3,0): 一致率0.0 % Cell(4,0): 一致率0.0 % Cell(0,1): 一致率0.0 % Cell(1,1): 一致率0.0 % Cell(2,1): 一致率0.0 % Cell(3,1): 一致率0.0 % Cell(4,1): 一致率0.0 % Cell(0,2): 一致率0.0 % Cell(1,2): 一致率0.0 % Cell(2,2): 一致率0.0 % Cell(3,2): 一致率0.0 % Cell(4,2): 一致率0.0 % Cell(0,3): 一致率0.0 % Cell(1,3): 一致率0.0 % Cell(2,3): 一致率0.0 % Cell(3,3): 一致率0.0 % Cell(4,3): 一致率0.0 % Cell(0,4): 一致率0.0 % Cell(1,4): 一致率0.0 % Cell(2,4): 一致率0.0 % Cell(3,4): 一致率0.0 % Cell(4,4): 一致率0.0 % Cell(0,5): 一致率0.0 % Cell(1,5): 一致率0.0 % Cell(2,5): 一致率0.0 % Cell(3,5): 一致率0.0 % Cell(4,5): 一致率0.0 % Cell(0,6): 一致率0.0 % Cell(1,6): 一致率0.0 % Cell(2,6): 一致率0.0 % Cell(3,6): 一致率0.0 % Cell(4,6): 一致率0.0 % "
Stage480,Square,48,48,あり,なし,0.0 %,"Cell(0,0): 一致率0.0 % Cell(1,0): 一致率0.0 % Cell(2,0): 一致率0.0 % Cell(3,0): 一致率0.0 % Cell(4,0): 一致率0.0 % Cell(5,0): 一致率0.0 % Cell(0,1): 一致率0.0 % Cell(1,1): 一致率0.0 % Cell(2,1): 一致率0.0 % Cell(3,1): 一致率0.0 % Cell(4,1): 一致率0.0 % Cell(5,1): 一致率0.0 % Cell(0,2): 一致率0.0 % Cell(1,2): 一致率0.0 % Cell(2,2): 一致率0.0 % Cell(3,2): 一致率0.0 % Cell(4,2): 一致率0.0 % Cell(5,2): 一致率0.0 % Cell(0,3): 一致率0.0 % Cell(1,3): 一致率0.0 % Cell(2,3): 一致率0.0 % Cell(3,3): 一致率0.0 % Cell(4,3): 一致率0.0 % Cell(5,3): 一致率0.0 % Cell(0,4): 一致率0.0 % Cell(1,4): 一致率0.0 % Cell(2,4): 一致率0.0 % Cell(3,4): 一致率0.0 % Cell(4,4): 一致率0.0 % Cell(5,4): 一致率0.0 % Cell(0,5): 一致率0.0 % Cell(1,5): 一致率0.0 % Cell(2,5): 一致率0.0 % Cell(3,5): 一致率0.0 % Cell(4,5): 一致率0.0 % Cell(5,5): 一致率0.0 % Cell(0,6): 一致率0.0 % Cell(1,6): 一致率0.0 % Cell(2,6): 一致率0.0 % Cell(3,6): 一致率0.0 % Cell(4,6): 一致率0.0 % Cell(5,6): 一致率0.0 % Cell(0,7): 一致率0.0 % Cell(1,7): 一致率0.0 % Cell(2,7): 一致率0.0 % Cell(3,7): 一致率0.0 % Cell(4,7): 一致率0.0 % Cell(5,7): 一致率0.0 % "
Stage481,Triangle,20,20,あり,なし,0.0 %,"Cell(0,0): 一致率0.0 % Cell(1,0): 一致率0.0 % Cell(2,0): 一致率0.1 % Cell(3,0): 一致率0.0 % Cell(0,1): 一致率0.1 % Cell(1,1): 一致率0.0 % Cell(2,1): 一致率0.2 % Cell(3,1): 一致率0.0 % Cell(0,2): 一致率0.0 % Cell(1,2): 一致率0.0 % Cell(2,2): 一致率0.0 % Cell(3,2): 一致率0.0 % Cell(0,3): 一致率0.9 % Cell(1,3): 一致率2.1 % Cell(2,3): 一致率2.8 % Cell(3,3): 一致率0.0 % Cell(0,4): 一致率0.4 % Cell(1,4): 一致率1.7 % Cell(2,4): 一致率3.2 % Cell(3,4): 一致率0.0 % "
Stage482,Triangle,36,36,あり,なし,0.0 %,"Cell(0,0): 一致率1.8 % Cell(1,0): 一致率1.9 % Cell(2,0): 一致率2.1 % Cell(3,0): 一致率1.2 % Cell(4,0): 一致率1.7 % Cell(5,0): 一致率0.0 % Cell(0,1): 一致率0.2 % Cell(1,1): 一致率0.8 % Cell(2,1): 一致率0.9 % Cell(3,1): 一致率1.7 % Cell(4,1): 一致率1.3 % Cell(5,1): 一致率0.0 % Cell(0,2): 一致率0.6 % Cell(1,2): 一致率2.8 % Cell(2,2): 一致率2.6 % Cell(3,2): 一致率0.9 % Cell(4,2): 一致率0.3 % Cell(5,2): 一致率0.0 % Cell(0,3): 一致率0.2 % Cell(1,3): 一致率0.2 % Cell(2,3): 一致率0.7 % Cell(3,3): 一致率0.0 % Cell(4,3): 一致率0.1 % Cell(5,3): 一致率0.0 % Cell(0,4): 一致率0.2 % Cell(1,4): 一致率0.1 % Cell(2,4): 一致率0.0 % Cell(3,4): 一致率0.1 % Cell(4,4): 一致率0.1 % Cell(5,4): 一致率0.0 % Cell(0,5): 一致率0.0 % Cell(1,5): 一致率1.6 % Cell(2,5): 一致率0.1 % Cell(3,5): 一致率0.0 % Cell(4,5): 一致率0.1 % Cell(5,5): 一致率0.0 % "
Stage483,Triangle,49,49,あり,なし,0.0 %,"Cell(0,0): 一致率1.5 % Cell(1,0): 一致率0.3 % Cell(2,0): 一致率2.3 % Cell(3,0): 一致率0.9 % Cell(4,0): 一致率1.9 % Cell(5,0): 一致率0.0 % Cell(6,0): 一致率0.0 % Cell(0,1): 一致率2.7 % Cell(1,1): 一致率1.8 % Cell(2,1): 一致率1.5 % Cell(3,1): 一致率1.6 % Cell(4,1): 一致率2.7 % Cell(5,1): 一致率0.0 % Cell(6,1): 一致率0.0 % Cell(0,2): 一致率0.0 % Cell(1,2): 一致率0.5 % Cell(2,2): 一致率0.0 % Cell(3,2): 一致率0.0 % Cell(4,2): 一致率0.6 % Cell(5,2): 一致率0.0 % Cell(6,2): 一致率0.0 % Cell(0,3): 一致率0.0 % Cell(1,3): 一致率0.5 % Cell(2,3): 一致率2.0 % Cell(3,3): 一致率0.1 % Cell(4,3): 一致率0.0 % Cell(5,3): 一致率0.0 % Cell(6,3): 一致率0.0 % Cell(0,4): 一致率0.3 % Cell(1,4): 一致率0.1 % Cell(2,4): 一致率0.1 % Cell(3,4): 一致率0.0 % Cell(4,4): 一致率0.1 % Cell(5,4): 一致率0.0 % Cell(6,4): 一致率0.0 % Cell(0,5): 一致率0.5 % Cell(1,5): 一致率0.8 % Cell(2,5): 一致率0.5 % Cell(3,5): 一致率0.7 % Cell(4,5): 一致率0.8 % Cell(5,5): 一致率0.0 % Cell(6,5): 一致率0.0 % Cell(0,6): 一致率1.1 % Cell(1,6): 一致率0.7 % Cell(2,6): 一致率1.5 % Cell(3,6): 一致率0.3 % Cell(4,6): 一致率1.4 % Cell(5,6): 一致率0.0 % Cell(6,6): 一致率0.0 % "
Stage484,Hex,20,20,あり,なし,0.0 %,"Cell(0,0): 一致率0.0 % Cell(1,0): 一致率0.0 % Cell(2,0): 一致率0.0 % Cell(3,0): 一致率0.0 % Cell(0,1): 一致率0.0 % Cell(1,1): 一致率0.0 % Cell(2,1): 一致率0.0 % Cell(3,1): 一致率0.0 % Cell(0,2): 一致率0.0 % Cell(1,2): 一致率0.0 % Cell(2,2): 一致率0.0 % Cell(3,2): 一致率0.0 % Cell(0,3): 一致率0.0 % Cell(1,3): 一致率0.0 % Cell(2,3): 一致率0.0 % Cell(3,3): 一致率0.0 % Cell(0,4): 一致率0.0 % Cell(1,4): 一致率0.0 % Cell(2,4): 一致率0.0 % Cell(3,4): 一致率0.0 % "
Stage485,Hex,35,35,あり,なし,0.0 %,"Cell(0,0): 一致率0.0 % Cell(1,0): 一致率0.0 % Cell(2,0): 一致率0.0 % Cell(3,0): 一致率0.0 % Cell(4,0): 一致率0.0 % Cell(0,1): 一致率0.0 % Cell(1,1): 一致率0.0 % Cell(2,1): 一致率0.0 % Cell(3,1): 一致率0.0 % Cell(4,1): 一致率0.0 % Cell(0,2): 一致率0.0 % Cell(1,2): 一致率0.0 % Cell(2,2): 一致率0.0 % Cell(3,2): 一致率0.0 % Cell(4,2): 一致率0.0 % Cell(0,3): 一致率0.0 % Cell(1,3): 一致率0.0 % Cell(2,3): 一致率0.0 % Cell(3,3): 一致率0.0 % Cell(4,3): 一致率0.0 % Cell(0,4): 一致率0.0 % Cell(1,4): 一致率0.0 % Cell(2,4): 一致率0.0 % Cell(3,4): 一致率0.0 % Cell(4,4): 一致率0.0 % Cell(0,5): 一致率0.0 % Cell(1,5): 一致率0.0 % Cell(2,5): 一致率0.0 % Cell(3,5): 一致率0.0 % Cell(4,5): 一致率0.0 % Cell(0,6): 一致率0.0 % Cell(1,6): 一致率0.0 % Cell(2,6): 一致率0.0 % Cell(3,6): 一致率0.0 % Cell(4,6): 一致率0.0 % "
Stage486,Hex,48,48,あり,なし,0.0 %,"Cell(0,0): 一致率0.0 % Cell(1,0): 一致率0.0 % Cell(2,0): 一致率0.0 % Cell(3,0): 一致率0.0 % Cell(4,0): 一致率0.0 % Cell(5,0): 一致率0.0 % Cell(0,1): 一致率0.0 % Cell(1,1): 一致率0.0 % Cell(2,1): 一致率0.0 % Cell(3,1): 一致率0.0 % Cell(4,1): 一致率0.0 % Cell(5,1): 一致率0.0 % Cell(0,2): 一致率0.0 % Cell(1,2): 一致率0.0 % Cell(2,2): 一致率0.0 % Cell(3,2): 一致率0.0 % Cell(4,2): 一致率0.0 % Cell(5,2): 一致率0.0 % Cell(0,3): 一致率0.0 % Cell(1,3): 一致率0.0 % Cell(2,3): 一致率0.0 % Cell(3,3): 一致率0.0 % Cell(4,3): 一致率0.0 % Cell(5,3): 一致率0.0 % Cell(0,4): 一致率0.0 % Cell(1,4): 一致率0.0 % Cell(2,4): 一致率0.0 % Cell(3,4): 一致率0.0 % Cell(4,4): 一致率0.0 % Cell(5,4): 一致率0.0 % Cell(0,5): 一致率0.0 % Cell(1,5): 一致率0.0 % Cell(2,5): 一致率0.0 % Cell(3,5): 一致率0.0 % Cell(4,5): 一致率0.0 % Cell(5,5): 一致率0.0 % Cell(0,6): 一致率0.0 % Cell(1,6): 一致率0.0 % Cell(2,6): 一致率0.0 % Cell(3,6): 一致率0.0 % Cell(4,6): 一致率0.0 % Cell(5,6): 一致率0.0 % Cell(0,7): 一致率0.0 % Cell(1,7): 一致率0.0 % Cell(2,7): 一致率0.0 % Cell(3,7): 一致率0.0 % Cell(4,7): 一致率0.0 % Cell(5,7): 一致率0.0 % "
Stage487,Square,20,20,あり,なし,0.0 %,"Cell(0,0): 一致率0.0 % Cell(1,0): 一致率0.0 % Cell(2,0): 一致率0.0 % Cell(3,0): 一致率0.0 % Cell(0,1): 一致率0.0 % Cell(1,1): 一致率0.0 % Cell(2,1): 一致率0.0 % Cell(3,1): 一致率0.0 % Cell(0,2): 一致率0.0 % Cell(1,2): 一致率0.0 % Cell(2,2): 一致率0.0 % Cell(3,2): 一致率0.0 % Cell(0,3): 一致率0.0 % Cell(1,3): 一致率0.0 % Cell(2,3): 一致率0.0 % Cell(3,3): 一致率0.0 % Cell(0,4): 一致率0.0 % Cell(1,4): 一致率0.0 % Cell(2,4): 一致率0.0 % Cell(3,4): 一致率0.0 % "
Stage488,Square,35,35,あり,なし,0.0 %,"Cell(0,0): 一致率0.0 % Cell(1,0): 一致率0.0 % Cell(2,0): 一致率0.0 % Cell(3,0): 一致率0.0 % Cell(4,0): 一致率0.0 % Cell(0,1): 一致率0.0 % Cell(1,1): 一致率0.0 % Cell(2,1): 一致率0.0 % Cell(3,1): 一致率0.0 % Cell(4,1): 一致率0.0 % Cell(0,2): 一致率0.0 % Cell(1,2): 一致率0.0 % Cell(2,2): 一致率0.0 % Cell(3,2): 一致率0.0 % Cell(4,2): 一致率0.0 % Cell(0,3): 一致率0.0 % Cell(1,3): 一致率0.0 % Cell(2,3): 一致率0.0 % Cell(3,3): 一致率0.0 % Cell(4,3): 一致率0.0 % Cell(0,4): 一致率0.0 % Cell(1,4): 一致率0.0 % Cell(2,4): 一致率0.0 % Cell(3,4): 一致率0.0 % Cell(4,4): 一致率0.0 % Cell(0,5): 一致率0.0 % Cell(1,5): 一致率0.0 % Cell(2,5): 一致率0.0 % Cell(3,5): 一致率0.0 % Cell(4,5): 一致率0.0 % Cell(0,6): 一致率0.0 % Cell(1,6): 一致率0.0 % Cell(2,6): 一致率0.0 % Cell(3,6): 一致率0.0 % Cell(4,6): 一致率0.0 % "
Stage489,Square,56,56,あり,なし,0.0 %,"Cell(0,0): 一致率0.0 % Cell(1,0): 一致率0.0 % Cell(2,0): 一致率0.0 % Cell(3,0): 一致率0.0 % Cell(4,0): 一致率0.0 % Cell(5,0): 一致率0.0 % Cell(6,0): 一致率0.0 % Cell(0,1): 一致率0.0 % Cell(1,1): 一致率0.0 % Cell(2,1): 一致率0.0 % Cell(3,1): 一致率0.0 % Cell(4,1): 一致率0.0 % Cell(5,1): 一致率0.0 % Cell(6,1): 一致率0.0 % Cell(0,2): 一致率0.0 % Cell(1,2): 一致率0.0 % Cell(2,2): 一致率0.0 % Cell(3,2): 一致率0.0 % Cell(4,2): 一致率0.0 % Cell(5,2): 一致率0.0 % Cell(6,2): 一致率0.0 % Cell(0,3): 一致率0.0 % Cell(1,3): 一致率0.0 % Cell(2,3): 一致率0.0 % Cell(3,3): 一致率0.0 % Cell(4,3): 一致率0.0 % Cell(5,3): 一致率0.0 % Cell(6,3): 一致率0.0 % Cell(0,4): 一致率0.0 % Cell(1,4): 一致率0.0 % Cell(2,4): 一致率0.0 % Cell(3,4): 一致率0.0 % Cell(4,4): 一致率0.0 % Cell(5,4): 一致率0.0 % Cell(6,4): 一致率0.0 % Cell(0,5): 一致率0.0 % Cell(1,5): 一致率0.0 % Cell(2,5): 一致率0.0 % Cell(3,5): 一致率0.0 % Cell(4,5): 一致率0.0 % Cell(5,5): 一致率0.0 % Cell(6,5): 一致率0.0 % Cell(0,6): 一致率0.0 % Cell(1,6): 一致率0.0 % Cell(2,6): 一致率0.0 % Cell(3,6): 一致率0.0 % Cell(4,6): 一致率0.0 % Cell(5,6): 一致率0.0 % Cell(6,6): 一致率0.0 % Cell(0,7): 一致率0.0 % Cell(1,7): 一致率0.0 % Cell(2,7): 一致率0.0 % Cell(3,7): 一致率0.0 % Cell(4,7): 一致率0.0 % Cell(5,7): 一致率0.0 % Cell(6,7): 一致率0.0 % "
Stage490,Triangle,36,36,あり,なし,0.0 %,"Cell(0,0): 一致率0.8 % Cell(1,0): 一致率0.3 % Cell(2,0): 一致率3.0 % Cell(3,0): 一致率3.4 % Cell(4,0): 一致率9.9 % Cell(5,0): 一致率0.0 % Cell(0,1): 一致率2.0 % Cell(1,1): 一致率12.2 % Cell(2,1): 一致率8.7 % Cell(3,1): 一致率17.4 % Cell(4,1): 一致率5.8 % Cell(5,1): 一致率0.0 % Cell(0,2): 一致率0.0 % Cell(1,2): 一致率2.5 % Cell(2,2): 一致率0.5 % Cell(3,2): 一致率5.2 % Cell(4,2): 一致率0.2 % Cell(5,2): 一致率0.0 % Cell(0,3): 一致率0.0 % Cell(1,3): 一致率6.3 % Cell(2,3): 一致率0.9 % Cell(3,3): 一致率0.0 % Cell(4,3): 一致率0.1 % Cell(5,3): 一致率0.0 % Cell(0,4): 一致率0.0 % Cell(1,4): 一致率1.5 % Cell(2,4): 一致率0.0 % Cell(3,4): 一致率0.0 % Cell(4,4): 一致率0.0 % Cell(5,4): 一致率0.0 % Cell(0,5): 一致率0.0 % Cell(1,5): 一致率0.0 % Cell(2,5): 一致率0.0 % Cell(3,5): 一致率0.0 % Cell(4,5): 一致率0.0 % Cell(5,5): 一致率0.0 % "
Stage491,Triangle,36,36,あり,なし,0.0 %,"Cell(0,0): 一致率0.2 % Cell(1,0): 一致率0.0 % Cell(2,0): 一致率0.3 % Cell(3,0): 一致率0.1 % Cell(4,0): 一致率0.0 % Cell(5,0): 一致率0.0 % Cell(0,1): 一致率0.2 % Cell(1,1): 一致率0.1 % Cell(2,1): 一致率0.0 % Cell(3,1): 一致率0.0 % Cell(4,1): 一致率0.0 % Cell(5,1): 一致率0.0 % Cell(0,2): 一致率1.2 % Cell(1,2): 一致率0.2 % Cell(2,2): 一致率0.9 % Cell(3,2): 一致率0.3 % Cell(4,2): 一致率0.0 % Cell(5,2): 一致率0.0 % Cell(0,3): 一致率0.5 % Cell(1,3): 一致率0.2 % Cell(2,3): 一致率0.4 % Cell(3,3): 一致率0.2 % Cell(4,3): 一致率0.2 % Cell(5,3): 一致率0.0 % Cell(0,4): 一致率0.8 % Cell(1,4): 一致率0.3 % Cell(2,4): 一致率0.0 % Cell(3,4): 一致率0.7 % Cell(4,4): 一致率0.1 % Cell(5,4): 一致率0.0 % Cell(0,5): 一致率0.2 % Cell(1,5): 一致率0.3 % Cell(2,5): 一致率0.0 % Cell(3,5): 一致率0.7 % Cell(4,5): 一致率0.4 % Cell(5,5): 一致率0.0 % "
Stage492,Triangle,56,56,あり,なし,0.0 %,"Cell(0,0): 一致率0.0 % Cell(1,0): 一致率0.0 % Cell(2,0): 一致率0.0 % Cell(3,0): 一致率0.0 % Cell(4,0): 一致率0.0 % Cell(5,0): 一致率0.0 % Cell(6,0): 一致率0.0 % Cell(7,0): 一致率0.0 % Cell(0,1): 一致率0.0 % Cell(1,1): 一致率0.0 % Cell(2,1): 一致率0.0 % Cell(3,1): 一致率0.0 % Cell(4,1): 一致率0.0 % Cell(5,1): 一致率0.0 % Cell(6,1): 一致率0.0 % Cell(7,1): 一致率0.0 % Cell(0,2): 一致率0.0 % Cell(1,2): 一致率0.0 % Cell(2,2): 一致率0.0 % Cell(3,2): 一致率0.0 % Cell(4,2): 一致率0.0 % Cell(5,2): 一致率0.0 % Cell(6,2): 一致率0.0 % Cell(7,2): 一致率0.0 % Cell(0,3): 一致率0.0 % Cell(1,3): 一致率0.0 % Cell(2,3): 一致率0.0 % Cell(3,3): 一致率0.0 % Cell(4,3): 一致率0.0 % Cell(5,3): 一致率0.0 % Cell(6,3): 一致率0.0 % Cell(7,3): 一致率0.0 % Cell(0,4): 一致率0.0 % Cell(1,4): 一致率0.0 % Cell(2,4): 一致率0.0 % Cell(3,4): 一致率0.0 % Cell(4,4): 一致率0.0 % Cell(5,4): 一致率0.0 % Cell(6,4): 一致率0.0 % Cell(7,4): 一致率0.0 % Cell(0,5): 一致率0.0 % Cell(1,5): 一致率0.0 % Cell(2,5): 一致率0.0 % Cell(3,5): 一致率0.0 % Cell(4,5): 一致率0.0 % Cell(5,5): 一致率0.0 % Cell(6,5): 一致率0.0 % Cell(7,5): 一致率0.0 % Cell(0,6): 一致率0.0 % Cell(1,6): 一致率0.0 % Cell(2,6): 一致率0.0 % Cell(3,6): 一致率0.0 % Cell(4,6): 一致率0.0 % Cell(5,6): 一致率0.0 % Cell(6,6): 一致率0.0 % Cell(7,6): 一致率0.0 % "
Stage493,Hex,20,20,あり,なし,0.0 %,"Cell(0,0): 一致率0.0 % Cell(1,0): 一致率0.0 % Cell(2,0): 一致率0.0 % Cell(3,0): 一致率0.0 % Cell(0,1): 一致率0.0 % Cell(1,1): 一致率0.0 % Cell(2,1): 一致率0.0 % Cell(3,1): 一致率0.0 % Cell(0,2): 一致率0.0 % Cell(1,2): 一致率0.0 % Cell(2,2): 一致率0.0 % Cell(3,2): 一致率0.0 % Cell(0,3): 一致率0.0 % Cell(1,3): 一致率0.0 % Cell(2,3): 一致率0.0 % Cell(3,3): 一致率0.0 % Cell(0,4): 一致率0.0 % Cell(1,4): 一致率0.0 % Cell(2,4): 一致率0.0 % Cell(3,4): 一致率0.0 % "
Stage494,Hex,35,35,あり,なし,0.0 %,"Cell(0,0): 一致率0.0 % Cell(1,0): 一致率0.0 % Cell(2,0): 一致率0.0 % Cell(3,0): 一致率0.0 % Cell(4,0): 一致率0.0 % Cell(0,1): 一致率0.0 % Cell(1,1): 一致率0.0 % Cell(2,1): 一致率0.0 % Cell(3,1): 一致率0.0 % Cell(4,1): 一致率0.0 % Cell(0,2): 一致率0.0 % Cell(1,2): 一致率0.0 % Cell(2,2): 一致率0.0 % Cell(3,2): 一致率0.0 % Cell(4,2): 一致率0.0 % Cell(0,3): 一致率0.0 % Cell(1,3): 一致率0.0 % Cell(2,3): 一致率0.0 % Cell(3,3): 一致率0.0 % Cell(4,3): 一致率0.0 % Cell(0,4): 一致率0.0 % Cell(1,4): 一致率0.0 % Cell(2,4): 一致率0.0 % Cell(3,4): 一致率0.0 % Cell(4,4): 一致率0.0 % Cell(0,5): 一致率0.0 % Cell(1,5): 一致率0.0 % Cell(2,5): 一致率0.0 % Cell(3,5): 一致率0.0 % Cell(4,5): 一致率0.0 % Cell(0,6): 一致率0.0 % Cell(1,6): 一致率0.0 % Cell(2,6): 一致率0.0 % Cell(3,6): 一致率0.0 % Cell(4,6): 一致率0.0 % "
Stage495,Hex,48,48,あり,なし,0.0 %,"Cell(0,0): 一致率0.0 % Cell(1,0): 一致率0.0 % Cell(2,0): 一致率0.0 % Cell(3,0): 一致率0.0 % Cell(4,0): 一致率0.0 % Cell(5,0): 一致率0.0 % Cell(0,1): 一致率0.0 % Cell(1,1): 一致率0.0 % Cell(2,1): 一致率0.0 % Cell(3,1): 一致率0.0 % Cell(4,1): 一致率0.0 % Cell(5,1): 一致率0.0 % Cell(0,2): 一致率0.0 % Cell(1,2): 一致率0.0 % Cell(2,2): 一致率0.0 % Cell(3,2): 一致率0.0 % Cell(4,2): 一致率0.0 % Cell(5,2): 一致率0.0 % Cell(0,3): 一致率0.0 % Cell(1,3): 一致率0.0 % Cell(2,3): 一致率0.0 % Cell(3,3): 一致率0.0 % Cell(4,3): 一致率0.0 % Cell(5,3): 一致率0.0 % Cell(0,4): 一致率0.0 % Cell(1,4): 一致率0.0 % Cell(2,4): 一致率0.0 % Cell(3,4): 一致率0.0 % Cell(4,4): 一致率0.0 % Cell(5,4): 一致率0.0 % Cell(0,5): 一致率0.0 % Cell(1,5): 一致率0.0 % Cell(2,5): 一致率0.0 % Cell(3,5): 一致率0.0 % Cell(4,5): 一致率0.0 % Cell(5,5): 一致率0.0 % Cell(0,6): 一致率0.0 % Cell(1,6): 一致率0.0 % Cell(2,6): 一致率0.0 % Cell(3,6): 一致率0.0 % Cell(4,6): 一致率0.0 % Cell(5,6): 一致率0.0 % Cell(0,7): 一致率0.0 % Cell(1,7): 一致率0.0 % Cell(2,7): 一致率0.0 % Cell(3,7): 一致率0.0 % Cell(4,7): 一致率0.0 % Cell(5,7): 一致率0.0 % "
Stage496,Square,20,20,あり,なし,0.0 %,"Cell(0,0): 一致率0.0 % Cell(1,0): 一致率0.0 % Cell(2,0): 一致率0.0 % Cell(3,0): 一致率0.0 % Cell(0,1): 一致率0.0 % Cell(1,1): 一致率0.0 % Cell(2,1): 一致率0.0 % Cell(3,1): 一致率0.0 % Cell(0,2): 一致率0.0 % Cell(1,2): 一致率0.0 % Cell(2,2): 一致率0.0 % Cell(3,2): 一致率0.0 % Cell(0,3): 一致率0.0 % Cell(1,3): 一致率0.0 % Cell(2,3): 一致率0.0 % Cell(3,3): 一致率0.0 % Cell(0,4): 一致率0.0 % Cell(1,4): 一致率0.0 % Cell(2,4): 一致率0.0 % Cell(3,4): 一致率0.0 % "
Stage497,Square,35,35,あり,なし,0.0 %,"Cell(0,0): 一致率0.0 % Cell(1,0): 一致率0.0 % Cell(2,0): 一致率0.0 % Cell(3,0): 一致率0.0 % Cell(4,0): 一致率0.0 % Cell(0,1): 一致率0.0 % Cell(1,1): 一致率0.0 % Cell(2,1): 一致率0.0 % Cell(3,1): 一致率0.0 % Cell(4,1): 一致率0.0 % Cell(0,2): 一致率0.0 % Cell(1,2): 一致率0.0 % Cell(2,2): 一致率0.0 % Cell(3,2): 一致率0.0 % Cell(4,2): 一致率0.0 % Cell(0,3): 一致率0.0 % Cell(1,3): 一致率0.0 % Cell(2,3): 一致率0.0 % Cell(3,3): 一致率0.0 % Cell(4,3): 一致率0.0 % Cell(0,4): 一致率0.0 % Cell(1,4): 一致率0.0 % Cell(2,4): 一致率0.0 % Cell(3,4): 一致率0.0 % Cell(4,4): 一致率0.0 % Cell(0,5): 一致率0.0 % Cell(1,5): 一致率0.0 % Cell(2,5): 一致率0.0 % Cell(3,5): 一致率0.0 % Cell(4,5): 一致率0.0 % Cell(0,6): 一致率0.0 % Cell(1,6): 一致率0.0 % Cell(2,6): 一致率0.0 % Cell(3,6): 一致率0.0 % Cell(4,6): 一致率0.0 % "
Stage498,Square,48,0,なし,なし,100.0 %,"Texture取得失敗/読取不可: 48セル "
Stage499,Triangle,20,20,あり,なし,0.0 %,"Cell(0,0): 一致率0.2 % Cell(1,0): 一致率3.4 % Cell(2,0): 一致率0.0 % Cell(3,0): 一致率0.0 % Cell(0,1): 一致率0.0 % Cell(1,1): 一致率0.0 % Cell(2,1): 一致率0.0 % Cell(3,1): 一致率0.0 % Cell(0,2): 一致率2.0 % Cell(1,2): 一致率0.0 % Cell(2,2): 一致率0.0 % Cell(3,2): 一致率0.0 % Cell(0,3): 一致率3.4 % Cell(1,3): 一致率0.0 % Cell(2,3): 一致率0.0 % Cell(3,3): 一致率0.0 % Cell(0,4): 一致率5.3 % Cell(1,4): 一致率0.0 % Cell(2,4): 一致率0.2 % Cell(3,4): 一致率0.0 % "
Stage500,Triangle,36,0,なし,なし,100.0 %,"Texture取得失敗/読取不可: 36セル "
Stage501,Triangle,49,49,あり,なし,0.0 %,"Cell(0,0): 一致率3.3 % Cell(1,0): 一致率2.1 % Cell(2,0): 一致率2.0 % Cell(3,0): 一致率2.0 % Cell(4,0): 一致率2.9 % Cell(5,0): 一致率0.0 % Cell(6,0): 一致率0.0 % Cell(0,1): 一致率0.9 % Cell(1,1): 一致率0.4 % Cell(2,1): 一致率1.8 % Cell(3,1): 一致率0.3 % Cell(4,1): 一致率3.5 % Cell(5,1): 一致率0.0 % Cell(6,1): 一致率0.0 % Cell(0,2): 一致率0.0 % Cell(1,2): 一致率0.1 % Cell(2,2): 一致率0.1 % Cell(3,2): 一致率0.3 % Cell(4,2): 一致率0.4 % Cell(5,2): 一致率0.0 % Cell(6,2): 一致率0.0 % Cell(0,3): 一致率0.0 % Cell(1,3): 一致率0.1 % Cell(2,3): 一致率0.1 % Cell(3,3): 一致率0.2 % Cell(4,3): 一致率0.7 % Cell(5,3): 一致率0.0 % Cell(6,3): 一致率0.0 % Cell(0,4): 一致率0.1 % Cell(1,4): 一致率0.3 % Cell(2,4): 一致率3.4 % Cell(3,4): 一致率0.0 % Cell(4,4): 一致率1.6 % Cell(5,4): 一致率0.0 % Cell(6,4): 一致率0.0 % Cell(0,5): 一致率2.1 % Cell(1,5): 一致率1.6 % Cell(2,5): 一致率1.2 % Cell(3,5): 一致率1.2 % Cell(4,5): 一致率0.2 % Cell(5,5): 一致率0.0 % Cell(6,5): 一致率0.0 % Cell(0,6): 一致率46.1 % Cell(1,6): 一致率40.7 % Cell(2,6): 一致率37.3 % Cell(3,6): 一致率10.1 % Cell(4,6): 一致率25.2 % Cell(5,6): 一致率0.0 % Cell(6,6): 一致率0.0 % "
Stage502,Hex,20,20,あり,なし,0.0 %,"Cell(0,0): 一致率0.0 % Cell(1,0): 一致率0.0 % Cell(2,0): 一致率0.0 % Cell(3,0): 一致率0.0 % Cell(0,1): 一致率0.0 % Cell(1,1): 一致率0.0 % Cell(2,1): 一致率0.0 % Cell(3,1): 一致率0.0 % Cell(0,2): 一致率0.0 % Cell(1,2): 一致率0.0 % Cell(2,2): 一致率0.0 % Cell(3,2): 一致率0.0 % Cell(0,3): 一致率0.0 % Cell(1,3): 一致率0.0 % Cell(2,3): 一致率0.0 % Cell(3,3): 一致率0.0 % Cell(0,4): 一致率0.0 % Cell(1,4): 一致率0.0 % Cell(2,4): 一致率0.0 % Cell(3,4): 一致率0.0 % "
Stage503,Hex,35,35,あり,なし,0.0 %,"Cell(0,0): 一致率0.0 % Cell(1,0): 一致率0.0 % Cell(2,0): 一致率0.0 % Cell(3,0): 一致率0.0 % Cell(4,0): 一致率0.0 % Cell(0,1): 一致率0.0 % Cell(1,1): 一致率0.0 % Cell(2,1): 一致率0.0 % Cell(3,1): 一致率0.0 % Cell(4,1): 一致率0.0 % Cell(0,2): 一致率0.0 % Cell(1,2): 一致率0.0 % Cell(2,2): 一致率0.0 % Cell(3,2): 一致率0.0 % Cell(4,2): 一致率0.0 % Cell(0,3): 一致率0.0 % Cell(1,3): 一致率0.0 % Cell(2,3): 一致率0.0 % Cell(3,3): 一致率0.0 % Cell(4,3): 一致率0.0 % Cell(0,4): 一致率0.0 % Cell(1,4): 一致率0.0 % Cell(2,4): 一致率0.0 % Cell(3,4): 一致率0.0 % Cell(4,4): 一致率0.0 % Cell(0,5): 一致率0.0 % Cell(1,5): 一致率0.0 % Cell(2,5): 一致率0.0 % Cell(3,5): 一致率0.0 % Cell(4,5): 一致率0.0 % Cell(0,6): 一致率0.0 % Cell(1,6): 一致率0.0 % Cell(2,6): 一致率0.0 % Cell(3,6): 一致率0.0 % Cell(4,6): 一致率0.0 % "
Stage504,Hex,56,56,あり,なし,0.0 %,"Cell(0,0): 一致率0.0 % Cell(1,0): 一致率0.0 % Cell(2,0): 一致率0.0 % Cell(3,0): 一致率0.0 % Cell(4,0): 一致率0.0 % Cell(5,0): 一致率0.0 % Cell(6,0): 一致率0.0 % Cell(0,1): 一致率0.0 % Cell(1,1): 一致率0.0 % Cell(2,1): 一致率0.0 % Cell(3,1): 一致率0.0 % Cell(4,1): 一致率0.0 % Cell(5,1): 一致率0.0 % Cell(6,1): 一致率0.0 % Cell(0,2): 一致率0.0 % Cell(1,2): 一致率0.0 % Cell(2,2): 一致率0.0 % Cell(3,2): 一致率0.0 % Cell(4,2): 一致率0.0 % Cell(5,2): 一致率0.0 % Cell(6,2): 一致率0.0 % Cell(0,3): 一致率0.0 % Cell(1,3): 一致率0.0 % Cell(2,3): 一致率0.0 % Cell(3,3): 一致率0.0 % Cell(4,3): 一致率0.0 % Cell(5,3): 一致率0.0 % Cell(6,3): 一致率0.0 % Cell(0,4): 一致率0.0 % Cell(1,4): 一致率0.0 % Cell(2,4): 一致率0.0 % Cell(3,4): 一致率0.0 % Cell(4,4): 一致率0.0 % Cell(5,4): 一致率0.0 % Cell(6,4): 一致率0.0 % Cell(0,5): 一致率0.0 % Cell(1,5): 一致率0.0 % Cell(2,5): 一致率0.0 % Cell(3,5): 一致率0.0 % Cell(4,5): 一致率0.0 % Cell(5,5): 一致率0.0 % Cell(6,5): 一致率0.0 % Cell(0,6): 一致率0.0 % Cell(1,6): 一致率0.0 % Cell(2,6): 一致率0.0 % Cell(3,6): 一致率0.0 % Cell(4,6): 一致率0.0 % Cell(5,6): 一致率0.0 % Cell(6,6): 一致率0.0 % Cell(0,7): 一致率0.0 % Cell(1,7): 一致率0.0 % Cell(2,7): 一致率0.0 % Cell(3,7): 一致率0.0 % Cell(4,7): 一致率0.0 % Cell(5,7): 一致率0.0 % Cell(6,7): 一致率0.0 % "
Unknown,Square,12,0,なし,あり,100.0 %,"元画像が見つかりません。 "
Unknown,Hex,9,0,なし,あり,100.0 %,"元画像が見つかりません。 "
Unknown,Square,9,0,なし,あり,100.0 %,"元画像が見つかりません。 "
Unknown,Triangle,9,0,なし,あり,100.0 %,"元画像が見つかりません。 "
Unknown,Triangle,9,0,なし,あり,100.0 %,"元画像が見つかりません。 "
Unknown,Square,64,0,なし,あり,100.0 %,"元画像が見つかりません。 "
Unknown,Hex,9,0,なし,あり,100.0 %,"元画像が見つかりません。 "
Unknown,Hex,9,0,なし,あり,100.0 %,"元画像が見つかりません。 "
Unknown,Square,9,0,なし,あり,100.0 %,"元画像が見つかりません。 "
